[2025-02-11T15:17:19.420Z] ERROR: Error al verificar el token: jwt expired
[2025-02-11T15:33:21.180Z] INFO: Usuario encontrado: mceballos
[2025-02-11T15:33:21.232Z] INFO: Token generado para usuario: mceballos
[2025-02-11T15:33:21.313Z] INFO: Información del usuario adjuntada a la solicitud: {"id":"670fcd293f9c5f4310b80da5","role":"admin","email":"maria.ceballos@davinci.edu.ar","username":"mceballos"}
[2025-02-11T15:33:21.425Z] INFO: Información del usuario adjuntada a la solicitud: {"id":"670fcd293f9c5f4310b80da5","role":"admin","email":"maria.ceballos@davinci.edu.ar","username":"mceballos"}
[2025-02-11T15:33:23.324Z] INFO: Información del usuario adjuntada a la solicitud: {"id":"670fcd293f9c5f4310b80da5","role":"admin","email":"maria.ceballos@davinci.edu.ar","username":"mceballos"}
[2025-02-11T15:33:23.517Z] INFO: Información del usuario adjuntada a la solicitud: {"id":"670fcd293f9c5f4310b80da5","role":"admin","email":"maria.ceballos@davinci.edu.ar","username":"mceballos"}
[2025-02-11T15:33:23.596Z] INFO: Información del usuario adjuntada a la solicitud: {"id":"670fcd293f9c5f4310b80da5","role":"admin","email":"maria.ceballos@davinci.edu.ar","username":"mceballos"}
[2025-02-11T15:33:23.843Z] INFO: Información del usuario adjuntada a la solicitud: {"id":"670fcd293f9c5f4310b80da5","role":"admin","email":"maria.ceballos@davinci.edu.ar","username":"mceballos"}
[2025-02-11T15:33:23.922Z] INFO: Información del usuario adjuntada a la solicitud: {"id":"670fcd293f9c5f4310b80da5","role":"admin","email":"maria.ceballos@davinci.edu.ar","username":"mceballos"}
[2025-02-11T15:33:24.105Z] INFO: Información del usuario adjuntada a la solicitud: {"id":"670fcd293f9c5f4310b80da5","role":"admin","email":"maria.ceballos@davinci.edu.ar","username":"mceballos"}
[2025-02-11T15:33:24.165Z] INFO: Información del usuario adjuntada a la solicitud: {"id":"670fcd293f9c5f4310b80da5","role":"admin","email":"maria.ceballos@davinci.edu.ar","username":"mceballos"}
[2025-02-11T15:33:24.371Z] INFO: Información del usuario adjuntada a la solicitud: {"id":"670fcd293f9c5f4310b80da5","role":"admin","email":"maria.ceballos@davinci.edu.ar","username":"mceballos"}
[2025-02-11T15:33:24.570Z] INFO: Información del usuario adjuntada a la solicitud: {"id":"670fcd293f9c5f4310b80da5","role":"admin","email":"maria.ceballos@davinci.edu.ar","username":"mceballos"}
[2025-02-11T15:33:24.779Z] INFO: Información del usuario adjuntada a la solicitud: {"id":"670fcd293f9c5f4310b80da5","role":"admin","email":"maria.ceballos@davinci.edu.ar","username":"mceballos"}
[2025-02-11T15:33:25.086Z] INFO: Información del usuario adjuntada a la solicitud: {"id":"670fcd293f9c5f4310b80da5","role":"admin","email":"maria.ceballos@davinci.edu.ar","username":"mceballos"}
[2025-02-11T15:33:25.267Z] INFO: Información del usuario adjuntada a la solicitud: {"id":"670fcd293f9c5f4310b80da5","role":"admin","email":"maria.ceballos@davinci.edu.ar","username":"mceballos"}
[2025-02-11T15:33:25.434Z] INFO: Información del usuario adjuntada a la solicitud: {"id":"670fcd293f9c5f4310b80da5","role":"admin","email":"maria.ceballos@davinci.edu.ar","username":"mceballos"}
[2025-02-11T15:33:25.618Z] INFO: Información del usuario adjuntada a la solicitud: {"id":"670fcd293f9c5f4310b80da5","role":"admin","email":"maria.ceballos@davinci.edu.ar","username":"mceballos"}
[2025-02-11T15:33:25.789Z] INFO: Información del usuario adjuntada a la solicitud: {"id":"670fcd293f9c5f4310b80da5","role":"admin","email":"maria.ceballos@davinci.edu.ar","username":"mceballos"}
[2025-02-11T15:33:25.978Z] INFO: Información del usuario adjuntada a la solicitud: {"id":"670fcd293f9c5f4310b80da5","role":"admin","email":"maria.ceballos@davinci.edu.ar","username":"mceballos"}
[2025-02-11T15:33:26.145Z] INFO: Información del usuario adjuntada a la solicitud: {"id":"670fcd293f9c5f4310b80da5","role":"admin","email":"maria.ceballos@davinci.edu.ar","username":"mceballos"}
[2025-02-11T15:33:26.328Z] INFO: Información del usuario adjuntada a la solicitud: {"id":"670fcd293f9c5f4310b80da5","role":"admin","email":"maria.ceballos@davinci.edu.ar","username":"mceballos"}
[2025-02-11T15:33:26.505Z] INFO: Información del usuario adjuntada a la solicitud: {"id":"670fcd293f9c5f4310b80da5","role":"admin","email":"maria.ceballos@davinci.edu.ar","username":"mceballos"}
[2025-02-11T15:33:26.677Z] INFO: Información del usuario adjuntada a la solicitud: {"id":"670fcd293f9c5f4310b80da5","role":"admin","email":"maria.ceballos@davinci.edu.ar","username":"mceballos"}
[2025-02-11T15:33:26.850Z] INFO: Información del usuario adjuntada a la solicitud: {"id":"670fcd293f9c5f4310b80da5","role":"admin","email":"maria.ceballos@davinci.edu.ar","username":"mceballos"}
[2025-02-11T15:33:27.153Z] INFO: Información del usuario adjuntada a la solicitud: {"id":"670fcd293f9c5f4310b80da5","role":"admin","email":"maria.ceballos@davinci.edu.ar","username":"mceballos"}
[2025-02-11T15:33:27.325Z] INFO: Información del usuario adjuntada a la solicitud: {"id":"670fcd293f9c5f4310b80da5","role":"admin","email":"maria.ceballos@davinci.edu.ar","username":"mceballos"}
[2025-02-11T15:33:27.525Z] INFO: Información del usuario adjuntada a la solicitud: {"id":"670fcd293f9c5f4310b80da5","role":"admin","email":"maria.ceballos@davinci.edu.ar","username":"mceballos"}
[2025-02-11T15:33:27.690Z] INFO: Información del usuario adjuntada a la solicitud: {"id":"670fcd293f9c5f4310b80da5","role":"admin","email":"maria.ceballos@davinci.edu.ar","username":"mceballos"}
[2025-02-11T15:33:27.892Z] INFO: Información del usuario adjuntada a la solicitud: {"id":"670fcd293f9c5f4310b80da5","role":"admin","email":"maria.ceballos@davinci.edu.ar","username":"mceballos"}
[2025-02-11T15:33:28.081Z] INFO: Información del usuario adjuntada a la solicitud: {"id":"670fcd293f9c5f4310b80da5","role":"admin","email":"maria.ceballos@davinci.edu.ar","username":"mceballos"}
[2025-02-11T15:33:28.295Z] INFO: Información del usuario adjuntada a la solicitud: {"id":"670fcd293f9c5f4310b80da5","role":"admin","email":"maria.ceballos@davinci.edu.ar","username":"mceballos"}
[2025-02-11T15:33:28.461Z] INFO: Información del usuario adjuntada a la solicitud: {"id":"670fcd293f9c5f4310b80da5","role":"admin","email":"maria.ceballos@davinci.edu.ar","username":"mceballos"}
[2025-02-11T15:33:28.626Z] INFO: Información del usuario adjuntada a la solicitud: {"id":"670fcd293f9c5f4310b80da5","role":"admin","email":"maria.ceballos@davinci.edu.ar","username":"mceballos"}
[2025-02-11T15:33:28.811Z] INFO: Información del usuario adjuntada a la solicitud: {"id":"670fcd293f9c5f4310b80da5","role":"admin","email":"maria.ceballos@davinci.edu.ar","username":"mceballos"}
[2025-02-11T15:33:28.976Z] INFO: Información del usuario adjuntada a la solicitud: {"id":"670fcd293f9c5f4310b80da5","role":"admin","email":"maria.ceballos@davinci.edu.ar","username":"mceballos"}
[2025-02-11T15:33:29.173Z] INFO: Información del usuario adjuntada a la solicitud: {"id":"670fcd293f9c5f4310b80da5","role":"admin","email":"maria.ceballos@davinci.edu.ar","username":"mceballos"}
[2025-02-11T15:33:29.371Z] INFO: Información del usuario adjuntada a la solicitud: {"id":"670fcd293f9c5f4310b80da5","role":"admin","email":"maria.ceballos@davinci.edu.ar","username":"mceballos"}
[2025-02-11T15:33:29.534Z] INFO: Información del usuario adjuntada a la solicitud: {"id":"670fcd293f9c5f4310b80da5","role":"admin","email":"maria.ceballos@davinci.edu.ar","username":"mceballos"}
[2025-02-11T15:33:29.696Z] INFO: Información del usuario adjuntada a la solicitud: {"id":"670fcd293f9c5f4310b80da5","role":"admin","email":"maria.ceballos@davinci.edu.ar","username":"mceballos"}
[2025-02-11T15:33:33.869Z] INFO: Información del usuario adjuntada a la solicitud: {"id":"670fcd293f9c5f4310b80da5","role":"admin","email":"maria.ceballos@davinci.edu.ar","username":"mceballos"}
[2025-02-11T15:33:34.052Z] INFO: Información del usuario adjuntada a la solicitud: {"id":"670fcd293f9c5f4310b80da5","role":"admin","email":"maria.ceballos@davinci.edu.ar","username":"mceballos"}
[2025-02-11T15:33:34.094Z] INFO: Información del usuario adjuntada a la solicitud: {"id":"670fcd293f9c5f4310b80da5","role":"admin","email":"maria.ceballos@davinci.edu.ar","username":"mceballos"}
[2025-02-11T15:33:34.283Z] INFO: Información del usuario adjuntada a la solicitud: {"id":"670fcd293f9c5f4310b80da5","role":"admin","email":"maria.ceballos@davinci.edu.ar","username":"mceballos"}
[2025-02-11T15:33:34.467Z] INFO: Información del usuario adjuntada a la solicitud: {"id":"670fcd293f9c5f4310b80da5","role":"admin","email":"maria.ceballos@davinci.edu.ar","username":"mceballos"}
[2025-02-11T15:33:34.650Z] INFO: Información del usuario adjuntada a la solicitud: {"id":"670fcd293f9c5f4310b80da5","role":"admin","email":"maria.ceballos@davinci.edu.ar","username":"mceballos"}
[2025-02-11T15:33:34.812Z] INFO: Información del usuario adjuntada a la solicitud: {"id":"670fcd293f9c5f4310b80da5","role":"admin","email":"maria.ceballos@davinci.edu.ar","username":"mceballos"}
[2025-02-11T15:33:35.015Z] INFO: Información del usuario adjuntada a la solicitud: {"id":"670fcd293f9c5f4310b80da5","role":"admin","email":"maria.ceballos@davinci.edu.ar","username":"mceballos"}
[2025-02-11T15:33:35.179Z] INFO: Información del usuario adjuntada a la solicitud: {"id":"670fcd293f9c5f4310b80da5","role":"admin","email":"maria.ceballos@davinci.edu.ar","username":"mceballos"}
[2025-02-11T15:33:35.354Z] INFO: Información del usuario adjuntada a la solicitud: {"id":"670fcd293f9c5f4310b80da5","role":"admin","email":"maria.ceballos@davinci.edu.ar","username":"mceballos"}
[2025-02-11T15:33:35.533Z] INFO: Información del usuario adjuntada a la solicitud: {"id":"670fcd293f9c5f4310b80da5","role":"admin","email":"maria.ceballos@davinci.edu.ar","username":"mceballos"}
[2025-02-11T15:33:35.721Z] INFO: Información del usuario adjuntada a la solicitud: {"id":"670fcd293f9c5f4310b80da5","role":"admin","email":"maria.ceballos@davinci.edu.ar","username":"mceballos"}
[2025-02-11T15:33:35.915Z] INFO: Información del usuario adjuntada a la solicitud: {"id":"670fcd293f9c5f4310b80da5","role":"admin","email":"maria.ceballos@davinci.edu.ar","username":"mceballos"}
[2025-02-11T15:33:36.083Z] INFO: Información del usuario adjuntada a la solicitud: {"id":"670fcd293f9c5f4310b80da5","role":"admin","email":"maria.ceballos@davinci.edu.ar","username":"mceballos"}
[2025-02-11T15:33:36.262Z] INFO: Información del usuario adjuntada a la solicitud: {"id":"670fcd293f9c5f4310b80da5","role":"admin","email":"maria.ceballos@davinci.edu.ar","username":"mceballos"}
[2025-02-11T15:33:36.439Z] INFO: Información del usuario adjuntada a la solicitud: {"id":"670fcd293f9c5f4310b80da5","role":"admin","email":"maria.ceballos@davinci.edu.ar","username":"mceballos"}
[2025-02-11T15:33:36.611Z] INFO: Información del usuario adjuntada a la solicitud: {"id":"670fcd293f9c5f4310b80da5","role":"admin","email":"maria.ceballos@davinci.edu.ar","username":"mceballos"}
[2025-02-11T15:33:36.761Z] INFO: Información del usuario adjuntada a la solicitud: {"id":"670fcd293f9c5f4310b80da5","role":"admin","email":"maria.ceballos@davinci.edu.ar","username":"mceballos"}
[2025-02-11T15:33:36.785Z] INFO: Información del usuario adjuntada a la solicitud: {"id":"670fcd293f9c5f4310b80da5","role":"admin","email":"maria.ceballos@davinci.edu.ar","username":"mceballos"}
[2025-02-11T15:33:36.964Z] INFO: Información del usuario adjuntada a la solicitud: {"id":"670fcd293f9c5f4310b80da5","role":"admin","email":"maria.ceballos@davinci.edu.ar","username":"mceballos"}
[2025-02-11T15:33:36.990Z] INFO: Información del usuario adjuntada a la solicitud: {"id":"670fcd293f9c5f4310b80da5","role":"admin","email":"maria.ceballos@davinci.edu.ar","username":"mceballos"}
[2025-02-11T15:33:37.227Z] INFO: Información del usuario adjuntada a la solicitud: {"id":"670fcd293f9c5f4310b80da5","role":"admin","email":"maria.ceballos@davinci.edu.ar","username":"mceballos"}
[2025-02-11T15:33:37.421Z] INFO: Información del usuario adjuntada a la solicitud: {"id":"670fcd293f9c5f4310b80da5","role":"admin","email":"maria.ceballos@davinci.edu.ar","username":"mceballos"}
[2025-02-11T15:33:37.579Z] INFO: Información del usuario adjuntada a la solicitud: {"id":"670fcd293f9c5f4310b80da5","role":"admin","email":"maria.ceballos@davinci.edu.ar","username":"mceballos"}
[2025-02-11T15:33:37.769Z] INFO: Información del usuario adjuntada a la solicitud: {"id":"670fcd293f9c5f4310b80da5","role":"admin","email":"maria.ceballos@davinci.edu.ar","username":"mceballos"}
[2025-02-11T15:33:37.950Z] INFO: Información del usuario adjuntada a la solicitud: {"id":"670fcd293f9c5f4310b80da5","role":"admin","email":"maria.ceballos@davinci.edu.ar","username":"mceballos"}
[2025-02-11T15:33:38.148Z] INFO: Información del usuario adjuntada a la solicitud: {"id":"670fcd293f9c5f4310b80da5","role":"admin","email":"maria.ceballos@davinci.edu.ar","username":"mceballos"}
[2025-02-11T15:33:38.324Z] INFO: Información del usuario adjuntada a la solicitud: {"id":"670fcd293f9c5f4310b80da5","role":"admin","email":"maria.ceballos@davinci.edu.ar","username":"mceballos"}
[2025-02-11T15:33:38.496Z] INFO: Información del usuario adjuntada a la solicitud: {"id":"670fcd293f9c5f4310b80da5","role":"admin","email":"maria.ceballos@davinci.edu.ar","username":"mceballos"}
[2025-02-11T15:33:38.689Z] INFO: Información del usuario adjuntada a la solicitud: {"id":"670fcd293f9c5f4310b80da5","role":"admin","email":"maria.ceballos@davinci.edu.ar","username":"mceballos"}
[2025-02-11T15:33:38.851Z] INFO: Información del usuario adjuntada a la solicitud: {"id":"670fcd293f9c5f4310b80da5","role":"admin","email":"maria.ceballos@davinci.edu.ar","username":"mceballos"}
[2025-02-11T15:33:39.038Z] INFO: Información del usuario adjuntada a la solicitud: {"id":"670fcd293f9c5f4310b80da5","role":"admin","email":"maria.ceballos@davinci.edu.ar","username":"mceballos"}
[2025-02-11T15:33:39.214Z] INFO: Información del usuario adjuntada a la solicitud: {"id":"670fcd293f9c5f4310b80da5","role":"admin","email":"maria.ceballos@davinci.edu.ar","username":"mceballos"}
[2025-02-11T15:33:39.486Z] INFO: Información del usuario adjuntada a la solicitud: {"id":"670fcd293f9c5f4310b80da5","role":"admin","email":"maria.ceballos@davinci.edu.ar","username":"mceballos"}
[2025-02-11T15:33:39.712Z] INFO: Información del usuario adjuntada a la solicitud: {"id":"670fcd293f9c5f4310b80da5","role":"admin","email":"maria.ceballos@davinci.edu.ar","username":"mceballos"}
[2025-02-11T15:33:39.919Z] INFO: Información del usuario adjuntada a la solicitud: {"id":"670fcd293f9c5f4310b80da5","role":"admin","email":"maria.ceballos@davinci.edu.ar","username":"mceballos"}
[2025-02-11T15:33:40.093Z] INFO: Información del usuario adjuntada a la solicitud: {"id":"670fcd293f9c5f4310b80da5","role":"admin","email":"maria.ceballos@davinci.edu.ar","username":"mceballos"}
[2025-02-11T15:33:40.329Z] INFO: Información del usuario adjuntada a la solicitud: {"id":"670fcd293f9c5f4310b80da5","role":"admin","email":"maria.ceballos@davinci.edu.ar","username":"mceballos"}
[2025-02-11T15:33:40.502Z] INFO: Información del usuario adjuntada a la solicitud: {"id":"670fcd293f9c5f4310b80da5","role":"admin","email":"maria.ceballos@davinci.edu.ar","username":"mceballos"}
[2025-02-11T15:33:40.740Z] INFO: Información del usuario adjuntada a la solicitud: {"id":"670fcd293f9c5f4310b80da5","role":"admin","email":"maria.ceballos@davinci.edu.ar","username":"mceballos"}
[2025-02-11T15:33:40.900Z] INFO: Información del usuario adjuntada a la solicitud: {"id":"670fcd293f9c5f4310b80da5","role":"admin","email":"maria.ceballos@davinci.edu.ar","username":"mceballos"}
[2025-02-11T15:33:41.088Z] INFO: Información del usuario adjuntada a la solicitud: {"id":"670fcd293f9c5f4310b80da5","role":"admin","email":"maria.ceballos@davinci.edu.ar","username":"mceballos"}
[2025-02-11T15:33:41.295Z] INFO: Información del usuario adjuntada a la solicitud: {"id":"670fcd293f9c5f4310b80da5","role":"admin","email":"maria.ceballos@davinci.edu.ar","username":"mceballos"}
[2025-02-11T15:33:41.466Z] INFO: Información del usuario adjuntada a la solicitud: {"id":"670fcd293f9c5f4310b80da5","role":"admin","email":"maria.ceballos@davinci.edu.ar","username":"mceballos"}
[2025-02-11T15:33:41.651Z] INFO: Información del usuario adjuntada a la solicitud: {"id":"670fcd293f9c5f4310b80da5","role":"admin","email":"maria.ceballos@davinci.edu.ar","username":"mceballos"}
[2025-02-11T15:33:41.835Z] INFO: Información del usuario adjuntada a la solicitud: {"id":"670fcd293f9c5f4310b80da5","role":"admin","email":"maria.ceballos@davinci.edu.ar","username":"mceballos"}
[2025-02-11T15:33:42.066Z] INFO: Información del usuario adjuntada a la solicitud: {"id":"670fcd293f9c5f4310b80da5","role":"admin","email":"maria.ceballos@davinci.edu.ar","username":"mceballos"}
[2025-02-11T15:33:42.256Z] INFO: Información del usuario adjuntada a la solicitud: {"id":"670fcd293f9c5f4310b80da5","role":"admin","email":"maria.ceballos@davinci.edu.ar","username":"mceballos"}
[2025-02-11T15:33:42.488Z] INFO: Información del usuario adjuntada a la solicitud: {"id":"670fcd293f9c5f4310b80da5","role":"admin","email":"maria.ceballos@davinci.edu.ar","username":"mceballos"}
[2025-02-11T15:33:42.694Z] INFO: Información del usuario adjuntada a la solicitud: {"id":"670fcd293f9c5f4310b80da5","role":"admin","email":"maria.ceballos@davinci.edu.ar","username":"mceballos"}
[2025-02-11T15:33:42.886Z] INFO: Información del usuario adjuntada a la solicitud: {"id":"670fcd293f9c5f4310b80da5","role":"admin","email":"maria.ceballos@davinci.edu.ar","username":"mceballos"}
[2025-02-11T15:33:43.091Z] INFO: Información del usuario adjuntada a la solicitud: {"id":"670fcd293f9c5f4310b80da5","role":"admin","email":"maria.ceballos@davinci.edu.ar","username":"mceballos"}
[2025-02-11T15:33:44.499Z] INFO: Información del usuario adjuntada a la solicitud: {"id":"670fcd293f9c5f4310b80da5","role":"admin","email":"maria.ceballos@davinci.edu.ar","username":"mceballos"}
[2025-02-11T15:33:44.501Z] INFO: Información del usuario adjuntada a la solicitud: {"id":"670fcd293f9c5f4310b80da5","role":"admin","email":"maria.ceballos@davinci.edu.ar","username":"mceballos"}
[2025-02-11T15:33:44.644Z] INFO: Información del usuario adjuntada a la solicitud: {"id":"670fcd293f9c5f4310b80da5","role":"admin","email":"maria.ceballos@davinci.edu.ar","username":"mceballos"}
[2025-02-11T15:33:44.711Z] INFO: Información del usuario adjuntada a la solicitud: {"id":"670fcd293f9c5f4310b80da5","role":"admin","email":"maria.ceballos@davinci.edu.ar","username":"mceballos"}
[2025-02-11T15:33:44.791Z] INFO: Información del usuario adjuntada a la solicitud: {"id":"670fcd293f9c5f4310b80da5","role":"admin","email":"maria.ceballos@davinci.edu.ar","username":"mceballos"}
[2025-02-11T15:33:44.838Z] INFO: Información del usuario adjuntada a la solicitud: {"id":"670fcd293f9c5f4310b80da5","role":"admin","email":"maria.ceballos@davinci.edu.ar","username":"mceballos"}
[2025-02-11T15:33:45.025Z] INFO: Información del usuario adjuntada a la solicitud: {"id":"670fcd293f9c5f4310b80da5","role":"admin","email":"maria.ceballos@davinci.edu.ar","username":"mceballos"}
[2025-02-11T15:33:45.052Z] INFO: Información del usuario adjuntada a la solicitud: {"id":"670fcd293f9c5f4310b80da5","role":"admin","email":"maria.ceballos@davinci.edu.ar","username":"mceballos"}
[2025-02-11T15:33:45.123Z] INFO: Información del usuario adjuntada a la solicitud: {"id":"670fcd293f9c5f4310b80da5","role":"admin","email":"maria.ceballos@davinci.edu.ar","username":"mceballos"}
[2025-02-11T15:33:45.286Z] INFO: Información del usuario adjuntada a la solicitud: {"id":"670fcd293f9c5f4310b80da5","role":"admin","email":"maria.ceballos@davinci.edu.ar","username":"mceballos"}
[2025-02-11T15:33:45.386Z] INFO: Información del usuario adjuntada a la solicitud: {"id":"670fcd293f9c5f4310b80da5","role":"admin","email":"maria.ceballos@davinci.edu.ar","username":"mceballos"}
[2025-02-11T15:33:45.570Z] INFO: Información del usuario adjuntada a la solicitud: {"id":"670fcd293f9c5f4310b80da5","role":"admin","email":"maria.ceballos@davinci.edu.ar","username":"mceballos"}
[2025-02-11T15:33:45.655Z] INFO: Información del usuario adjuntada a la solicitud: {"id":"670fcd293f9c5f4310b80da5","role":"admin","email":"maria.ceballos@davinci.edu.ar","username":"mceballos"}
[2025-02-11T15:33:45.828Z] INFO: Información del usuario adjuntada a la solicitud: {"id":"670fcd293f9c5f4310b80da5","role":"admin","email":"maria.ceballos@davinci.edu.ar","username":"mceballos"}
[2025-02-11T15:33:45.844Z] INFO: Información del usuario adjuntada a la solicitud: {"id":"670fcd293f9c5f4310b80da5","role":"admin","email":"maria.ceballos@davinci.edu.ar","username":"mceballos"}
[2025-02-11T15:33:46.042Z] INFO: Información del usuario adjuntada a la solicitud: {"id":"670fcd293f9c5f4310b80da5","role":"admin","email":"maria.ceballos@davinci.edu.ar","username":"mceballos"}
[2025-02-11T15:33:46.045Z] INFO: Información del usuario adjuntada a la solicitud: {"id":"670fcd293f9c5f4310b80da5","role":"admin","email":"maria.ceballos@davinci.edu.ar","username":"mceballos"}
[2025-02-11T15:33:46.216Z] INFO: Información del usuario adjuntada a la solicitud: {"id":"670fcd293f9c5f4310b80da5","role":"admin","email":"maria.ceballos@davinci.edu.ar","username":"mceballos"}
[2025-02-11T15:33:46.239Z] INFO: Información del usuario adjuntada a la solicitud: {"id":"670fcd293f9c5f4310b80da5","role":"admin","email":"maria.ceballos@davinci.edu.ar","username":"mceballos"}
[2025-02-11T15:33:46.418Z] INFO: Información del usuario adjuntada a la solicitud: {"id":"670fcd293f9c5f4310b80da5","role":"admin","email":"maria.ceballos@davinci.edu.ar","username":"mceballos"}
[2025-02-11T15:33:46.619Z] INFO: Información del usuario adjuntada a la solicitud: {"id":"670fcd293f9c5f4310b80da5","role":"admin","email":"maria.ceballos@davinci.edu.ar","username":"mceballos"}
[2025-02-11T15:33:46.791Z] INFO: Información del usuario adjuntada a la solicitud: {"id":"670fcd293f9c5f4310b80da5","role":"admin","email":"maria.ceballos@davinci.edu.ar","username":"mceballos"}
[2025-02-11T15:33:46.966Z] INFO: Información del usuario adjuntada a la solicitud: {"id":"670fcd293f9c5f4310b80da5","role":"admin","email":"maria.ceballos@davinci.edu.ar","username":"mceballos"}
[2025-02-11T15:33:47.144Z] INFO: Información del usuario adjuntada a la solicitud: {"id":"670fcd293f9c5f4310b80da5","role":"admin","email":"maria.ceballos@davinci.edu.ar","username":"mceballos"}
[2025-02-11T15:33:47.325Z] INFO: Información del usuario adjuntada a la solicitud: {"id":"670fcd293f9c5f4310b80da5","role":"admin","email":"maria.ceballos@davinci.edu.ar","username":"mceballos"}
[2025-02-11T15:33:47.498Z] INFO: Información del usuario adjuntada a la solicitud: {"id":"670fcd293f9c5f4310b80da5","role":"admin","email":"maria.ceballos@davinci.edu.ar","username":"mceballos"}
[2025-02-11T15:33:47.698Z] INFO: Información del usuario adjuntada a la solicitud: {"id":"670fcd293f9c5f4310b80da5","role":"admin","email":"maria.ceballos@davinci.edu.ar","username":"mceballos"}
[2025-02-11T15:33:47.877Z] INFO: Información del usuario adjuntada a la solicitud: {"id":"670fcd293f9c5f4310b80da5","role":"admin","email":"maria.ceballos@davinci.edu.ar","username":"mceballos"}
[2025-02-11T15:33:48.058Z] INFO: Información del usuario adjuntada a la solicitud: {"id":"670fcd293f9c5f4310b80da5","role":"admin","email":"maria.ceballos@davinci.edu.ar","username":"mceballos"}
[2025-02-11T15:33:48.330Z] INFO: Información del usuario adjuntada a la solicitud: {"id":"670fcd293f9c5f4310b80da5","role":"admin","email":"maria.ceballos@davinci.edu.ar","username":"mceballos"}
[2025-02-11T15:33:48.516Z] INFO: Información del usuario adjuntada a la solicitud: {"id":"670fcd293f9c5f4310b80da5","role":"admin","email":"maria.ceballos@davinci.edu.ar","username":"mceballos"}
[2025-02-11T15:33:48.696Z] INFO: Información del usuario adjuntada a la solicitud: {"id":"670fcd293f9c5f4310b80da5","role":"admin","email":"maria.ceballos@davinci.edu.ar","username":"mceballos"}
[2025-02-11T15:33:48.888Z] INFO: Información del usuario adjuntada a la solicitud: {"id":"670fcd293f9c5f4310b80da5","role":"admin","email":"maria.ceballos@davinci.edu.ar","username":"mceballos"}
[2025-02-11T15:33:49.073Z] INFO: Información del usuario adjuntada a la solicitud: {"id":"670fcd293f9c5f4310b80da5","role":"admin","email":"maria.ceballos@davinci.edu.ar","username":"mceballos"}
[2025-02-11T15:33:49.240Z] INFO: Información del usuario adjuntada a la solicitud: {"id":"670fcd293f9c5f4310b80da5","role":"admin","email":"maria.ceballos@davinci.edu.ar","username":"mceballos"}
[2025-02-11T15:33:49.412Z] INFO: Información del usuario adjuntada a la solicitud: {"id":"670fcd293f9c5f4310b80da5","role":"admin","email":"maria.ceballos@davinci.edu.ar","username":"mceballos"}
[2025-02-11T15:33:49.594Z] INFO: Información del usuario adjuntada a la solicitud: {"id":"670fcd293f9c5f4310b80da5","role":"admin","email":"maria.ceballos@davinci.edu.ar","username":"mceballos"}
[2025-02-11T15:33:49.767Z] INFO: Información del usuario adjuntada a la solicitud: {"id":"670fcd293f9c5f4310b80da5","role":"admin","email":"maria.ceballos@davinci.edu.ar","username":"mceballos"}
[2025-02-11T15:33:49.950Z] INFO: Información del usuario adjuntada a la solicitud: {"id":"670fcd293f9c5f4310b80da5","role":"admin","email":"maria.ceballos@davinci.edu.ar","username":"mceballos"}
[2025-02-11T15:33:50.129Z] INFO: Información del usuario adjuntada a la solicitud: {"id":"670fcd293f9c5f4310b80da5","role":"admin","email":"maria.ceballos@davinci.edu.ar","username":"mceballos"}
[2025-02-11T15:33:50.305Z] INFO: Información del usuario adjuntada a la solicitud: {"id":"670fcd293f9c5f4310b80da5","role":"admin","email":"maria.ceballos@davinci.edu.ar","username":"mceballos"}
[2025-02-11T15:33:50.478Z] INFO: Información del usuario adjuntada a la solicitud: {"id":"670fcd293f9c5f4310b80da5","role":"admin","email":"maria.ceballos@davinci.edu.ar","username":"mceballos"}
[2025-02-11T15:33:50.669Z] INFO: Información del usuario adjuntada a la solicitud: {"id":"670fcd293f9c5f4310b80da5","role":"admin","email":"maria.ceballos@davinci.edu.ar","username":"mceballos"}
[2025-02-11T15:33:50.834Z] INFO: Información del usuario adjuntada a la solicitud: {"id":"670fcd293f9c5f4310b80da5","role":"admin","email":"maria.ceballos@davinci.edu.ar","username":"mceballos"}
[2025-02-11T15:33:51.024Z] INFO: Información del usuario adjuntada a la solicitud: {"id":"670fcd293f9c5f4310b80da5","role":"admin","email":"maria.ceballos@davinci.edu.ar","username":"mceballos"}
[2025-02-11T15:33:51.194Z] INFO: Información del usuario adjuntada a la solicitud: {"id":"670fcd293f9c5f4310b80da5","role":"admin","email":"maria.ceballos@davinci.edu.ar","username":"mceballos"}
[2025-02-11T15:33:51.385Z] INFO: Información del usuario adjuntada a la solicitud: {"id":"670fcd293f9c5f4310b80da5","role":"admin","email":"maria.ceballos@davinci.edu.ar","username":"mceballos"}
[2025-02-11T15:33:51.545Z] INFO: Información del usuario adjuntada a la solicitud: {"id":"670fcd293f9c5f4310b80da5","role":"admin","email":"maria.ceballos@davinci.edu.ar","username":"mceballos"}
[2025-02-11T15:33:51.733Z] INFO: Información del usuario adjuntada a la solicitud: {"id":"670fcd293f9c5f4310b80da5","role":"admin","email":"maria.ceballos@davinci.edu.ar","username":"mceballos"}
[2025-02-11T15:33:51.911Z] INFO: Información del usuario adjuntada a la solicitud: {"id":"670fcd293f9c5f4310b80da5","role":"admin","email":"maria.ceballos@davinci.edu.ar","username":"mceballos"}
[2025-02-11T15:33:52.073Z] INFO: Información del usuario adjuntada a la solicitud: {"id":"670fcd293f9c5f4310b80da5","role":"admin","email":"maria.ceballos@davinci.edu.ar","username":"mceballos"}
[2025-02-11T15:33:52.247Z] INFO: Información del usuario adjuntada a la solicitud: {"id":"670fcd293f9c5f4310b80da5","role":"admin","email":"maria.ceballos@davinci.edu.ar","username":"mceballos"}
[2025-02-11T15:33:52.426Z] INFO: Información del usuario adjuntada a la solicitud: {"id":"670fcd293f9c5f4310b80da5","role":"admin","email":"maria.ceballos@davinci.edu.ar","username":"mceballos"}
[2025-02-11T15:33:52.618Z] INFO: Información del usuario adjuntada a la solicitud: {"id":"670fcd293f9c5f4310b80da5","role":"admin","email":"maria.ceballos@davinci.edu.ar","username":"mceballos"}
[2025-02-11T15:33:52.776Z] INFO: Información del usuario adjuntada a la solicitud: {"id":"670fcd293f9c5f4310b80da5","role":"admin","email":"maria.ceballos@davinci.edu.ar","username":"mceballos"}
[2025-02-11T15:33:52.958Z] INFO: Información del usuario adjuntada a la solicitud: {"id":"670fcd293f9c5f4310b80da5","role":"admin","email":"maria.ceballos@davinci.edu.ar","username":"mceballos"}
[2025-02-11T15:33:53.129Z] INFO: Información del usuario adjuntada a la solicitud: {"id":"670fcd293f9c5f4310b80da5","role":"admin","email":"maria.ceballos@davinci.edu.ar","username":"mceballos"}
[2025-02-11T15:33:53.302Z] INFO: Información del usuario adjuntada a la solicitud: {"id":"670fcd293f9c5f4310b80da5","role":"admin","email":"maria.ceballos@davinci.edu.ar","username":"mceballos"}
[2025-02-11T15:33:53.470Z] INFO: Información del usuario adjuntada a la solicitud: {"id":"670fcd293f9c5f4310b80da5","role":"admin","email":"maria.ceballos@davinci.edu.ar","username":"mceballos"}
[2025-02-11T15:33:53.652Z] INFO: Información del usuario adjuntada a la solicitud: {"id":"670fcd293f9c5f4310b80da5","role":"admin","email":"maria.ceballos@davinci.edu.ar","username":"mceballos"}
[2025-02-11T15:33:53.825Z] INFO: Información del usuario adjuntada a la solicitud: {"id":"670fcd293f9c5f4310b80da5","role":"admin","email":"maria.ceballos@davinci.edu.ar","username":"mceballos"}
[2025-02-11T15:33:54.012Z] INFO: Información del usuario adjuntada a la solicitud: {"id":"670fcd293f9c5f4310b80da5","role":"admin","email":"maria.ceballos@davinci.edu.ar","username":"mceballos"}
[2025-02-11T15:33:54.197Z] INFO: Información del usuario adjuntada a la solicitud: {"id":"670fcd293f9c5f4310b80da5","role":"admin","email":"maria.ceballos@davinci.edu.ar","username":"mceballos"}
[2025-02-11T15:33:54.358Z] INFO: Información del usuario adjuntada a la solicitud: {"id":"670fcd293f9c5f4310b80da5","role":"admin","email":"maria.ceballos@davinci.edu.ar","username":"mceballos"}
[2025-02-11T15:33:54.534Z] INFO: Información del usuario adjuntada a la solicitud: {"id":"670fcd293f9c5f4310b80da5","role":"admin","email":"maria.ceballos@davinci.edu.ar","username":"mceballos"}
[2025-02-11T15:33:54.714Z] INFO: Información del usuario adjuntada a la solicitud: {"id":"670fcd293f9c5f4310b80da5","role":"admin","email":"maria.ceballos@davinci.edu.ar","username":"mceballos"}
[2025-02-11T15:33:54.880Z] INFO: Información del usuario adjuntada a la solicitud: {"id":"670fcd293f9c5f4310b80da5","role":"admin","email":"maria.ceballos@davinci.edu.ar","username":"mceballos"}
[2025-02-11T15:33:55.043Z] INFO: Información del usuario adjuntada a la solicitud: {"id":"670fcd293f9c5f4310b80da5","role":"admin","email":"maria.ceballos@davinci.edu.ar","username":"mceballos"}
[2025-02-11T15:33:55.232Z] INFO: Información del usuario adjuntada a la solicitud: {"id":"670fcd293f9c5f4310b80da5","role":"admin","email":"maria.ceballos@davinci.edu.ar","username":"mceballos"}
[2025-02-11T15:33:55.415Z] INFO: Información del usuario adjuntada a la solicitud: {"id":"670fcd293f9c5f4310b80da5","role":"admin","email":"maria.ceballos@davinci.edu.ar","username":"mceballos"}
[2025-02-11T15:33:55.588Z] INFO: Información del usuario adjuntada a la solicitud: {"id":"670fcd293f9c5f4310b80da5","role":"admin","email":"maria.ceballos@davinci.edu.ar","username":"mceballos"}
[2025-02-11T15:33:55.802Z] INFO: Información del usuario adjuntada a la solicitud: {"id":"670fcd293f9c5f4310b80da5","role":"admin","email":"maria.ceballos@davinci.edu.ar","username":"mceballos"}
[2025-02-11T15:33:56.100Z] INFO: Información del usuario adjuntada a la solicitud: {"id":"670fcd293f9c5f4310b80da5","role":"admin","email":"maria.ceballos@davinci.edu.ar","username":"mceballos"}
[2025-02-11T15:33:56.272Z] INFO: Información del usuario adjuntada a la solicitud: {"id":"670fcd293f9c5f4310b80da5","role":"admin","email":"maria.ceballos@davinci.edu.ar","username":"mceballos"}
[2025-02-11T15:33:56.457Z] INFO: Información del usuario adjuntada a la solicitud: {"id":"670fcd293f9c5f4310b80da5","role":"admin","email":"maria.ceballos@davinci.edu.ar","username":"mceballos"}
[2025-02-11T15:33:56.622Z] INFO: Información del usuario adjuntada a la solicitud: {"id":"670fcd293f9c5f4310b80da5","role":"admin","email":"maria.ceballos@davinci.edu.ar","username":"mceballos"}
[2025-02-11T15:33:56.784Z] INFO: Información del usuario adjuntada a la solicitud: {"id":"670fcd293f9c5f4310b80da5","role":"admin","email":"maria.ceballos@davinci.edu.ar","username":"mceballos"}
[2025-02-11T15:33:57.001Z] INFO: Información del usuario adjuntada a la solicitud: {"id":"670fcd293f9c5f4310b80da5","role":"admin","email":"maria.ceballos@davinci.edu.ar","username":"mceballos"}
[2025-02-11T15:33:57.180Z] INFO: Información del usuario adjuntada a la solicitud: {"id":"670fcd293f9c5f4310b80da5","role":"admin","email":"maria.ceballos@davinci.edu.ar","username":"mceballos"}
[2025-02-11T15:33:57.359Z] INFO: Información del usuario adjuntada a la solicitud: {"id":"670fcd293f9c5f4310b80da5","role":"admin","email":"maria.ceballos@davinci.edu.ar","username":"mceballos"}
[2025-02-11T15:33:57.553Z] INFO: Información del usuario adjuntada a la solicitud: {"id":"670fcd293f9c5f4310b80da5","role":"admin","email":"maria.ceballos@davinci.edu.ar","username":"mceballos"}
[2025-02-11T15:33:57.732Z] INFO: Información del usuario adjuntada a la solicitud: {"id":"670fcd293f9c5f4310b80da5","role":"admin","email":"maria.ceballos@davinci.edu.ar","username":"mceballos"}
[2025-02-11T15:33:57.910Z] INFO: Información del usuario adjuntada a la solicitud: {"id":"670fcd293f9c5f4310b80da5","role":"admin","email":"maria.ceballos@davinci.edu.ar","username":"mceballos"}
[2025-02-11T15:33:58.116Z] INFO: Información del usuario adjuntada a la solicitud: {"id":"670fcd293f9c5f4310b80da5","role":"admin","email":"maria.ceballos@davinci.edu.ar","username":"mceballos"}
[2025-02-11T15:33:58.299Z] INFO: Información del usuario adjuntada a la solicitud: {"id":"670fcd293f9c5f4310b80da5","role":"admin","email":"maria.ceballos@davinci.edu.ar","username":"mceballos"}
[2025-02-11T15:33:58.337Z] INFO: Información del usuario adjuntada a la solicitud: {"id":"670fcd293f9c5f4310b80da5","role":"admin","email":"maria.ceballos@davinci.edu.ar","username":"mceballos"}
[2025-02-11T15:33:58.342Z] INFO: Información del usuario adjuntada a la solicitud: {"id":"670fcd293f9c5f4310b80da5","role":"admin","email":"maria.ceballos@davinci.edu.ar","username":"mceballos"}
[2025-02-11T15:33:58.469Z] INFO: Información del usuario adjuntada a la solicitud: {"id":"670fcd293f9c5f4310b80da5","role":"admin","email":"maria.ceballos@davinci.edu.ar","username":"mceballos"}
[2025-02-11T15:33:58.470Z] INFO: Información del usuario adjuntada a la solicitud: {"id":"670fcd293f9c5f4310b80da5","role":"admin","email":"maria.ceballos@davinci.edu.ar","username":"mceballos"}
[2025-02-11T15:33:58.471Z] INFO: Información del usuario adjuntada a la solicitud: {"id":"670fcd293f9c5f4310b80da5","role":"admin","email":"maria.ceballos@davinci.edu.ar","username":"mceballos"}
[2025-02-11T15:33:58.661Z] INFO: Información del usuario adjuntada a la solicitud: {"id":"670fcd293f9c5f4310b80da5","role":"admin","email":"maria.ceballos@davinci.edu.ar","username":"mceballos"}
[2025-02-11T15:33:58.823Z] INFO: Información del usuario adjuntada a la solicitud: {"id":"670fcd293f9c5f4310b80da5","role":"admin","email":"maria.ceballos@davinci.edu.ar","username":"mceballos"}
[2025-02-11T15:33:59.127Z] INFO: Información del usuario adjuntada a la solicitud: {"id":"670fcd293f9c5f4310b80da5","role":"admin","email":"maria.ceballos@davinci.edu.ar","username":"mceballos"}
[2025-02-11T15:33:59.409Z] INFO: Información del usuario adjuntada a la solicitud: {"id":"670fcd293f9c5f4310b80da5","role":"admin","email":"maria.ceballos@davinci.edu.ar","username":"mceballos"}
[2025-02-11T15:33:59.665Z] INFO: Información del usuario adjuntada a la solicitud: {"id":"670fcd293f9c5f4310b80da5","role":"admin","email":"maria.ceballos@davinci.edu.ar","username":"mceballos"}
[2025-02-11T15:33:59.872Z] INFO: Información del usuario adjuntada a la solicitud: {"id":"670fcd293f9c5f4310b80da5","role":"admin","email":"maria.ceballos@davinci.edu.ar","username":"mceballos"}
[2025-02-11T15:33:59.978Z] INFO: Información del usuario adjuntada a la solicitud: {"id":"670fcd293f9c5f4310b80da5","role":"admin","email":"maria.ceballos@davinci.edu.ar","username":"mceballos"}
[2025-02-11T15:34:00.123Z] INFO: Información del usuario adjuntada a la solicitud: {"id":"670fcd293f9c5f4310b80da5","role":"admin","email":"maria.ceballos@davinci.edu.ar","username":"mceballos"}
[2025-02-11T15:34:00.125Z] INFO: Información del usuario adjuntada a la solicitud: {"id":"670fcd293f9c5f4310b80da5","role":"admin","email":"maria.ceballos@davinci.edu.ar","username":"mceballos"}
[2025-02-11T15:34:00.368Z] INFO: Información del usuario adjuntada a la solicitud: {"id":"670fcd293f9c5f4310b80da5","role":"admin","email":"maria.ceballos@davinci.edu.ar","username":"mceballos"}
[2025-02-11T15:34:00.617Z] INFO: Información del usuario adjuntada a la solicitud: {"id":"670fcd293f9c5f4310b80da5","role":"admin","email":"maria.ceballos@davinci.edu.ar","username":"mceballos"}
[2025-02-11T15:34:00.822Z] INFO: Información del usuario adjuntada a la solicitud: {"id":"670fcd293f9c5f4310b80da5","role":"admin","email":"maria.ceballos@davinci.edu.ar","username":"mceballos"}
[2025-02-11T15:34:01.086Z] INFO: Información del usuario adjuntada a la solicitud: {"id":"670fcd293f9c5f4310b80da5","role":"admin","email":"maria.ceballos@davinci.edu.ar","username":"mceballos"}
[2025-02-11T15:34:01.405Z] INFO: Información del usuario adjuntada a la solicitud: {"id":"670fcd293f9c5f4310b80da5","role":"admin","email":"maria.ceballos@davinci.edu.ar","username":"mceballos"}
[2025-02-11T15:34:01.610Z] INFO: Información del usuario adjuntada a la solicitud: {"id":"670fcd293f9c5f4310b80da5","role":"admin","email":"maria.ceballos@davinci.edu.ar","username":"mceballos"}
[2025-02-11T15:34:01.873Z] INFO: Información del usuario adjuntada a la solicitud: {"id":"670fcd293f9c5f4310b80da5","role":"admin","email":"maria.ceballos@davinci.edu.ar","username":"mceballos"}
[2025-02-11T15:34:02.136Z] INFO: Información del usuario adjuntada a la solicitud: {"id":"670fcd293f9c5f4310b80da5","role":"admin","email":"maria.ceballos@davinci.edu.ar","username":"mceballos"}
[2025-02-11T15:34:02.141Z] INFO: Información del usuario adjuntada a la solicitud: {"id":"670fcd293f9c5f4310b80da5","role":"admin","email":"maria.ceballos@davinci.edu.ar","username":"mceballos"}
[2025-02-11T15:34:02.141Z] INFO: Intento de acceso con rol: admin
[2025-02-11T15:34:02.348Z] INFO: Información del usuario adjuntada a la solicitud: {"id":"670fcd293f9c5f4310b80da5","role":"admin","email":"maria.ceballos@davinci.edu.ar","username":"mceballos"}
[2025-02-11T15:34:02.350Z] INFO: Información del usuario adjuntada a la solicitud: {"id":"670fcd293f9c5f4310b80da5","role":"admin","email":"maria.ceballos@davinci.edu.ar","username":"mceballos"}
[2025-02-11T15:34:02.350Z] INFO: Intento de acceso con rol: admin
[2025-02-11T15:34:02.582Z] INFO: Información del usuario adjuntada a la solicitud: {"id":"670fcd293f9c5f4310b80da5","role":"admin","email":"maria.ceballos@davinci.edu.ar","username":"mceballos"}
[2025-02-11T15:34:02.772Z] INFO: Información del usuario adjuntada a la solicitud: {"id":"670fcd293f9c5f4310b80da5","role":"admin","email":"maria.ceballos@davinci.edu.ar","username":"mceballos"}
[2025-02-11T15:34:02.964Z] INFO: Información del usuario adjuntada a la solicitud: {"id":"670fcd293f9c5f4310b80da5","role":"admin","email":"maria.ceballos@davinci.edu.ar","username":"mceballos"}
[2025-02-11T15:34:03.143Z] INFO: Información del usuario adjuntada a la solicitud: {"id":"670fcd293f9c5f4310b80da5","role":"admin","email":"maria.ceballos@davinci.edu.ar","username":"mceballos"}
[2025-02-11T15:34:03.203Z] INFO: Información del usuario adjuntada a la solicitud: {"id":"670fcd293f9c5f4310b80da5","role":"admin","email":"maria.ceballos@davinci.edu.ar","username":"mceballos"}
[2025-02-11T15:34:03.203Z] INFO: Intento de acceso con rol: admin
[2025-02-11T15:34:03.331Z] INFO: Información del usuario adjuntada a la solicitud: {"id":"670fcd293f9c5f4310b80da5","role":"admin","email":"maria.ceballos@davinci.edu.ar","username":"mceballos"}
[2025-02-11T15:34:03.510Z] INFO: Información del usuario adjuntada a la solicitud: {"id":"670fcd293f9c5f4310b80da5","role":"admin","email":"maria.ceballos@davinci.edu.ar","username":"mceballos"}
[2025-02-11T15:34:03.899Z] INFO: Información del usuario adjuntada a la solicitud: {"id":"670fcd293f9c5f4310b80da5","role":"admin","email":"maria.ceballos@davinci.edu.ar","username":"mceballos"}
[2025-02-11T15:34:04.060Z] INFO: Información del usuario adjuntada a la solicitud: {"id":"670fcd293f9c5f4310b80da5","role":"admin","email":"maria.ceballos@davinci.edu.ar","username":"mceballos"}
[2025-02-11T15:34:04.061Z] INFO: Intento de acceso con rol: admin
[2025-02-11T15:34:04.104Z] INFO: Información del usuario adjuntada a la solicitud: {"id":"670fcd293f9c5f4310b80da5","role":"admin","email":"maria.ceballos@davinci.edu.ar","username":"mceballos"}
[2025-02-11T15:34:04.271Z] INFO: Información del usuario adjuntada a la solicitud: {"id":"670fcd293f9c5f4310b80da5","role":"admin","email":"maria.ceballos@davinci.edu.ar","username":"mceballos"}
[2025-02-11T15:34:04.539Z] INFO: Información del usuario adjuntada a la solicitud: {"id":"670fcd293f9c5f4310b80da5","role":"admin","email":"maria.ceballos@davinci.edu.ar","username":"mceballos"}
[2025-02-11T15:34:04.540Z] INFO: Información del usuario adjuntada a la solicitud: {"id":"670fcd293f9c5f4310b80da5","role":"admin","email":"maria.ceballos@davinci.edu.ar","username":"mceballos"}
[2025-02-11T15:34:04.801Z] INFO: Información del usuario adjuntada a la solicitud: {"id":"670fcd293f9c5f4310b80da5","role":"admin","email":"maria.ceballos@davinci.edu.ar","username":"mceballos"}
[2025-02-11T15:34:05.006Z] INFO: Información del usuario adjuntada a la solicitud: {"id":"670fcd293f9c5f4310b80da5","role":"admin","email":"maria.ceballos@davinci.edu.ar","username":"mceballos"}
[2025-02-11T15:34:05.269Z] INFO: Información del usuario adjuntada a la solicitud: {"id":"670fcd293f9c5f4310b80da5","role":"admin","email":"maria.ceballos@davinci.edu.ar","username":"mceballos"}
[2025-02-11T15:34:05.270Z] INFO: Información del usuario adjuntada a la solicitud: {"id":"670fcd293f9c5f4310b80da5","role":"admin","email":"maria.ceballos@davinci.edu.ar","username":"mceballos"}
[2025-02-11T15:34:05.271Z] INFO: Información del usuario adjuntada a la solicitud: {"id":"670fcd293f9c5f4310b80da5","role":"admin","email":"maria.ceballos@davinci.edu.ar","username":"mceballos"}
[2025-02-11T15:34:05.429Z] INFO: Información del usuario adjuntada a la solicitud: {"id":"670fcd293f9c5f4310b80da5","role":"admin","email":"maria.ceballos@davinci.edu.ar","username":"mceballos"}
[2025-02-11T15:34:05.430Z] INFO: Intento de acceso con rol: admin
[2025-02-11T15:34:05.715Z] INFO: Información del usuario adjuntada a la solicitud: {"id":"670fcd293f9c5f4310b80da5","role":"admin","email":"maria.ceballos@davinci.edu.ar","username":"mceballos"}
[2025-02-11T15:34:05.716Z] INFO: Intento de acceso con rol: admin
[2025-02-11T15:34:05.721Z] INFO: Información del usuario adjuntada a la solicitud: {"id":"670fcd293f9c5f4310b80da5","role":"admin","email":"maria.ceballos@davinci.edu.ar","username":"mceballos"}
[2025-02-11T15:34:05.721Z] INFO: Intento de acceso con rol: admin
[2025-02-11T15:34:05.842Z] INFO: Información del usuario adjuntada a la solicitud: {"id":"670fcd293f9c5f4310b80da5","role":"admin","email":"maria.ceballos@davinci.edu.ar","username":"mceballos"}
[2025-02-11T15:34:05.843Z] INFO: Intento de acceso con rol: admin
[2025-02-11T15:34:06.005Z] INFO: Información del usuario adjuntada a la solicitud: {"id":"670fcd293f9c5f4310b80da5","role":"admin","email":"maria.ceballos@davinci.edu.ar","username":"mceballos"}
[2025-02-11T15:34:06.006Z] INFO: Intento de acceso con rol: admin
[2025-02-11T15:34:06.049Z] INFO: Información del usuario adjuntada a la solicitud: {"id":"670fcd293f9c5f4310b80da5","role":"admin","email":"maria.ceballos@davinci.edu.ar","username":"mceballos"}
[2025-02-11T15:34:06.049Z] INFO: Intento de acceso con rol: admin
[2025-02-11T15:34:06.051Z] INFO: Información del usuario adjuntada a la solicitud: {"id":"670fcd293f9c5f4310b80da5","role":"admin","email":"maria.ceballos@davinci.edu.ar","username":"mceballos"}
[2025-02-11T15:34:06.051Z] INFO: Intento de acceso con rol: admin
[2025-02-11T15:34:06.148Z] INFO: Información del usuario adjuntada a la solicitud: {"id":"670fcd293f9c5f4310b80da5","role":"admin","email":"maria.ceballos@davinci.edu.ar","username":"mceballos"}
[2025-02-11T15:34:06.148Z] INFO: Intento de acceso con rol: admin
[2025-02-11T15:34:06.215Z] INFO: Información del usuario adjuntada a la solicitud: {"id":"670fcd293f9c5f4310b80da5","role":"admin","email":"maria.ceballos@davinci.edu.ar","username":"mceballos"}
[2025-02-11T15:34:06.215Z] INFO: Intento de acceso con rol: admin
[2025-02-11T15:34:06.216Z] INFO: Información del usuario adjuntada a la solicitud: {"id":"670fcd293f9c5f4310b80da5","role":"admin","email":"maria.ceballos@davinci.edu.ar","username":"mceballos"}
[2025-02-11T15:34:06.217Z] INFO: Intento de acceso con rol: admin
[2025-02-11T15:34:06.276Z] INFO: Información del usuario adjuntada a la solicitud: {"id":"670fcd293f9c5f4310b80da5","role":"admin","email":"maria.ceballos@davinci.edu.ar","username":"mceballos"}
[2025-02-11T15:34:06.277Z] INFO: Intento de acceso con rol: admin
[2025-02-11T15:34:06.452Z] INFO: Información del usuario adjuntada a la solicitud: {"id":"670fcd293f9c5f4310b80da5","role":"admin","email":"maria.ceballos@davinci.edu.ar","username":"mceballos"}
[2025-02-11T15:34:06.453Z] INFO: Intento de acceso con rol: admin
[2025-02-11T15:39:47.276Z] INFO: Información del usuario adjuntada a la solicitud: {"id":"670fcd293f9c5f4310b80da5","role":"admin","email":"maria.ceballos@davinci.edu.ar","username":"mceballos"}
[2025-02-11T15:39:47.278Z] INFO: Intento de acceso con rol: admin
[2025-02-11T15:39:47.444Z] INFO: Información del usuario adjuntada a la solicitud: {"id":"670fcd293f9c5f4310b80da5","role":"admin","email":"maria.ceballos@davinci.edu.ar","username":"mceballos"}
[2025-02-11T15:39:47.444Z] INFO: Intento de acceso con rol: admin
[2025-02-11T15:41:51.240Z] INFO: Usuario encontrado: mceballos
[2025-02-11T15:41:51.293Z] INFO: Token generado para usuario: mceballos
[2025-02-11T15:41:51.358Z] INFO: Información del usuario adjuntada a la solicitud: {"id":"670fcd293f9c5f4310b80da5","role":"admin","email":"maria.ceballos@davinci.edu.ar","username":"mceballos"}
[2025-02-11T15:41:51.544Z] INFO: Información del usuario adjuntada a la solicitud: {"id":"670fcd293f9c5f4310b80da5","role":"admin","email":"maria.ceballos@davinci.edu.ar","username":"mceballos"}
[2025-02-11T15:41:53.381Z] INFO: Información del usuario adjuntada a la solicitud: {"id":"670fcd293f9c5f4310b80da5","role":"admin","email":"maria.ceballos@davinci.edu.ar","username":"mceballos"}
[2025-02-11T15:41:53.630Z] INFO: Información del usuario adjuntada a la solicitud: {"id":"670fcd293f9c5f4310b80da5","role":"admin","email":"maria.ceballos@davinci.edu.ar","username":"mceballos"}
[2025-02-11T15:41:53.723Z] INFO: Información del usuario adjuntada a la solicitud: {"id":"670fcd293f9c5f4310b80da5","role":"admin","email":"maria.ceballos@davinci.edu.ar","username":"mceballos"}
[2025-02-11T15:41:53.949Z] INFO: Información del usuario adjuntada a la solicitud: {"id":"670fcd293f9c5f4310b80da5","role":"admin","email":"maria.ceballos@davinci.edu.ar","username":"mceballos"}
[2025-02-11T15:41:54.019Z] INFO: Información del usuario adjuntada a la solicitud: {"id":"670fcd293f9c5f4310b80da5","role":"admin","email":"maria.ceballos@davinci.edu.ar","username":"mceballos"}
[2025-02-11T15:41:54.167Z] INFO: Información del usuario adjuntada a la solicitud: {"id":"670fcd293f9c5f4310b80da5","role":"admin","email":"maria.ceballos@davinci.edu.ar","username":"mceballos"}
[2025-02-11T15:41:54.229Z] INFO: Información del usuario adjuntada a la solicitud: {"id":"670fcd293f9c5f4310b80da5","role":"admin","email":"maria.ceballos@davinci.edu.ar","username":"mceballos"}
[2025-02-11T15:41:54.428Z] INFO: Información del usuario adjuntada a la solicitud: {"id":"670fcd293f9c5f4310b80da5","role":"admin","email":"maria.ceballos@davinci.edu.ar","username":"mceballos"}
[2025-02-11T15:41:54.611Z] INFO: Información del usuario adjuntada a la solicitud: {"id":"670fcd293f9c5f4310b80da5","role":"admin","email":"maria.ceballos@davinci.edu.ar","username":"mceballos"}
[2025-02-11T15:41:54.775Z] INFO: Información del usuario adjuntada a la solicitud: {"id":"670fcd293f9c5f4310b80da5","role":"admin","email":"maria.ceballos@davinci.edu.ar","username":"mceballos"}
[2025-02-11T15:41:54.934Z] INFO: Información del usuario adjuntada a la solicitud: {"id":"670fcd293f9c5f4310b80da5","role":"admin","email":"maria.ceballos@davinci.edu.ar","username":"mceballos"}
[2025-02-11T15:41:55.101Z] INFO: Información del usuario adjuntada a la solicitud: {"id":"670fcd293f9c5f4310b80da5","role":"admin","email":"maria.ceballos@davinci.edu.ar","username":"mceballos"}
[2025-02-11T15:41:55.276Z] INFO: Información del usuario adjuntada a la solicitud: {"id":"670fcd293f9c5f4310b80da5","role":"admin","email":"maria.ceballos@davinci.edu.ar","username":"mceballos"}
[2025-02-11T15:41:55.452Z] INFO: Información del usuario adjuntada a la solicitud: {"id":"670fcd293f9c5f4310b80da5","role":"admin","email":"maria.ceballos@davinci.edu.ar","username":"mceballos"}
[2025-02-11T15:41:55.649Z] INFO: Información del usuario adjuntada a la solicitud: {"id":"670fcd293f9c5f4310b80da5","role":"admin","email":"maria.ceballos@davinci.edu.ar","username":"mceballos"}
[2025-02-11T15:41:55.844Z] INFO: Información del usuario adjuntada a la solicitud: {"id":"670fcd293f9c5f4310b80da5","role":"admin","email":"maria.ceballos@davinci.edu.ar","username":"mceballos"}
[2025-02-11T15:41:56.031Z] INFO: Información del usuario adjuntada a la solicitud: {"id":"670fcd293f9c5f4310b80da5","role":"admin","email":"maria.ceballos@davinci.edu.ar","username":"mceballos"}
[2025-02-11T15:41:56.215Z] INFO: Información del usuario adjuntada a la solicitud: {"id":"670fcd293f9c5f4310b80da5","role":"admin","email":"maria.ceballos@davinci.edu.ar","username":"mceballos"}
[2025-02-11T15:41:56.420Z] INFO: Información del usuario adjuntada a la solicitud: {"id":"670fcd293f9c5f4310b80da5","role":"admin","email":"maria.ceballos@davinci.edu.ar","username":"mceballos"}
[2025-02-11T15:41:56.583Z] INFO: Información del usuario adjuntada a la solicitud: {"id":"670fcd293f9c5f4310b80da5","role":"admin","email":"maria.ceballos@davinci.edu.ar","username":"mceballos"}
[2025-02-11T15:41:56.766Z] INFO: Información del usuario adjuntada a la solicitud: {"id":"670fcd293f9c5f4310b80da5","role":"admin","email":"maria.ceballos@davinci.edu.ar","username":"mceballos"}
[2025-02-11T15:41:56.962Z] INFO: Información del usuario adjuntada a la solicitud: {"id":"670fcd293f9c5f4310b80da5","role":"admin","email":"maria.ceballos@davinci.edu.ar","username":"mceballos"}
[2025-02-11T15:41:57.129Z] INFO: Información del usuario adjuntada a la solicitud: {"id":"670fcd293f9c5f4310b80da5","role":"admin","email":"maria.ceballos@davinci.edu.ar","username":"mceballos"}
[2025-02-11T15:41:57.295Z] INFO: Información del usuario adjuntada a la solicitud: {"id":"670fcd293f9c5f4310b80da5","role":"admin","email":"maria.ceballos@davinci.edu.ar","username":"mceballos"}
[2025-02-11T15:41:57.466Z] INFO: Información del usuario adjuntada a la solicitud: {"id":"670fcd293f9c5f4310b80da5","role":"admin","email":"maria.ceballos@davinci.edu.ar","username":"mceballos"}
[2025-02-11T15:41:57.649Z] INFO: Información del usuario adjuntada a la solicitud: {"id":"670fcd293f9c5f4310b80da5","role":"admin","email":"maria.ceballos@davinci.edu.ar","username":"mceballos"}
[2025-02-11T15:41:57.830Z] INFO: Información del usuario adjuntada a la solicitud: {"id":"670fcd293f9c5f4310b80da5","role":"admin","email":"maria.ceballos@davinci.edu.ar","username":"mceballos"}
[2025-02-11T15:41:58.073Z] INFO: Información del usuario adjuntada a la solicitud: {"id":"670fcd293f9c5f4310b80da5","role":"admin","email":"maria.ceballos@davinci.edu.ar","username":"mceballos"}
[2025-02-11T15:41:58.310Z] INFO: Información del usuario adjuntada a la solicitud: {"id":"670fcd293f9c5f4310b80da5","role":"admin","email":"maria.ceballos@davinci.edu.ar","username":"mceballos"}
[2025-02-11T15:41:58.511Z] INFO: Información del usuario adjuntada a la solicitud: {"id":"670fcd293f9c5f4310b80da5","role":"admin","email":"maria.ceballos@davinci.edu.ar","username":"mceballos"}
[2025-02-11T15:41:58.686Z] INFO: Información del usuario adjuntada a la solicitud: {"id":"670fcd293f9c5f4310b80da5","role":"admin","email":"maria.ceballos@davinci.edu.ar","username":"mceballos"}
[2025-02-11T15:41:58.894Z] INFO: Información del usuario adjuntada a la solicitud: {"id":"670fcd293f9c5f4310b80da5","role":"admin","email":"maria.ceballos@davinci.edu.ar","username":"mceballos"}
[2025-02-11T15:41:59.084Z] INFO: Información del usuario adjuntada a la solicitud: {"id":"670fcd293f9c5f4310b80da5","role":"admin","email":"maria.ceballos@davinci.edu.ar","username":"mceballos"}
[2025-02-11T15:41:59.328Z] INFO: Información del usuario adjuntada a la solicitud: {"id":"670fcd293f9c5f4310b80da5","role":"admin","email":"maria.ceballos@davinci.edu.ar","username":"mceballos"}
[2025-02-11T15:41:59.573Z] INFO: Información del usuario adjuntada a la solicitud: {"id":"670fcd293f9c5f4310b80da5","role":"admin","email":"maria.ceballos@davinci.edu.ar","username":"mceballos"}
[2025-02-11T15:41:59.743Z] INFO: Información del usuario adjuntada a la solicitud: {"id":"670fcd293f9c5f4310b80da5","role":"admin","email":"maria.ceballos@davinci.edu.ar","username":"mceballos"}
[2025-02-11T15:42:04.023Z] INFO: Información del usuario adjuntada a la solicitud: {"id":"670fcd293f9c5f4310b80da5","role":"admin","email":"maria.ceballos@davinci.edu.ar","username":"mceballos"}
[2025-02-11T15:42:04.204Z] INFO: Información del usuario adjuntada a la solicitud: {"id":"670fcd293f9c5f4310b80da5","role":"admin","email":"maria.ceballos@davinci.edu.ar","username":"mceballos"}
[2025-02-11T15:42:04.288Z] INFO: Información del usuario adjuntada a la solicitud: {"id":"670fcd293f9c5f4310b80da5","role":"admin","email":"maria.ceballos@davinci.edu.ar","username":"mceballos"}
[2025-02-11T15:42:04.493Z] INFO: Información del usuario adjuntada a la solicitud: {"id":"670fcd293f9c5f4310b80da5","role":"admin","email":"maria.ceballos@davinci.edu.ar","username":"mceballos"}
[2025-02-11T15:42:04.686Z] INFO: Información del usuario adjuntada a la solicitud: {"id":"670fcd293f9c5f4310b80da5","role":"admin","email":"maria.ceballos@davinci.edu.ar","username":"mceballos"}
[2025-02-11T15:42:04.874Z] INFO: Información del usuario adjuntada a la solicitud: {"id":"670fcd293f9c5f4310b80da5","role":"admin","email":"maria.ceballos@davinci.edu.ar","username":"mceballos"}
[2025-02-11T15:42:05.072Z] INFO: Información del usuario adjuntada a la solicitud: {"id":"670fcd293f9c5f4310b80da5","role":"admin","email":"maria.ceballos@davinci.edu.ar","username":"mceballos"}
[2025-02-11T15:42:05.285Z] INFO: Información del usuario adjuntada a la solicitud: {"id":"670fcd293f9c5f4310b80da5","role":"admin","email":"maria.ceballos@davinci.edu.ar","username":"mceballos"}
[2025-02-11T15:42:05.478Z] INFO: Información del usuario adjuntada a la solicitud: {"id":"670fcd293f9c5f4310b80da5","role":"admin","email":"maria.ceballos@davinci.edu.ar","username":"mceballos"}
[2025-02-11T15:42:05.651Z] INFO: Información del usuario adjuntada a la solicitud: {"id":"670fcd293f9c5f4310b80da5","role":"admin","email":"maria.ceballos@davinci.edu.ar","username":"mceballos"}
[2025-02-11T15:42:05.857Z] INFO: Información del usuario adjuntada a la solicitud: {"id":"670fcd293f9c5f4310b80da5","role":"admin","email":"maria.ceballos@davinci.edu.ar","username":"mceballos"}
[2025-02-11T15:42:06.051Z] INFO: Información del usuario adjuntada a la solicitud: {"id":"670fcd293f9c5f4310b80da5","role":"admin","email":"maria.ceballos@davinci.edu.ar","username":"mceballos"}
[2025-02-11T15:42:06.210Z] INFO: Información del usuario adjuntada a la solicitud: {"id":"670fcd293f9c5f4310b80da5","role":"admin","email":"maria.ceballos@davinci.edu.ar","username":"mceballos"}
[2025-02-11T15:42:06.258Z] INFO: Información del usuario adjuntada a la solicitud: {"id":"670fcd293f9c5f4310b80da5","role":"admin","email":"maria.ceballos@davinci.edu.ar","username":"mceballos"}
[2025-02-11T15:42:06.400Z] INFO: Información del usuario adjuntada a la solicitud: {"id":"670fcd293f9c5f4310b80da5","role":"admin","email":"maria.ceballos@davinci.edu.ar","username":"mceballos"}
[2025-02-11T15:42:06.464Z] INFO: Información del usuario adjuntada a la solicitud: {"id":"670fcd293f9c5f4310b80da5","role":"admin","email":"maria.ceballos@davinci.edu.ar","username":"mceballos"}
[2025-02-11T15:42:06.652Z] INFO: Información del usuario adjuntada a la solicitud: {"id":"670fcd293f9c5f4310b80da5","role":"admin","email":"maria.ceballos@davinci.edu.ar","username":"mceballos"}
[2025-02-11T15:42:06.818Z] INFO: Información del usuario adjuntada a la solicitud: {"id":"670fcd293f9c5f4310b80da5","role":"admin","email":"maria.ceballos@davinci.edu.ar","username":"mceballos"}
[2025-02-11T15:42:07.015Z] INFO: Información del usuario adjuntada a la solicitud: {"id":"670fcd293f9c5f4310b80da5","role":"admin","email":"maria.ceballos@davinci.edu.ar","username":"mceballos"}
[2025-02-11T15:42:07.188Z] INFO: Información del usuario adjuntada a la solicitud: {"id":"670fcd293f9c5f4310b80da5","role":"admin","email":"maria.ceballos@davinci.edu.ar","username":"mceballos"}
[2025-02-11T15:42:07.370Z] INFO: Información del usuario adjuntada a la solicitud: {"id":"670fcd293f9c5f4310b80da5","role":"admin","email":"maria.ceballos@davinci.edu.ar","username":"mceballos"}
[2025-02-11T15:42:07.529Z] INFO: Información del usuario adjuntada a la solicitud: {"id":"670fcd293f9c5f4310b80da5","role":"admin","email":"maria.ceballos@davinci.edu.ar","username":"mceballos"}
[2025-02-11T15:42:07.692Z] INFO: Información del usuario adjuntada a la solicitud: {"id":"670fcd293f9c5f4310b80da5","role":"admin","email":"maria.ceballos@davinci.edu.ar","username":"mceballos"}
[2025-02-11T15:42:07.901Z] INFO: Información del usuario adjuntada a la solicitud: {"id":"670fcd293f9c5f4310b80da5","role":"admin","email":"maria.ceballos@davinci.edu.ar","username":"mceballos"}
[2025-02-11T15:42:08.086Z] INFO: Información del usuario adjuntada a la solicitud: {"id":"670fcd293f9c5f4310b80da5","role":"admin","email":"maria.ceballos@davinci.edu.ar","username":"mceballos"}
[2025-02-11T15:42:08.280Z] INFO: Información del usuario adjuntada a la solicitud: {"id":"670fcd293f9c5f4310b80da5","role":"admin","email":"maria.ceballos@davinci.edu.ar","username":"mceballos"}
[2025-02-11T15:42:08.453Z] INFO: Información del usuario adjuntada a la solicitud: {"id":"670fcd293f9c5f4310b80da5","role":"admin","email":"maria.ceballos@davinci.edu.ar","username":"mceballos"}
[2025-02-11T15:42:08.627Z] INFO: Información del usuario adjuntada a la solicitud: {"id":"670fcd293f9c5f4310b80da5","role":"admin","email":"maria.ceballos@davinci.edu.ar","username":"mceballos"}
[2025-02-11T15:42:08.822Z] INFO: Información del usuario adjuntada a la solicitud: {"id":"670fcd293f9c5f4310b80da5","role":"admin","email":"maria.ceballos@davinci.edu.ar","username":"mceballos"}
[2025-02-11T15:42:09.008Z] INFO: Información del usuario adjuntada a la solicitud: {"id":"670fcd293f9c5f4310b80da5","role":"admin","email":"maria.ceballos@davinci.edu.ar","username":"mceballos"}
[2025-02-11T15:42:09.195Z] INFO: Información del usuario adjuntada a la solicitud: {"id":"670fcd293f9c5f4310b80da5","role":"admin","email":"maria.ceballos@davinci.edu.ar","username":"mceballos"}
[2025-02-11T15:42:09.372Z] INFO: Información del usuario adjuntada a la solicitud: {"id":"670fcd293f9c5f4310b80da5","role":"admin","email":"maria.ceballos@davinci.edu.ar","username":"mceballos"}
[2025-02-11T15:42:09.542Z] INFO: Información del usuario adjuntada a la solicitud: {"id":"670fcd293f9c5f4310b80da5","role":"admin","email":"maria.ceballos@davinci.edu.ar","username":"mceballos"}
[2025-02-11T15:42:09.720Z] INFO: Información del usuario adjuntada a la solicitud: {"id":"670fcd293f9c5f4310b80da5","role":"admin","email":"maria.ceballos@davinci.edu.ar","username":"mceballos"}
[2025-02-11T15:42:09.884Z] INFO: Información del usuario adjuntada a la solicitud: {"id":"670fcd293f9c5f4310b80da5","role":"admin","email":"maria.ceballos@davinci.edu.ar","username":"mceballos"}
[2025-02-11T15:42:10.040Z] INFO: Información del usuario adjuntada a la solicitud: {"id":"670fcd293f9c5f4310b80da5","role":"admin","email":"maria.ceballos@davinci.edu.ar","username":"mceballos"}
[2025-02-11T15:42:10.202Z] INFO: Información del usuario adjuntada a la solicitud: {"id":"670fcd293f9c5f4310b80da5","role":"admin","email":"maria.ceballos@davinci.edu.ar","username":"mceballos"}
[2025-02-11T15:42:10.397Z] INFO: Información del usuario adjuntada a la solicitud: {"id":"670fcd293f9c5f4310b80da5","role":"admin","email":"maria.ceballos@davinci.edu.ar","username":"mceballos"}
[2025-02-11T15:42:10.571Z] INFO: Información del usuario adjuntada a la solicitud: {"id":"670fcd293f9c5f4310b80da5","role":"admin","email":"maria.ceballos@davinci.edu.ar","username":"mceballos"}
[2025-02-11T15:42:10.739Z] INFO: Información del usuario adjuntada a la solicitud: {"id":"670fcd293f9c5f4310b80da5","role":"admin","email":"maria.ceballos@davinci.edu.ar","username":"mceballos"}
[2025-02-11T15:42:10.987Z] INFO: Información del usuario adjuntada a la solicitud: {"id":"670fcd293f9c5f4310b80da5","role":"admin","email":"maria.ceballos@davinci.edu.ar","username":"mceballos"}
[2025-02-11T15:42:11.198Z] INFO: Información del usuario adjuntada a la solicitud: {"id":"670fcd293f9c5f4310b80da5","role":"admin","email":"maria.ceballos@davinci.edu.ar","username":"mceballos"}
[2025-02-11T15:42:11.363Z] INFO: Información del usuario adjuntada a la solicitud: {"id":"670fcd293f9c5f4310b80da5","role":"admin","email":"maria.ceballos@davinci.edu.ar","username":"mceballos"}
[2025-02-11T15:42:11.570Z] INFO: Información del usuario adjuntada a la solicitud: {"id":"670fcd293f9c5f4310b80da5","role":"admin","email":"maria.ceballos@davinci.edu.ar","username":"mceballos"}
[2025-02-11T15:42:11.728Z] INFO: Información del usuario adjuntada a la solicitud: {"id":"670fcd293f9c5f4310b80da5","role":"admin","email":"maria.ceballos@davinci.edu.ar","username":"mceballos"}
[2025-02-11T15:42:11.895Z] INFO: Información del usuario adjuntada a la solicitud: {"id":"670fcd293f9c5f4310b80da5","role":"admin","email":"maria.ceballos@davinci.edu.ar","username":"mceballos"}
[2025-02-11T15:42:12.070Z] INFO: Información del usuario adjuntada a la solicitud: {"id":"670fcd293f9c5f4310b80da5","role":"admin","email":"maria.ceballos@davinci.edu.ar","username":"mceballos"}
[2025-02-11T15:42:12.236Z] INFO: Información del usuario adjuntada a la solicitud: {"id":"670fcd293f9c5f4310b80da5","role":"admin","email":"maria.ceballos@davinci.edu.ar","username":"mceballos"}
[2025-02-11T15:42:12.388Z] INFO: Información del usuario adjuntada a la solicitud: {"id":"670fcd293f9c5f4310b80da5","role":"admin","email":"maria.ceballos@davinci.edu.ar","username":"mceballos"}
[2025-02-11T15:42:12.573Z] INFO: Información del usuario adjuntada a la solicitud: {"id":"670fcd293f9c5f4310b80da5","role":"admin","email":"maria.ceballos@davinci.edu.ar","username":"mceballos"}
[2025-02-11T15:42:12.745Z] INFO: Información del usuario adjuntada a la solicitud: {"id":"670fcd293f9c5f4310b80da5","role":"admin","email":"maria.ceballos@davinci.edu.ar","username":"mceballos"}
[2025-02-11T15:42:12.899Z] INFO: Información del usuario adjuntada a la solicitud: {"id":"670fcd293f9c5f4310b80da5","role":"admin","email":"maria.ceballos@davinci.edu.ar","username":"mceballos"}
[2025-02-11T15:42:14.252Z] INFO: Información del usuario adjuntada a la solicitud: {"id":"670fcd293f9c5f4310b80da5","role":"admin","email":"maria.ceballos@davinci.edu.ar","username":"mceballos"}
[2025-02-11T15:42:14.262Z] INFO: Información del usuario adjuntada a la solicitud: {"id":"670fcd293f9c5f4310b80da5","role":"admin","email":"maria.ceballos@davinci.edu.ar","username":"mceballos"}
[2025-02-11T15:42:14.376Z] INFO: Información del usuario adjuntada a la solicitud: {"id":"670fcd293f9c5f4310b80da5","role":"admin","email":"maria.ceballos@davinci.edu.ar","username":"mceballos"}
[2025-02-11T15:42:14.439Z] INFO: Información del usuario adjuntada a la solicitud: {"id":"670fcd293f9c5f4310b80da5","role":"admin","email":"maria.ceballos@davinci.edu.ar","username":"mceballos"}
[2025-02-11T15:42:14.484Z] INFO: Información del usuario adjuntada a la solicitud: {"id":"670fcd293f9c5f4310b80da5","role":"admin","email":"maria.ceballos@davinci.edu.ar","username":"mceballos"}
[2025-02-11T15:42:14.538Z] INFO: Información del usuario adjuntada a la solicitud: {"id":"670fcd293f9c5f4310b80da5","role":"admin","email":"maria.ceballos@davinci.edu.ar","username":"mceballos"}
[2025-02-11T15:42:14.704Z] INFO: Información del usuario adjuntada a la solicitud: {"id":"670fcd293f9c5f4310b80da5","role":"admin","email":"maria.ceballos@davinci.edu.ar","username":"mceballos"}
[2025-02-11T15:42:14.731Z] INFO: Información del usuario adjuntada a la solicitud: {"id":"670fcd293f9c5f4310b80da5","role":"admin","email":"maria.ceballos@davinci.edu.ar","username":"mceballos"}
[2025-02-11T15:42:14.834Z] INFO: Información del usuario adjuntada a la solicitud: {"id":"670fcd293f9c5f4310b80da5","role":"admin","email":"maria.ceballos@davinci.edu.ar","username":"mceballos"}
[2025-02-11T15:42:15.005Z] INFO: Información del usuario adjuntada a la solicitud: {"id":"670fcd293f9c5f4310b80da5","role":"admin","email":"maria.ceballos@davinci.edu.ar","username":"mceballos"}
[2025-02-11T15:42:15.074Z] INFO: Información del usuario adjuntada a la solicitud: {"id":"670fcd293f9c5f4310b80da5","role":"admin","email":"maria.ceballos@davinci.edu.ar","username":"mceballos"}
[2025-02-11T15:42:15.254Z] INFO: Información del usuario adjuntada a la solicitud: {"id":"670fcd293f9c5f4310b80da5","role":"admin","email":"maria.ceballos@davinci.edu.ar","username":"mceballos"}
[2025-02-11T15:42:15.313Z] INFO: Información del usuario adjuntada a la solicitud: {"id":"670fcd293f9c5f4310b80da5","role":"admin","email":"maria.ceballos@davinci.edu.ar","username":"mceballos"}
[2025-02-11T15:42:15.457Z] INFO: Información del usuario adjuntada a la solicitud: {"id":"670fcd293f9c5f4310b80da5","role":"admin","email":"maria.ceballos@davinci.edu.ar","username":"mceballos"}
[2025-02-11T15:42:15.489Z] INFO: Información del usuario adjuntada a la solicitud: {"id":"670fcd293f9c5f4310b80da5","role":"admin","email":"maria.ceballos@davinci.edu.ar","username":"mceballos"}
[2025-02-11T15:42:15.620Z] INFO: Información del usuario adjuntada a la solicitud: {"id":"670fcd293f9c5f4310b80da5","role":"admin","email":"maria.ceballos@davinci.edu.ar","username":"mceballos"}
[2025-02-11T15:42:15.666Z] INFO: Información del usuario adjuntada a la solicitud: {"id":"670fcd293f9c5f4310b80da5","role":"admin","email":"maria.ceballos@davinci.edu.ar","username":"mceballos"}
[2025-02-11T15:42:15.806Z] INFO: Información del usuario adjuntada a la solicitud: {"id":"670fcd293f9c5f4310b80da5","role":"admin","email":"maria.ceballos@davinci.edu.ar","username":"mceballos"}
[2025-02-11T15:42:15.833Z] INFO: Información del usuario adjuntada a la solicitud: {"id":"670fcd293f9c5f4310b80da5","role":"admin","email":"maria.ceballos@davinci.edu.ar","username":"mceballos"}
[2025-02-11T15:42:16.014Z] INFO: Información del usuario adjuntada a la solicitud: {"id":"670fcd293f9c5f4310b80da5","role":"admin","email":"maria.ceballos@davinci.edu.ar","username":"mceballos"}
[2025-02-11T15:42:16.190Z] INFO: Información del usuario adjuntada a la solicitud: {"id":"670fcd293f9c5f4310b80da5","role":"admin","email":"maria.ceballos@davinci.edu.ar","username":"mceballos"}
[2025-02-11T15:42:16.379Z] INFO: Información del usuario adjuntada a la solicitud: {"id":"670fcd293f9c5f4310b80da5","role":"admin","email":"maria.ceballos@davinci.edu.ar","username":"mceballos"}
[2025-02-11T15:42:16.547Z] INFO: Información del usuario adjuntada a la solicitud: {"id":"670fcd293f9c5f4310b80da5","role":"admin","email":"maria.ceballos@davinci.edu.ar","username":"mceballos"}
[2025-02-11T15:42:16.744Z] INFO: Información del usuario adjuntada a la solicitud: {"id":"670fcd293f9c5f4310b80da5","role":"admin","email":"maria.ceballos@davinci.edu.ar","username":"mceballos"}
[2025-02-11T15:42:16.913Z] INFO: Información del usuario adjuntada a la solicitud: {"id":"670fcd293f9c5f4310b80da5","role":"admin","email":"maria.ceballos@davinci.edu.ar","username":"mceballos"}
[2025-02-11T15:42:17.125Z] INFO: Información del usuario adjuntada a la solicitud: {"id":"670fcd293f9c5f4310b80da5","role":"admin","email":"maria.ceballos@davinci.edu.ar","username":"mceballos"}
[2025-02-11T15:42:17.322Z] INFO: Información del usuario adjuntada a la solicitud: {"id":"670fcd293f9c5f4310b80da5","role":"admin","email":"maria.ceballos@davinci.edu.ar","username":"mceballos"}
[2025-02-11T15:42:17.507Z] INFO: Información del usuario adjuntada a la solicitud: {"id":"670fcd293f9c5f4310b80da5","role":"admin","email":"maria.ceballos@davinci.edu.ar","username":"mceballos"}
[2025-02-11T15:42:17.667Z] INFO: Información del usuario adjuntada a la solicitud: {"id":"670fcd293f9c5f4310b80da5","role":"admin","email":"maria.ceballos@davinci.edu.ar","username":"mceballos"}
[2025-02-11T15:42:17.876Z] INFO: Información del usuario adjuntada a la solicitud: {"id":"670fcd293f9c5f4310b80da5","role":"admin","email":"maria.ceballos@davinci.edu.ar","username":"mceballos"}
[2025-02-11T15:42:18.070Z] INFO: Información del usuario adjuntada a la solicitud: {"id":"670fcd293f9c5f4310b80da5","role":"admin","email":"maria.ceballos@davinci.edu.ar","username":"mceballos"}
[2025-02-11T15:42:18.224Z] INFO: Información del usuario adjuntada a la solicitud: {"id":"670fcd293f9c5f4310b80da5","role":"admin","email":"maria.ceballos@davinci.edu.ar","username":"mceballos"}
[2025-02-11T15:42:18.383Z] INFO: Información del usuario adjuntada a la solicitud: {"id":"670fcd293f9c5f4310b80da5","role":"admin","email":"maria.ceballos@davinci.edu.ar","username":"mceballos"}
[2025-02-11T15:42:18.562Z] INFO: Información del usuario adjuntada a la solicitud: {"id":"670fcd293f9c5f4310b80da5","role":"admin","email":"maria.ceballos@davinci.edu.ar","username":"mceballos"}
[2025-02-11T15:42:18.734Z] INFO: Información del usuario adjuntada a la solicitud: {"id":"670fcd293f9c5f4310b80da5","role":"admin","email":"maria.ceballos@davinci.edu.ar","username":"mceballos"}
[2025-02-11T15:42:18.933Z] INFO: Información del usuario adjuntada a la solicitud: {"id":"670fcd293f9c5f4310b80da5","role":"admin","email":"maria.ceballos@davinci.edu.ar","username":"mceballos"}
[2025-02-11T15:42:19.093Z] INFO: Información del usuario adjuntada a la solicitud: {"id":"670fcd293f9c5f4310b80da5","role":"admin","email":"maria.ceballos@davinci.edu.ar","username":"mceballos"}
[2025-02-11T15:42:19.250Z] INFO: Información del usuario adjuntada a la solicitud: {"id":"670fcd293f9c5f4310b80da5","role":"admin","email":"maria.ceballos@davinci.edu.ar","username":"mceballos"}
[2025-02-11T15:42:19.406Z] INFO: Información del usuario adjuntada a la solicitud: {"id":"670fcd293f9c5f4310b80da5","role":"admin","email":"maria.ceballos@davinci.edu.ar","username":"mceballos"}
[2025-02-11T15:42:19.563Z] INFO: Información del usuario adjuntada a la solicitud: {"id":"670fcd293f9c5f4310b80da5","role":"admin","email":"maria.ceballos@davinci.edu.ar","username":"mceballos"}
[2025-02-11T15:42:19.737Z] INFO: Información del usuario adjuntada a la solicitud: {"id":"670fcd293f9c5f4310b80da5","role":"admin","email":"maria.ceballos@davinci.edu.ar","username":"mceballos"}
[2025-02-11T15:42:19.907Z] INFO: Información del usuario adjuntada a la solicitud: {"id":"670fcd293f9c5f4310b80da5","role":"admin","email":"maria.ceballos@davinci.edu.ar","username":"mceballos"}
[2025-02-11T15:42:20.073Z] INFO: Información del usuario adjuntada a la solicitud: {"id":"670fcd293f9c5f4310b80da5","role":"admin","email":"maria.ceballos@davinci.edu.ar","username":"mceballos"}
[2025-02-11T15:42:20.235Z] INFO: Información del usuario adjuntada a la solicitud: {"id":"670fcd293f9c5f4310b80da5","role":"admin","email":"maria.ceballos@davinci.edu.ar","username":"mceballos"}
[2025-02-11T15:42:20.423Z] INFO: Información del usuario adjuntada a la solicitud: {"id":"670fcd293f9c5f4310b80da5","role":"admin","email":"maria.ceballos@davinci.edu.ar","username":"mceballos"}
[2025-02-11T15:42:20.579Z] INFO: Información del usuario adjuntada a la solicitud: {"id":"670fcd293f9c5f4310b80da5","role":"admin","email":"maria.ceballos@davinci.edu.ar","username":"mceballos"}
[2025-02-11T15:42:20.738Z] INFO: Información del usuario adjuntada a la solicitud: {"id":"670fcd293f9c5f4310b80da5","role":"admin","email":"maria.ceballos@davinci.edu.ar","username":"mceballos"}
[2025-02-11T15:42:20.912Z] INFO: Información del usuario adjuntada a la solicitud: {"id":"670fcd293f9c5f4310b80da5","role":"admin","email":"maria.ceballos@davinci.edu.ar","username":"mceballos"}
[2025-02-11T15:42:21.106Z] INFO: Información del usuario adjuntada a la solicitud: {"id":"670fcd293f9c5f4310b80da5","role":"admin","email":"maria.ceballos@davinci.edu.ar","username":"mceballos"}
[2025-02-11T15:42:21.292Z] INFO: Información del usuario adjuntada a la solicitud: {"id":"670fcd293f9c5f4310b80da5","role":"admin","email":"maria.ceballos@davinci.edu.ar","username":"mceballos"}
[2025-02-11T15:42:21.501Z] INFO: Información del usuario adjuntada a la solicitud: {"id":"670fcd293f9c5f4310b80da5","role":"admin","email":"maria.ceballos@davinci.edu.ar","username":"mceballos"}
[2025-02-11T15:42:21.668Z] INFO: Información del usuario adjuntada a la solicitud: {"id":"670fcd293f9c5f4310b80da5","role":"admin","email":"maria.ceballos@davinci.edu.ar","username":"mceballos"}
[2025-02-11T15:42:21.829Z] INFO: Información del usuario adjuntada a la solicitud: {"id":"670fcd293f9c5f4310b80da5","role":"admin","email":"maria.ceballos@davinci.edu.ar","username":"mceballos"}
[2025-02-11T15:42:22.014Z] INFO: Información del usuario adjuntada a la solicitud: {"id":"670fcd293f9c5f4310b80da5","role":"admin","email":"maria.ceballos@davinci.edu.ar","username":"mceballos"}
[2025-02-11T15:42:22.179Z] INFO: Información del usuario adjuntada a la solicitud: {"id":"670fcd293f9c5f4310b80da5","role":"admin","email":"maria.ceballos@davinci.edu.ar","username":"mceballos"}
[2025-02-11T15:42:22.366Z] INFO: Información del usuario adjuntada a la solicitud: {"id":"670fcd293f9c5f4310b80da5","role":"admin","email":"maria.ceballos@davinci.edu.ar","username":"mceballos"}
[2025-02-11T15:42:22.547Z] INFO: Información del usuario adjuntada a la solicitud: {"id":"670fcd293f9c5f4310b80da5","role":"admin","email":"maria.ceballos@davinci.edu.ar","username":"mceballos"}
[2025-02-11T15:42:22.750Z] INFO: Información del usuario adjuntada a la solicitud: {"id":"670fcd293f9c5f4310b80da5","role":"admin","email":"maria.ceballos@davinci.edu.ar","username":"mceballos"}
[2025-02-11T15:42:22.935Z] INFO: Información del usuario adjuntada a la solicitud: {"id":"670fcd293f9c5f4310b80da5","role":"admin","email":"maria.ceballos@davinci.edu.ar","username":"mceballos"}
[2025-02-11T15:42:23.099Z] INFO: Información del usuario adjuntada a la solicitud: {"id":"670fcd293f9c5f4310b80da5","role":"admin","email":"maria.ceballos@davinci.edu.ar","username":"mceballos"}
[2025-02-11T15:42:23.304Z] INFO: Información del usuario adjuntada a la solicitud: {"id":"670fcd293f9c5f4310b80da5","role":"admin","email":"maria.ceballos@davinci.edu.ar","username":"mceballos"}
[2025-02-11T15:42:23.501Z] INFO: Información del usuario adjuntada a la solicitud: {"id":"670fcd293f9c5f4310b80da5","role":"admin","email":"maria.ceballos@davinci.edu.ar","username":"mceballos"}
[2025-02-11T15:42:23.708Z] INFO: Información del usuario adjuntada a la solicitud: {"id":"670fcd293f9c5f4310b80da5","role":"admin","email":"maria.ceballos@davinci.edu.ar","username":"mceballos"}
[2025-02-11T15:42:23.884Z] INFO: Información del usuario adjuntada a la solicitud: {"id":"670fcd293f9c5f4310b80da5","role":"admin","email":"maria.ceballos@davinci.edu.ar","username":"mceballos"}
[2025-02-11T15:42:24.060Z] INFO: Información del usuario adjuntada a la solicitud: {"id":"670fcd293f9c5f4310b80da5","role":"admin","email":"maria.ceballos@davinci.edu.ar","username":"mceballos"}
[2025-02-11T15:42:24.223Z] INFO: Información del usuario adjuntada a la solicitud: {"id":"670fcd293f9c5f4310b80da5","role":"admin","email":"maria.ceballos@davinci.edu.ar","username":"mceballos"}
[2025-02-11T15:42:24.428Z] INFO: Información del usuario adjuntada a la solicitud: {"id":"670fcd293f9c5f4310b80da5","role":"admin","email":"maria.ceballos@davinci.edu.ar","username":"mceballos"}
[2025-02-11T15:42:24.640Z] INFO: Información del usuario adjuntada a la solicitud: {"id":"670fcd293f9c5f4310b80da5","role":"admin","email":"maria.ceballos@davinci.edu.ar","username":"mceballos"}
[2025-02-11T15:42:24.826Z] INFO: Información del usuario adjuntada a la solicitud: {"id":"670fcd293f9c5f4310b80da5","role":"admin","email":"maria.ceballos@davinci.edu.ar","username":"mceballos"}
[2025-02-11T15:42:24.997Z] INFO: Información del usuario adjuntada a la solicitud: {"id":"670fcd293f9c5f4310b80da5","role":"admin","email":"maria.ceballos@davinci.edu.ar","username":"mceballos"}
[2025-02-11T15:42:25.195Z] INFO: Información del usuario adjuntada a la solicitud: {"id":"670fcd293f9c5f4310b80da5","role":"admin","email":"maria.ceballos@davinci.edu.ar","username":"mceballos"}
[2025-02-11T15:42:25.370Z] INFO: Información del usuario adjuntada a la solicitud: {"id":"670fcd293f9c5f4310b80da5","role":"admin","email":"maria.ceballos@davinci.edu.ar","username":"mceballos"}
[2025-02-11T15:42:25.540Z] INFO: Información del usuario adjuntada a la solicitud: {"id":"670fcd293f9c5f4310b80da5","role":"admin","email":"maria.ceballos@davinci.edu.ar","username":"mceballos"}
[2025-02-11T15:42:25.699Z] INFO: Información del usuario adjuntada a la solicitud: {"id":"670fcd293f9c5f4310b80da5","role":"admin","email":"maria.ceballos@davinci.edu.ar","username":"mceballos"}
[2025-02-11T15:42:25.871Z] INFO: Información del usuario adjuntada a la solicitud: {"id":"670fcd293f9c5f4310b80da5","role":"admin","email":"maria.ceballos@davinci.edu.ar","username":"mceballos"}
[2025-02-11T15:42:26.052Z] INFO: Información del usuario adjuntada a la solicitud: {"id":"670fcd293f9c5f4310b80da5","role":"admin","email":"maria.ceballos@davinci.edu.ar","username":"mceballos"}
[2025-02-11T15:42:26.215Z] INFO: Información del usuario adjuntada a la solicitud: {"id":"670fcd293f9c5f4310b80da5","role":"admin","email":"maria.ceballos@davinci.edu.ar","username":"mceballos"}
[2025-02-11T15:42:26.381Z] INFO: Información del usuario adjuntada a la solicitud: {"id":"670fcd293f9c5f4310b80da5","role":"admin","email":"maria.ceballos@davinci.edu.ar","username":"mceballos"}
[2025-02-11T15:42:26.576Z] INFO: Información del usuario adjuntada a la solicitud: {"id":"670fcd293f9c5f4310b80da5","role":"admin","email":"maria.ceballos@davinci.edu.ar","username":"mceballos"}
[2025-02-11T15:42:26.781Z] INFO: Información del usuario adjuntada a la solicitud: {"id":"670fcd293f9c5f4310b80da5","role":"admin","email":"maria.ceballos@davinci.edu.ar","username":"mceballos"}
[2025-02-11T15:42:26.949Z] INFO: Información del usuario adjuntada a la solicitud: {"id":"670fcd293f9c5f4310b80da5","role":"admin","email":"maria.ceballos@davinci.edu.ar","username":"mceballos"}
[2025-02-11T15:42:27.121Z] INFO: Información del usuario adjuntada a la solicitud: {"id":"670fcd293f9c5f4310b80da5","role":"admin","email":"maria.ceballos@davinci.edu.ar","username":"mceballos"}
[2025-02-11T15:42:27.394Z] INFO: Información del usuario adjuntada a la solicitud: {"id":"670fcd293f9c5f4310b80da5","role":"admin","email":"maria.ceballos@davinci.edu.ar","username":"mceballos"}
[2025-02-11T15:42:27.559Z] INFO: Información del usuario adjuntada a la solicitud: {"id":"670fcd293f9c5f4310b80da5","role":"admin","email":"maria.ceballos@davinci.edu.ar","username":"mceballos"}
[2025-02-11T15:42:27.736Z] INFO: Información del usuario adjuntada a la solicitud: {"id":"670fcd293f9c5f4310b80da5","role":"admin","email":"maria.ceballos@davinci.edu.ar","username":"mceballos"}
[2025-02-11T15:42:27.903Z] INFO: Información del usuario adjuntada a la solicitud: {"id":"670fcd293f9c5f4310b80da5","role":"admin","email":"maria.ceballos@davinci.edu.ar","username":"mceballos"}
[2025-02-11T15:42:28.060Z] INFO: Información del usuario adjuntada a la solicitud: {"id":"670fcd293f9c5f4310b80da5","role":"admin","email":"maria.ceballos@davinci.edu.ar","username":"mceballos"}
[2025-02-11T15:42:28.236Z] INFO: Información del usuario adjuntada a la solicitud: {"id":"670fcd293f9c5f4310b80da5","role":"admin","email":"maria.ceballos@davinci.edu.ar","username":"mceballos"}
[2025-02-11T15:42:28.419Z] INFO: Información del usuario adjuntada a la solicitud: {"id":"670fcd293f9c5f4310b80da5","role":"admin","email":"maria.ceballos@davinci.edu.ar","username":"mceballos"}
[2025-02-11T15:42:28.586Z] INFO: Información del usuario adjuntada a la solicitud: {"id":"670fcd293f9c5f4310b80da5","role":"admin","email":"maria.ceballos@davinci.edu.ar","username":"mceballos"}
[2025-02-11T15:42:28.768Z] INFO: Información del usuario adjuntada a la solicitud: {"id":"670fcd293f9c5f4310b80da5","role":"admin","email":"maria.ceballos@davinci.edu.ar","username":"mceballos"}
[2025-02-11T15:42:28.957Z] INFO: Información del usuario adjuntada a la solicitud: {"id":"670fcd293f9c5f4310b80da5","role":"admin","email":"maria.ceballos@davinci.edu.ar","username":"mceballos"}
[2025-02-11T15:42:29.123Z] INFO: Información del usuario adjuntada a la solicitud: {"id":"670fcd293f9c5f4310b80da5","role":"admin","email":"maria.ceballos@davinci.edu.ar","username":"mceballos"}
[2025-02-11T15:42:29.289Z] INFO: Información del usuario adjuntada a la solicitud: {"id":"670fcd293f9c5f4310b80da5","role":"admin","email":"maria.ceballos@davinci.edu.ar","username":"mceballos"}
[2025-02-11T15:42:29.462Z] INFO: Información del usuario adjuntada a la solicitud: {"id":"670fcd293f9c5f4310b80da5","role":"admin","email":"maria.ceballos@davinci.edu.ar","username":"mceballos"}
[2025-02-11T15:42:29.639Z] INFO: Información del usuario adjuntada a la solicitud: {"id":"670fcd293f9c5f4310b80da5","role":"admin","email":"maria.ceballos@davinci.edu.ar","username":"mceballos"}
[2025-02-11T15:42:29.797Z] INFO: Información del usuario adjuntada a la solicitud: {"id":"670fcd293f9c5f4310b80da5","role":"admin","email":"maria.ceballos@davinci.edu.ar","username":"mceballos"}
[2025-02-11T15:42:29.963Z] INFO: Información del usuario adjuntada a la solicitud: {"id":"670fcd293f9c5f4310b80da5","role":"admin","email":"maria.ceballos@davinci.edu.ar","username":"mceballos"}
[2025-02-11T15:42:30.149Z] INFO: Información del usuario adjuntada a la solicitud: {"id":"670fcd293f9c5f4310b80da5","role":"admin","email":"maria.ceballos@davinci.edu.ar","username":"mceballos"}
[2025-02-11T15:42:30.309Z] INFO: Información del usuario adjuntada a la solicitud: {"id":"670fcd293f9c5f4310b80da5","role":"admin","email":"maria.ceballos@davinci.edu.ar","username":"mceballos"}
[2025-02-11T15:42:30.501Z] INFO: Información del usuario adjuntada a la solicitud: {"id":"670fcd293f9c5f4310b80da5","role":"admin","email":"maria.ceballos@davinci.edu.ar","username":"mceballos"}
[2025-02-11T15:42:30.699Z] INFO: Información del usuario adjuntada a la solicitud: {"id":"670fcd293f9c5f4310b80da5","role":"admin","email":"maria.ceballos@davinci.edu.ar","username":"mceballos"}
[2025-02-11T15:42:30.866Z] INFO: Información del usuario adjuntada a la solicitud: {"id":"670fcd293f9c5f4310b80da5","role":"admin","email":"maria.ceballos@davinci.edu.ar","username":"mceballos"}
[2025-02-11T15:42:31.030Z] INFO: Información del usuario adjuntada a la solicitud: {"id":"670fcd293f9c5f4310b80da5","role":"admin","email":"maria.ceballos@davinci.edu.ar","username":"mceballos"}
[2025-02-11T15:42:31.183Z] INFO: Información del usuario adjuntada a la solicitud: {"id":"670fcd293f9c5f4310b80da5","role":"admin","email":"maria.ceballos@davinci.edu.ar","username":"mceballos"}
[2025-02-11T15:42:31.341Z] INFO: Información del usuario adjuntada a la solicitud: {"id":"670fcd293f9c5f4310b80da5","role":"admin","email":"maria.ceballos@davinci.edu.ar","username":"mceballos"}
[2025-02-11T15:42:31.529Z] INFO: Información del usuario adjuntada a la solicitud: {"id":"670fcd293f9c5f4310b80da5","role":"admin","email":"maria.ceballos@davinci.edu.ar","username":"mceballos"}
[2025-02-11T15:42:31.722Z] INFO: Información del usuario adjuntada a la solicitud: {"id":"670fcd293f9c5f4310b80da5","role":"admin","email":"maria.ceballos@davinci.edu.ar","username":"mceballos"}
[2025-02-11T15:42:31.901Z] INFO: Información del usuario adjuntada a la solicitud: {"id":"670fcd293f9c5f4310b80da5","role":"admin","email":"maria.ceballos@davinci.edu.ar","username":"mceballos"}
[2025-02-11T15:42:32.067Z] INFO: Información del usuario adjuntada a la solicitud: {"id":"670fcd293f9c5f4310b80da5","role":"admin","email":"maria.ceballos@davinci.edu.ar","username":"mceballos"}
[2025-02-11T15:42:32.243Z] INFO: Información del usuario adjuntada a la solicitud: {"id":"670fcd293f9c5f4310b80da5","role":"admin","email":"maria.ceballos@davinci.edu.ar","username":"mceballos"}
[2025-02-11T15:42:32.419Z] INFO: Información del usuario adjuntada a la solicitud: {"id":"670fcd293f9c5f4310b80da5","role":"admin","email":"maria.ceballos@davinci.edu.ar","username":"mceballos"}
[2025-02-11T15:42:32.581Z] INFO: Información del usuario adjuntada a la solicitud: {"id":"670fcd293f9c5f4310b80da5","role":"admin","email":"maria.ceballos@davinci.edu.ar","username":"mceballos"}
[2025-02-11T15:42:32.764Z] INFO: Información del usuario adjuntada a la solicitud: {"id":"670fcd293f9c5f4310b80da5","role":"admin","email":"maria.ceballos@davinci.edu.ar","username":"mceballos"}
[2025-02-11T15:42:32.924Z] INFO: Información del usuario adjuntada a la solicitud: {"id":"670fcd293f9c5f4310b80da5","role":"admin","email":"maria.ceballos@davinci.edu.ar","username":"mceballos"}
[2025-02-11T15:42:33.098Z] INFO: Información del usuario adjuntada a la solicitud: {"id":"670fcd293f9c5f4310b80da5","role":"admin","email":"maria.ceballos@davinci.edu.ar","username":"mceballos"}
[2025-02-11T15:43:08.932Z] INFO: Información del usuario adjuntada a la solicitud: {"id":"670fcd293f9c5f4310b80da5","role":"admin","email":"maria.ceballos@davinci.edu.ar","username":"mceballos"}
[2025-02-11T15:43:08.934Z] INFO: Información del usuario adjuntada a la solicitud: {"id":"670fcd293f9c5f4310b80da5","role":"admin","email":"maria.ceballos@davinci.edu.ar","username":"mceballos"}
[2025-02-11T15:43:09.061Z] INFO: Información del usuario adjuntada a la solicitud: {"id":"670fcd293f9c5f4310b80da5","role":"admin","email":"maria.ceballos@davinci.edu.ar","username":"mceballos"}
[2025-02-11T15:43:09.063Z] INFO: Información del usuario adjuntada a la solicitud: {"id":"670fcd293f9c5f4310b80da5","role":"admin","email":"maria.ceballos@davinci.edu.ar","username":"mceballos"}
[2025-02-11T15:43:10.679Z] INFO: Información del usuario adjuntada a la solicitud: {"id":"670fcd293f9c5f4310b80da5","role":"admin","email":"maria.ceballos@davinci.edu.ar","username":"mceballos"}
[2025-02-11T15:43:10.804Z] INFO: Información del usuario adjuntada a la solicitud: {"id":"670fcd293f9c5f4310b80da5","role":"admin","email":"maria.ceballos@davinci.edu.ar","username":"mceballos"}
[2025-02-11T15:43:16.633Z] INFO: Información del usuario adjuntada a la solicitud: {"id":"670fcd293f9c5f4310b80da5","role":"admin","email":"maria.ceballos@davinci.edu.ar","username":"mceballos"}
[2025-02-11T15:43:16.828Z] INFO: Información del usuario adjuntada a la solicitud: {"id":"670fcd293f9c5f4310b80da5","role":"admin","email":"maria.ceballos@davinci.edu.ar","username":"mceballos"}
[2025-02-11T15:43:16.896Z] INFO: Información del usuario adjuntada a la solicitud: {"id":"670fcd293f9c5f4310b80da5","role":"admin","email":"maria.ceballos@davinci.edu.ar","username":"mceballos"}
[2025-02-11T15:43:17.096Z] INFO: Información del usuario adjuntada a la solicitud: {"id":"670fcd293f9c5f4310b80da5","role":"admin","email":"maria.ceballos@davinci.edu.ar","username":"mceballos"}
[2025-02-11T15:43:17.169Z] INFO: Información del usuario adjuntada a la solicitud: {"id":"670fcd293f9c5f4310b80da5","role":"admin","email":"maria.ceballos@davinci.edu.ar","username":"mceballos"}
[2025-02-11T15:43:17.301Z] INFO: Información del usuario adjuntada a la solicitud: {"id":"670fcd293f9c5f4310b80da5","role":"admin","email":"maria.ceballos@davinci.edu.ar","username":"mceballos"}
[2025-02-11T15:43:17.361Z] INFO: Información del usuario adjuntada a la solicitud: {"id":"670fcd293f9c5f4310b80da5","role":"admin","email":"maria.ceballos@davinci.edu.ar","username":"mceballos"}
[2025-02-11T15:43:17.535Z] INFO: Información del usuario adjuntada a la solicitud: {"id":"670fcd293f9c5f4310b80da5","role":"admin","email":"maria.ceballos@davinci.edu.ar","username":"mceballos"}
[2025-02-11T15:43:17.738Z] INFO: Información del usuario adjuntada a la solicitud: {"id":"670fcd293f9c5f4310b80da5","role":"admin","email":"maria.ceballos@davinci.edu.ar","username":"mceballos"}
[2025-02-11T15:43:17.915Z] INFO: Información del usuario adjuntada a la solicitud: {"id":"670fcd293f9c5f4310b80da5","role":"admin","email":"maria.ceballos@davinci.edu.ar","username":"mceballos"}
[2025-02-11T15:43:18.089Z] INFO: Información del usuario adjuntada a la solicitud: {"id":"670fcd293f9c5f4310b80da5","role":"admin","email":"maria.ceballos@davinci.edu.ar","username":"mceballos"}
[2025-02-11T15:43:18.288Z] INFO: Información del usuario adjuntada a la solicitud: {"id":"670fcd293f9c5f4310b80da5","role":"admin","email":"maria.ceballos@davinci.edu.ar","username":"mceballos"}
[2025-02-11T15:43:18.461Z] INFO: Información del usuario adjuntada a la solicitud: {"id":"670fcd293f9c5f4310b80da5","role":"admin","email":"maria.ceballos@davinci.edu.ar","username":"mceballos"}
[2025-02-11T15:43:18.647Z] INFO: Información del usuario adjuntada a la solicitud: {"id":"670fcd293f9c5f4310b80da5","role":"admin","email":"maria.ceballos@davinci.edu.ar","username":"mceballos"}
[2025-02-11T15:43:18.836Z] INFO: Información del usuario adjuntada a la solicitud: {"id":"670fcd293f9c5f4310b80da5","role":"admin","email":"maria.ceballos@davinci.edu.ar","username":"mceballos"}
[2025-02-11T15:43:19.001Z] INFO: Información del usuario adjuntada a la solicitud: {"id":"670fcd293f9c5f4310b80da5","role":"admin","email":"maria.ceballos@davinci.edu.ar","username":"mceballos"}
[2025-02-11T15:43:19.182Z] INFO: Información del usuario adjuntada a la solicitud: {"id":"670fcd293f9c5f4310b80da5","role":"admin","email":"maria.ceballos@davinci.edu.ar","username":"mceballos"}
[2025-02-11T15:43:19.358Z] INFO: Información del usuario adjuntada a la solicitud: {"id":"670fcd293f9c5f4310b80da5","role":"admin","email":"maria.ceballos@davinci.edu.ar","username":"mceballos"}
[2025-02-11T15:43:19.560Z] INFO: Información del usuario adjuntada a la solicitud: {"id":"670fcd293f9c5f4310b80da5","role":"admin","email":"maria.ceballos@davinci.edu.ar","username":"mceballos"}
[2025-02-11T15:43:19.724Z] INFO: Información del usuario adjuntada a la solicitud: {"id":"670fcd293f9c5f4310b80da5","role":"admin","email":"maria.ceballos@davinci.edu.ar","username":"mceballos"}
[2025-02-11T15:43:19.925Z] INFO: Información del usuario adjuntada a la solicitud: {"id":"670fcd293f9c5f4310b80da5","role":"admin","email":"maria.ceballos@davinci.edu.ar","username":"mceballos"}
[2025-02-11T15:43:20.097Z] INFO: Información del usuario adjuntada a la solicitud: {"id":"670fcd293f9c5f4310b80da5","role":"admin","email":"maria.ceballos@davinci.edu.ar","username":"mceballos"}
[2025-02-11T15:43:20.269Z] INFO: Información del usuario adjuntada a la solicitud: {"id":"670fcd293f9c5f4310b80da5","role":"admin","email":"maria.ceballos@davinci.edu.ar","username":"mceballos"}
[2025-02-11T15:43:20.446Z] INFO: Información del usuario adjuntada a la solicitud: {"id":"670fcd293f9c5f4310b80da5","role":"admin","email":"maria.ceballos@davinci.edu.ar","username":"mceballos"}
[2025-02-11T15:43:20.653Z] INFO: Información del usuario adjuntada a la solicitud: {"id":"670fcd293f9c5f4310b80da5","role":"admin","email":"maria.ceballos@davinci.edu.ar","username":"mceballos"}
[2025-02-11T15:43:20.811Z] INFO: Información del usuario adjuntada a la solicitud: {"id":"670fcd293f9c5f4310b80da5","role":"admin","email":"maria.ceballos@davinci.edu.ar","username":"mceballos"}
[2025-02-11T15:43:20.992Z] INFO: Información del usuario adjuntada a la solicitud: {"id":"670fcd293f9c5f4310b80da5","role":"admin","email":"maria.ceballos@davinci.edu.ar","username":"mceballos"}
[2025-02-11T15:43:21.154Z] INFO: Información del usuario adjuntada a la solicitud: {"id":"670fcd293f9c5f4310b80da5","role":"admin","email":"maria.ceballos@davinci.edu.ar","username":"mceballos"}
[2025-02-11T15:43:21.325Z] INFO: Información del usuario adjuntada a la solicitud: {"id":"670fcd293f9c5f4310b80da5","role":"admin","email":"maria.ceballos@davinci.edu.ar","username":"mceballos"}
[2025-02-11T15:43:21.528Z] INFO: Información del usuario adjuntada a la solicitud: {"id":"670fcd293f9c5f4310b80da5","role":"admin","email":"maria.ceballos@davinci.edu.ar","username":"mceballos"}
[2025-02-11T15:43:21.717Z] INFO: Información del usuario adjuntada a la solicitud: {"id":"670fcd293f9c5f4310b80da5","role":"admin","email":"maria.ceballos@davinci.edu.ar","username":"mceballos"}
[2025-02-11T15:43:21.874Z] INFO: Información del usuario adjuntada a la solicitud: {"id":"670fcd293f9c5f4310b80da5","role":"admin","email":"maria.ceballos@davinci.edu.ar","username":"mceballos"}
[2025-02-11T15:43:22.061Z] INFO: Información del usuario adjuntada a la solicitud: {"id":"670fcd293f9c5f4310b80da5","role":"admin","email":"maria.ceballos@davinci.edu.ar","username":"mceballos"}
[2025-02-11T15:43:22.227Z] INFO: Información del usuario adjuntada a la solicitud: {"id":"670fcd293f9c5f4310b80da5","role":"admin","email":"maria.ceballos@davinci.edu.ar","username":"mceballos"}
[2025-02-11T15:43:22.406Z] INFO: Información del usuario adjuntada a la solicitud: {"id":"670fcd293f9c5f4310b80da5","role":"admin","email":"maria.ceballos@davinci.edu.ar","username":"mceballos"}
[2025-02-11T15:43:22.588Z] INFO: Información del usuario adjuntada a la solicitud: {"id":"670fcd293f9c5f4310b80da5","role":"admin","email":"maria.ceballos@davinci.edu.ar","username":"mceballos"}
[2025-02-11T15:51:20.182Z] INFO: Usuario encontrado: mceballos
[2025-02-11T15:51:20.237Z] INFO: Token generado para usuario: mceballos
[2025-02-11T15:51:20.304Z] INFO: Información del usuario adjuntada a la solicitud: {"id":"670fcd293f9c5f4310b80da5","role":"admin","email":"maria.ceballos@davinci.edu.ar","username":"mceballos"}
[2025-02-11T15:51:20.481Z] INFO: Información del usuario adjuntada a la solicitud: {"id":"670fcd293f9c5f4310b80da5","role":"admin","email":"maria.ceballos@davinci.edu.ar","username":"mceballos"}
[2025-02-11T15:51:22.336Z] INFO: Información del usuario adjuntada a la solicitud: {"id":"670fcd293f9c5f4310b80da5","role":"admin","email":"maria.ceballos@davinci.edu.ar","username":"mceballos"}
[2025-02-11T15:51:22.522Z] INFO: Información del usuario adjuntada a la solicitud: {"id":"670fcd293f9c5f4310b80da5","role":"admin","email":"maria.ceballos@davinci.edu.ar","username":"mceballos"}
[2025-02-11T15:51:22.564Z] INFO: Información del usuario adjuntada a la solicitud: {"id":"670fcd293f9c5f4310b80da5","role":"admin","email":"maria.ceballos@davinci.edu.ar","username":"mceballos"}
[2025-02-11T15:51:22.816Z] INFO: Información del usuario adjuntada a la solicitud: {"id":"670fcd293f9c5f4310b80da5","role":"admin","email":"maria.ceballos@davinci.edu.ar","username":"mceballos"}
[2025-02-11T15:51:22.819Z] INFO: Información del usuario adjuntada a la solicitud: {"id":"670fcd293f9c5f4310b80da5","role":"admin","email":"maria.ceballos@davinci.edu.ar","username":"mceballos"}
[2025-02-11T15:51:22.998Z] INFO: Información del usuario adjuntada a la solicitud: {"id":"670fcd293f9c5f4310b80da5","role":"admin","email":"maria.ceballos@davinci.edu.ar","username":"mceballos"}
[2025-02-11T15:51:23.005Z] INFO: Información del usuario adjuntada a la solicitud: {"id":"670fcd293f9c5f4310b80da5","role":"admin","email":"maria.ceballos@davinci.edu.ar","username":"mceballos"}
[2025-02-11T15:51:23.165Z] INFO: Información del usuario adjuntada a la solicitud: {"id":"670fcd293f9c5f4310b80da5","role":"admin","email":"maria.ceballos@davinci.edu.ar","username":"mceballos"}
[2025-02-11T15:51:23.339Z] INFO: Información del usuario adjuntada a la solicitud: {"id":"670fcd293f9c5f4310b80da5","role":"admin","email":"maria.ceballos@davinci.edu.ar","username":"mceballos"}
[2025-02-11T15:51:23.504Z] INFO: Información del usuario adjuntada a la solicitud: {"id":"670fcd293f9c5f4310b80da5","role":"admin","email":"maria.ceballos@davinci.edu.ar","username":"mceballos"}
[2025-02-11T15:51:23.686Z] INFO: Información del usuario adjuntada a la solicitud: {"id":"670fcd293f9c5f4310b80da5","role":"admin","email":"maria.ceballos@davinci.edu.ar","username":"mceballos"}
[2025-02-11T15:51:23.868Z] INFO: Información del usuario adjuntada a la solicitud: {"id":"670fcd293f9c5f4310b80da5","role":"admin","email":"maria.ceballos@davinci.edu.ar","username":"mceballos"}
[2025-02-11T15:51:24.030Z] INFO: Información del usuario adjuntada a la solicitud: {"id":"670fcd293f9c5f4310b80da5","role":"admin","email":"maria.ceballos@davinci.edu.ar","username":"mceballos"}
[2025-02-11T15:51:24.198Z] INFO: Información del usuario adjuntada a la solicitud: {"id":"670fcd293f9c5f4310b80da5","role":"admin","email":"maria.ceballos@davinci.edu.ar","username":"mceballos"}
[2025-02-11T15:51:24.383Z] INFO: Información del usuario adjuntada a la solicitud: {"id":"670fcd293f9c5f4310b80da5","role":"admin","email":"maria.ceballos@davinci.edu.ar","username":"mceballos"}
[2025-02-11T15:51:24.562Z] INFO: Información del usuario adjuntada a la solicitud: {"id":"670fcd293f9c5f4310b80da5","role":"admin","email":"maria.ceballos@davinci.edu.ar","username":"mceballos"}
[2025-02-11T15:51:24.733Z] INFO: Información del usuario adjuntada a la solicitud: {"id":"670fcd293f9c5f4310b80da5","role":"admin","email":"maria.ceballos@davinci.edu.ar","username":"mceballos"}
[2025-02-11T15:51:24.888Z] INFO: Información del usuario adjuntada a la solicitud: {"id":"670fcd293f9c5f4310b80da5","role":"admin","email":"maria.ceballos@davinci.edu.ar","username":"mceballos"}
[2025-02-11T15:51:25.060Z] INFO: Información del usuario adjuntada a la solicitud: {"id":"670fcd293f9c5f4310b80da5","role":"admin","email":"maria.ceballos@davinci.edu.ar","username":"mceballos"}
[2025-02-11T15:51:25.219Z] INFO: Información del usuario adjuntada a la solicitud: {"id":"670fcd293f9c5f4310b80da5","role":"admin","email":"maria.ceballos@davinci.edu.ar","username":"mceballos"}
[2025-02-11T15:51:25.401Z] INFO: Información del usuario adjuntada a la solicitud: {"id":"670fcd293f9c5f4310b80da5","role":"admin","email":"maria.ceballos@davinci.edu.ar","username":"mceballos"}
[2025-02-11T15:51:25.566Z] INFO: Información del usuario adjuntada a la solicitud: {"id":"670fcd293f9c5f4310b80da5","role":"admin","email":"maria.ceballos@davinci.edu.ar","username":"mceballos"}
[2025-02-11T15:51:25.759Z] INFO: Información del usuario adjuntada a la solicitud: {"id":"670fcd293f9c5f4310b80da5","role":"admin","email":"maria.ceballos@davinci.edu.ar","username":"mceballos"}
[2025-02-11T15:51:25.934Z] INFO: Información del usuario adjuntada a la solicitud: {"id":"670fcd293f9c5f4310b80da5","role":"admin","email":"maria.ceballos@davinci.edu.ar","username":"mceballos"}
[2025-02-11T15:51:26.104Z] INFO: Información del usuario adjuntada a la solicitud: {"id":"670fcd293f9c5f4310b80da5","role":"admin","email":"maria.ceballos@davinci.edu.ar","username":"mceballos"}
[2025-02-11T15:51:26.286Z] INFO: Información del usuario adjuntada a la solicitud: {"id":"670fcd293f9c5f4310b80da5","role":"admin","email":"maria.ceballos@davinci.edu.ar","username":"mceballos"}
[2025-02-11T15:51:26.473Z] INFO: Información del usuario adjuntada a la solicitud: {"id":"670fcd293f9c5f4310b80da5","role":"admin","email":"maria.ceballos@davinci.edu.ar","username":"mceballos"}
[2025-02-11T15:51:26.635Z] INFO: Información del usuario adjuntada a la solicitud: {"id":"670fcd293f9c5f4310b80da5","role":"admin","email":"maria.ceballos@davinci.edu.ar","username":"mceballos"}
[2025-02-11T15:51:26.796Z] INFO: Información del usuario adjuntada a la solicitud: {"id":"670fcd293f9c5f4310b80da5","role":"admin","email":"maria.ceballos@davinci.edu.ar","username":"mceballos"}
[2025-02-11T15:51:26.959Z] INFO: Información del usuario adjuntada a la solicitud: {"id":"670fcd293f9c5f4310b80da5","role":"admin","email":"maria.ceballos@davinci.edu.ar","username":"mceballos"}
[2025-02-11T15:51:27.133Z] INFO: Información del usuario adjuntada a la solicitud: {"id":"670fcd293f9c5f4310b80da5","role":"admin","email":"maria.ceballos@davinci.edu.ar","username":"mceballos"}
[2025-02-11T15:51:27.311Z] INFO: Información del usuario adjuntada a la solicitud: {"id":"670fcd293f9c5f4310b80da5","role":"admin","email":"maria.ceballos@davinci.edu.ar","username":"mceballos"}
[2025-02-11T15:51:27.494Z] INFO: Información del usuario adjuntada a la solicitud: {"id":"670fcd293f9c5f4310b80da5","role":"admin","email":"maria.ceballos@davinci.edu.ar","username":"mceballos"}
[2025-02-11T15:51:27.663Z] INFO: Información del usuario adjuntada a la solicitud: {"id":"670fcd293f9c5f4310b80da5","role":"admin","email":"maria.ceballos@davinci.edu.ar","username":"mceballos"}
[2025-02-11T15:51:27.827Z] INFO: Información del usuario adjuntada a la solicitud: {"id":"670fcd293f9c5f4310b80da5","role":"admin","email":"maria.ceballos@davinci.edu.ar","username":"mceballos"}
[2025-02-11T15:51:28.000Z] INFO: Información del usuario adjuntada a la solicitud: {"id":"670fcd293f9c5f4310b80da5","role":"admin","email":"maria.ceballos@davinci.edu.ar","username":"mceballos"}
[2025-02-11T15:51:28.050Z] INFO: Información del usuario adjuntada a la solicitud: {"id":"670fcd293f9c5f4310b80da5","role":"admin","email":"maria.ceballos@davinci.edu.ar","username":"mceballos"}
[2025-02-11T15:51:28.228Z] INFO: Información del usuario adjuntada a la solicitud: {"id":"670fcd293f9c5f4310b80da5","role":"admin","email":"maria.ceballos@davinci.edu.ar","username":"mceballos"}
[2025-02-11T15:51:28.255Z] INFO: Información del usuario adjuntada a la solicitud: {"id":"670fcd293f9c5f4310b80da5","role":"admin","email":"maria.ceballos@davinci.edu.ar","username":"mceballos"}
[2025-02-11T15:51:28.440Z] INFO: Información del usuario adjuntada a la solicitud: {"id":"670fcd293f9c5f4310b80da5","role":"admin","email":"maria.ceballos@davinci.edu.ar","username":"mceballos"}
[2025-02-11T15:51:28.614Z] INFO: Información del usuario adjuntada a la solicitud: {"id":"670fcd293f9c5f4310b80da5","role":"admin","email":"maria.ceballos@davinci.edu.ar","username":"mceballos"}
[2025-02-11T15:51:28.780Z] INFO: Información del usuario adjuntada a la solicitud: {"id":"670fcd293f9c5f4310b80da5","role":"admin","email":"maria.ceballos@davinci.edu.ar","username":"mceballos"}
[2025-02-11T15:51:28.941Z] INFO: Información del usuario adjuntada a la solicitud: {"id":"670fcd293f9c5f4310b80da5","role":"admin","email":"maria.ceballos@davinci.edu.ar","username":"mceballos"}
[2025-02-11T15:51:29.107Z] INFO: Información del usuario adjuntada a la solicitud: {"id":"670fcd293f9c5f4310b80da5","role":"admin","email":"maria.ceballos@davinci.edu.ar","username":"mceballos"}
[2025-02-11T15:51:29.273Z] INFO: Información del usuario adjuntada a la solicitud: {"id":"670fcd293f9c5f4310b80da5","role":"admin","email":"maria.ceballos@davinci.edu.ar","username":"mceballos"}
[2025-02-11T15:51:29.441Z] INFO: Información del usuario adjuntada a la solicitud: {"id":"670fcd293f9c5f4310b80da5","role":"admin","email":"maria.ceballos@davinci.edu.ar","username":"mceballos"}
[2025-02-11T15:51:29.619Z] INFO: Información del usuario adjuntada a la solicitud: {"id":"670fcd293f9c5f4310b80da5","role":"admin","email":"maria.ceballos@davinci.edu.ar","username":"mceballos"}
[2025-02-11T15:51:29.784Z] INFO: Información del usuario adjuntada a la solicitud: {"id":"670fcd293f9c5f4310b80da5","role":"admin","email":"maria.ceballos@davinci.edu.ar","username":"mceballos"}
[2025-02-11T15:51:29.985Z] INFO: Información del usuario adjuntada a la solicitud: {"id":"670fcd293f9c5f4310b80da5","role":"admin","email":"maria.ceballos@davinci.edu.ar","username":"mceballos"}
[2025-02-11T15:51:30.123Z] INFO: Información del usuario adjuntada a la solicitud: {"id":"670fcd293f9c5f4310b80da5","role":"admin","email":"maria.ceballos@davinci.edu.ar","username":"mceballos"}
[2025-02-11T15:51:30.318Z] INFO: Información del usuario adjuntada a la solicitud: {"id":"670fcd293f9c5f4310b80da5","role":"admin","email":"maria.ceballos@davinci.edu.ar","username":"mceballos"}
[2025-02-11T15:51:30.393Z] INFO: Información del usuario adjuntada a la solicitud: {"id":"670fcd293f9c5f4310b80da5","role":"admin","email":"maria.ceballos@davinci.edu.ar","username":"mceballos"}
[2025-02-11T15:51:30.712Z] INFO: Información del usuario adjuntada a la solicitud: {"id":"670fcd293f9c5f4310b80da5","role":"admin","email":"maria.ceballos@davinci.edu.ar","username":"mceballos"}
[2025-02-11T15:51:30.919Z] INFO: Información del usuario adjuntada a la solicitud: {"id":"670fcd293f9c5f4310b80da5","role":"admin","email":"maria.ceballos@davinci.edu.ar","username":"mceballos"}
[2025-02-11T15:51:31.120Z] INFO: Información del usuario adjuntada a la solicitud: {"id":"670fcd293f9c5f4310b80da5","role":"admin","email":"maria.ceballos@davinci.edu.ar","username":"mceballos"}
[2025-02-11T15:51:31.346Z] INFO: Información del usuario adjuntada a la solicitud: {"id":"670fcd293f9c5f4310b80da5","role":"admin","email":"maria.ceballos@davinci.edu.ar","username":"mceballos"}
[2025-02-11T15:51:31.569Z] INFO: Información del usuario adjuntada a la solicitud: {"id":"670fcd293f9c5f4310b80da5","role":"admin","email":"maria.ceballos@davinci.edu.ar","username":"mceballos"}
[2025-02-11T15:51:31.788Z] INFO: Información del usuario adjuntada a la solicitud: {"id":"670fcd293f9c5f4310b80da5","role":"admin","email":"maria.ceballos@davinci.edu.ar","username":"mceballos"}
[2025-02-11T15:51:32.023Z] INFO: Información del usuario adjuntada a la solicitud: {"id":"670fcd293f9c5f4310b80da5","role":"admin","email":"maria.ceballos@davinci.edu.ar","username":"mceballos"}
[2025-02-11T15:51:32.180Z] INFO: Información del usuario adjuntada a la solicitud: {"id":"670fcd293f9c5f4310b80da5","role":"admin","email":"maria.ceballos@davinci.edu.ar","username":"mceballos"}
[2025-02-11T15:51:32.368Z] INFO: Información del usuario adjuntada a la solicitud: {"id":"670fcd293f9c5f4310b80da5","role":"admin","email":"maria.ceballos@davinci.edu.ar","username":"mceballos"}
[2025-02-11T15:51:32.553Z] INFO: Información del usuario adjuntada a la solicitud: {"id":"670fcd293f9c5f4310b80da5","role":"admin","email":"maria.ceballos@davinci.edu.ar","username":"mceballos"}
[2025-02-11T15:51:32.739Z] INFO: Información del usuario adjuntada a la solicitud: {"id":"670fcd293f9c5f4310b80da5","role":"admin","email":"maria.ceballos@davinci.edu.ar","username":"mceballos"}
[2025-02-11T15:51:32.898Z] INFO: Información del usuario adjuntada a la solicitud: {"id":"670fcd293f9c5f4310b80da5","role":"admin","email":"maria.ceballos@davinci.edu.ar","username":"mceballos"}
[2025-02-11T15:51:33.056Z] INFO: Información del usuario adjuntada a la solicitud: {"id":"670fcd293f9c5f4310b80da5","role":"admin","email":"maria.ceballos@davinci.edu.ar","username":"mceballos"}
[2025-02-11T15:51:33.223Z] INFO: Información del usuario adjuntada a la solicitud: {"id":"670fcd293f9c5f4310b80da5","role":"admin","email":"maria.ceballos@davinci.edu.ar","username":"mceballos"}
[2025-02-11T15:51:33.464Z] INFO: Información del usuario adjuntada a la solicitud: {"id":"670fcd293f9c5f4310b80da5","role":"admin","email":"maria.ceballos@davinci.edu.ar","username":"mceballos"}
[2025-02-11T15:51:33.640Z] INFO: Información del usuario adjuntada a la solicitud: {"id":"670fcd293f9c5f4310b80da5","role":"admin","email":"maria.ceballos@davinci.edu.ar","username":"mceballos"}
[2025-02-11T15:51:33.807Z] INFO: Información del usuario adjuntada a la solicitud: {"id":"670fcd293f9c5f4310b80da5","role":"admin","email":"maria.ceballos@davinci.edu.ar","username":"mceballos"}
[2025-02-11T15:51:34.005Z] INFO: Información del usuario adjuntada a la solicitud: {"id":"670fcd293f9c5f4310b80da5","role":"admin","email":"maria.ceballos@davinci.edu.ar","username":"mceballos"}
[2025-02-11T15:51:34.173Z] INFO: Información del usuario adjuntada a la solicitud: {"id":"670fcd293f9c5f4310b80da5","role":"admin","email":"maria.ceballos@davinci.edu.ar","username":"mceballos"}
[2025-02-11T15:51:34.333Z] INFO: Información del usuario adjuntada a la solicitud: {"id":"670fcd293f9c5f4310b80da5","role":"admin","email":"maria.ceballos@davinci.edu.ar","username":"mceballos"}
[2025-02-11T15:51:34.598Z] INFO: Información del usuario adjuntada a la solicitud: {"id":"670fcd293f9c5f4310b80da5","role":"admin","email":"maria.ceballos@davinci.edu.ar","username":"mceballos"}
[2025-02-11T15:51:34.848Z] INFO: Información del usuario adjuntada a la solicitud: {"id":"670fcd293f9c5f4310b80da5","role":"admin","email":"maria.ceballos@davinci.edu.ar","username":"mceballos"}
[2025-02-11T15:51:35.050Z] INFO: Información del usuario adjuntada a la solicitud: {"id":"670fcd293f9c5f4310b80da5","role":"admin","email":"maria.ceballos@davinci.edu.ar","username":"mceballos"}
[2025-02-11T15:51:35.259Z] INFO: Información del usuario adjuntada a la solicitud: {"id":"670fcd293f9c5f4310b80da5","role":"admin","email":"maria.ceballos@davinci.edu.ar","username":"mceballos"}
[2025-02-11T15:51:35.449Z] INFO: Información del usuario adjuntada a la solicitud: {"id":"670fcd293f9c5f4310b80da5","role":"admin","email":"maria.ceballos@davinci.edu.ar","username":"mceballos"}
[2025-02-11T15:51:35.702Z] INFO: Información del usuario adjuntada a la solicitud: {"id":"670fcd293f9c5f4310b80da5","role":"admin","email":"maria.ceballos@davinci.edu.ar","username":"mceballos"}
[2025-02-11T15:51:35.935Z] INFO: Información del usuario adjuntada a la solicitud: {"id":"670fcd293f9c5f4310b80da5","role":"admin","email":"maria.ceballos@davinci.edu.ar","username":"mceballos"}
[2025-02-11T15:51:36.106Z] INFO: Información del usuario adjuntada a la solicitud: {"id":"670fcd293f9c5f4310b80da5","role":"admin","email":"maria.ceballos@davinci.edu.ar","username":"mceballos"}
[2025-02-11T15:51:36.363Z] INFO: Información del usuario adjuntada a la solicitud: {"id":"670fcd293f9c5f4310b80da5","role":"admin","email":"maria.ceballos@davinci.edu.ar","username":"mceballos"}
[2025-02-11T15:51:36.526Z] INFO: Información del usuario adjuntada a la solicitud: {"id":"670fcd293f9c5f4310b80da5","role":"admin","email":"maria.ceballos@davinci.edu.ar","username":"mceballos"}
[2025-02-11T15:51:36.692Z] INFO: Información del usuario adjuntada a la solicitud: {"id":"670fcd293f9c5f4310b80da5","role":"admin","email":"maria.ceballos@davinci.edu.ar","username":"mceballos"}
[2025-02-11T15:51:36.866Z] INFO: Información del usuario adjuntada a la solicitud: {"id":"670fcd293f9c5f4310b80da5","role":"admin","email":"maria.ceballos@davinci.edu.ar","username":"mceballos"}
[2025-02-11T15:51:37.039Z] INFO: Información del usuario adjuntada a la solicitud: {"id":"670fcd293f9c5f4310b80da5","role":"admin","email":"maria.ceballos@davinci.edu.ar","username":"mceballos"}
[2025-02-11T15:51:37.218Z] INFO: Información del usuario adjuntada a la solicitud: {"id":"670fcd293f9c5f4310b80da5","role":"admin","email":"maria.ceballos@davinci.edu.ar","username":"mceballos"}
[2025-02-11T15:51:37.389Z] INFO: Información del usuario adjuntada a la solicitud: {"id":"670fcd293f9c5f4310b80da5","role":"admin","email":"maria.ceballos@davinci.edu.ar","username":"mceballos"}
[2025-02-11T15:51:37.572Z] INFO: Información del usuario adjuntada a la solicitud: {"id":"670fcd293f9c5f4310b80da5","role":"admin","email":"maria.ceballos@davinci.edu.ar","username":"mceballos"}
[2025-02-11T15:52:38.378Z] INFO: Información del usuario adjuntada a la solicitud: {"id":"670fcd293f9c5f4310b80da5","role":"admin","email":"maria.ceballos@davinci.edu.ar","username":"mceballos"}
[2025-02-11T15:52:38.561Z] INFO: Información del usuario adjuntada a la solicitud: {"id":"670fcd293f9c5f4310b80da5","role":"admin","email":"maria.ceballos@davinci.edu.ar","username":"mceballos"}
[2025-02-11T15:52:38.610Z] INFO: Información del usuario adjuntada a la solicitud: {"id":"670fcd293f9c5f4310b80da5","role":"admin","email":"maria.ceballos@davinci.edu.ar","username":"mceballos"}
[2025-02-11T15:52:38.852Z] INFO: Información del usuario adjuntada a la solicitud: {"id":"670fcd293f9c5f4310b80da5","role":"admin","email":"maria.ceballos@davinci.edu.ar","username":"mceballos"}
[2025-02-11T15:52:39.022Z] INFO: Información del usuario adjuntada a la solicitud: {"id":"670fcd293f9c5f4310b80da5","role":"admin","email":"maria.ceballos@davinci.edu.ar","username":"mceballos"}
[2025-02-11T15:52:39.193Z] INFO: Información del usuario adjuntada a la solicitud: {"id":"670fcd293f9c5f4310b80da5","role":"admin","email":"maria.ceballos@davinci.edu.ar","username":"mceballos"}
[2025-02-11T15:52:39.355Z] INFO: Información del usuario adjuntada a la solicitud: {"id":"670fcd293f9c5f4310b80da5","role":"admin","email":"maria.ceballos@davinci.edu.ar","username":"mceballos"}
[2025-02-11T15:52:39.527Z] INFO: Información del usuario adjuntada a la solicitud: {"id":"670fcd293f9c5f4310b80da5","role":"admin","email":"maria.ceballos@davinci.edu.ar","username":"mceballos"}
[2025-02-11T15:52:39.718Z] INFO: Información del usuario adjuntada a la solicitud: {"id":"670fcd293f9c5f4310b80da5","role":"admin","email":"maria.ceballos@davinci.edu.ar","username":"mceballos"}
[2025-02-11T15:52:39.885Z] INFO: Información del usuario adjuntada a la solicitud: {"id":"670fcd293f9c5f4310b80da5","role":"admin","email":"maria.ceballos@davinci.edu.ar","username":"mceballos"}
[2025-02-11T15:52:40.066Z] INFO: Información del usuario adjuntada a la solicitud: {"id":"670fcd293f9c5f4310b80da5","role":"admin","email":"maria.ceballos@davinci.edu.ar","username":"mceballos"}
[2025-02-11T15:52:40.232Z] INFO: Información del usuario adjuntada a la solicitud: {"id":"670fcd293f9c5f4310b80da5","role":"admin","email":"maria.ceballos@davinci.edu.ar","username":"mceballos"}
[2025-02-11T15:52:40.397Z] INFO: Información del usuario adjuntada a la solicitud: {"id":"670fcd293f9c5f4310b80da5","role":"admin","email":"maria.ceballos@davinci.edu.ar","username":"mceballos"}
[2025-02-11T15:52:40.568Z] INFO: Información del usuario adjuntada a la solicitud: {"id":"670fcd293f9c5f4310b80da5","role":"admin","email":"maria.ceballos@davinci.edu.ar","username":"mceballos"}
[2025-02-11T15:52:40.743Z] INFO: Información del usuario adjuntada a la solicitud: {"id":"670fcd293f9c5f4310b80da5","role":"admin","email":"maria.ceballos@davinci.edu.ar","username":"mceballos"}
[2025-02-11T15:52:40.920Z] INFO: Información del usuario adjuntada a la solicitud: {"id":"670fcd293f9c5f4310b80da5","role":"admin","email":"maria.ceballos@davinci.edu.ar","username":"mceballos"}
[2025-02-11T15:52:41.125Z] INFO: Información del usuario adjuntada a la solicitud: {"id":"670fcd293f9c5f4310b80da5","role":"admin","email":"maria.ceballos@davinci.edu.ar","username":"mceballos"}
[2025-02-11T15:52:41.302Z] INFO: Información del usuario adjuntada a la solicitud: {"id":"670fcd293f9c5f4310b80da5","role":"admin","email":"maria.ceballos@davinci.edu.ar","username":"mceballos"}
[2025-02-11T15:52:41.469Z] INFO: Información del usuario adjuntada a la solicitud: {"id":"670fcd293f9c5f4310b80da5","role":"admin","email":"maria.ceballos@davinci.edu.ar","username":"mceballos"}
[2025-02-11T15:52:41.650Z] INFO: Información del usuario adjuntada a la solicitud: {"id":"670fcd293f9c5f4310b80da5","role":"admin","email":"maria.ceballos@davinci.edu.ar","username":"mceballos"}
[2025-02-11T15:52:41.819Z] INFO: Información del usuario adjuntada a la solicitud: {"id":"670fcd293f9c5f4310b80da5","role":"admin","email":"maria.ceballos@davinci.edu.ar","username":"mceballos"}
[2025-02-11T15:52:41.986Z] INFO: Información del usuario adjuntada a la solicitud: {"id":"670fcd293f9c5f4310b80da5","role":"admin","email":"maria.ceballos@davinci.edu.ar","username":"mceballos"}
[2025-02-11T15:52:42.206Z] INFO: Información del usuario adjuntada a la solicitud: {"id":"670fcd293f9c5f4310b80da5","role":"admin","email":"maria.ceballos@davinci.edu.ar","username":"mceballos"}
[2025-02-11T15:52:42.387Z] INFO: Información del usuario adjuntada a la solicitud: {"id":"670fcd293f9c5f4310b80da5","role":"admin","email":"maria.ceballos@davinci.edu.ar","username":"mceballos"}
[2025-02-11T15:52:42.486Z] ERROR: Error al verificar el token: jwt malformed
[2025-02-11T16:19:53.619Z] INFO: Usuario encontrado: mceballos
[2025-02-11T16:19:53.671Z] INFO: Token generado para usuario: mceballos
[2025-02-11T16:19:53.760Z] INFO: Información del usuario adjuntada a la solicitud: {"id":"670fcd293f9c5f4310b80da5","role":"admin","email":"maria.ceballos@davinci.edu.ar","username":"mceballos"}
[2025-02-11T16:19:53.893Z] INFO: Información del usuario adjuntada a la solicitud: {"id":"670fcd293f9c5f4310b80da5","role":"admin","email":"maria.ceballos@davinci.edu.ar","username":"mceballos"}
[2025-02-11T16:19:55.767Z] INFO: Información del usuario adjuntada a la solicitud: {"id":"670fcd293f9c5f4310b80da5","role":"admin","email":"maria.ceballos@davinci.edu.ar","username":"mceballos"}
[2025-02-11T16:19:55.954Z] INFO: Información del usuario adjuntada a la solicitud: {"id":"670fcd293f9c5f4310b80da5","role":"admin","email":"maria.ceballos@davinci.edu.ar","username":"mceballos"}
[2025-02-11T16:19:55.998Z] INFO: Información del usuario adjuntada a la solicitud: {"id":"670fcd293f9c5f4310b80da5","role":"admin","email":"maria.ceballos@davinci.edu.ar","username":"mceballos"}
[2025-02-11T16:19:56.249Z] INFO: Información del usuario adjuntada a la solicitud: {"id":"670fcd293f9c5f4310b80da5","role":"admin","email":"maria.ceballos@davinci.edu.ar","username":"mceballos"}
[2025-02-11T16:19:56.252Z] INFO: Información del usuario adjuntada a la solicitud: {"id":"670fcd293f9c5f4310b80da5","role":"admin","email":"maria.ceballos@davinci.edu.ar","username":"mceballos"}
[2025-02-11T16:19:56.426Z] INFO: Información del usuario adjuntada a la solicitud: {"id":"670fcd293f9c5f4310b80da5","role":"admin","email":"maria.ceballos@davinci.edu.ar","username":"mceballos"}
[2025-02-11T16:19:56.431Z] INFO: Información del usuario adjuntada a la solicitud: {"id":"670fcd293f9c5f4310b80da5","role":"admin","email":"maria.ceballos@davinci.edu.ar","username":"mceballos"}
[2025-02-11T16:19:56.608Z] INFO: Información del usuario adjuntada a la solicitud: {"id":"670fcd293f9c5f4310b80da5","role":"admin","email":"maria.ceballos@davinci.edu.ar","username":"mceballos"}
[2025-02-11T16:19:56.833Z] INFO: Información del usuario adjuntada a la solicitud: {"id":"670fcd293f9c5f4310b80da5","role":"admin","email":"maria.ceballos@davinci.edu.ar","username":"mceballos"}
[2025-02-11T16:19:57.033Z] INFO: Información del usuario adjuntada a la solicitud: {"id":"670fcd293f9c5f4310b80da5","role":"admin","email":"maria.ceballos@davinci.edu.ar","username":"mceballos"}
[2025-02-11T16:19:57.231Z] INFO: Información del usuario adjuntada a la solicitud: {"id":"670fcd293f9c5f4310b80da5","role":"admin","email":"maria.ceballos@davinci.edu.ar","username":"mceballos"}
[2025-02-11T16:19:57.416Z] INFO: Información del usuario adjuntada a la solicitud: {"id":"670fcd293f9c5f4310b80da5","role":"admin","email":"maria.ceballos@davinci.edu.ar","username":"mceballos"}
[2025-02-11T16:19:57.586Z] INFO: Información del usuario adjuntada a la solicitud: {"id":"670fcd293f9c5f4310b80da5","role":"admin","email":"maria.ceballos@davinci.edu.ar","username":"mceballos"}
[2025-02-11T16:19:57.762Z] INFO: Información del usuario adjuntada a la solicitud: {"id":"670fcd293f9c5f4310b80da5","role":"admin","email":"maria.ceballos@davinci.edu.ar","username":"mceballos"}
[2025-02-11T16:19:57.925Z] INFO: Información del usuario adjuntada a la solicitud: {"id":"670fcd293f9c5f4310b80da5","role":"admin","email":"maria.ceballos@davinci.edu.ar","username":"mceballos"}
[2025-02-11T16:19:58.130Z] INFO: Información del usuario adjuntada a la solicitud: {"id":"670fcd293f9c5f4310b80da5","role":"admin","email":"maria.ceballos@davinci.edu.ar","username":"mceballos"}
[2025-02-11T16:19:58.360Z] INFO: Información del usuario adjuntada a la solicitud: {"id":"670fcd293f9c5f4310b80da5","role":"admin","email":"maria.ceballos@davinci.edu.ar","username":"mceballos"}
[2025-02-11T16:19:58.540Z] INFO: Información del usuario adjuntada a la solicitud: {"id":"670fcd293f9c5f4310b80da5","role":"admin","email":"maria.ceballos@davinci.edu.ar","username":"mceballos"}
[2025-02-11T16:19:58.713Z] INFO: Información del usuario adjuntada a la solicitud: {"id":"670fcd293f9c5f4310b80da5","role":"admin","email":"maria.ceballos@davinci.edu.ar","username":"mceballos"}
[2025-02-11T16:19:58.886Z] INFO: Información del usuario adjuntada a la solicitud: {"id":"670fcd293f9c5f4310b80da5","role":"admin","email":"maria.ceballos@davinci.edu.ar","username":"mceballos"}
[2025-02-11T16:19:59.052Z] INFO: Información del usuario adjuntada a la solicitud: {"id":"670fcd293f9c5f4310b80da5","role":"admin","email":"maria.ceballos@davinci.edu.ar","username":"mceballos"}
[2025-02-11T16:19:59.235Z] INFO: Información del usuario adjuntada a la solicitud: {"id":"670fcd293f9c5f4310b80da5","role":"admin","email":"maria.ceballos@davinci.edu.ar","username":"mceballos"}
[2025-02-11T16:19:59.411Z] INFO: Información del usuario adjuntada a la solicitud: {"id":"670fcd293f9c5f4310b80da5","role":"admin","email":"maria.ceballos@davinci.edu.ar","username":"mceballos"}
[2025-02-11T16:19:59.578Z] INFO: Información del usuario adjuntada a la solicitud: {"id":"670fcd293f9c5f4310b80da5","role":"admin","email":"maria.ceballos@davinci.edu.ar","username":"mceballos"}
[2025-02-11T16:19:59.770Z] INFO: Información del usuario adjuntada a la solicitud: {"id":"670fcd293f9c5f4310b80da5","role":"admin","email":"maria.ceballos@davinci.edu.ar","username":"mceballos"}
[2025-02-11T16:19:59.943Z] INFO: Información del usuario adjuntada a la solicitud: {"id":"670fcd293f9c5f4310b80da5","role":"admin","email":"maria.ceballos@davinci.edu.ar","username":"mceballos"}
[2025-02-11T16:20:00.105Z] INFO: Información del usuario adjuntada a la solicitud: {"id":"670fcd293f9c5f4310b80da5","role":"admin","email":"maria.ceballos@davinci.edu.ar","username":"mceballos"}
[2025-02-11T16:20:00.277Z] INFO: Información del usuario adjuntada a la solicitud: {"id":"670fcd293f9c5f4310b80da5","role":"admin","email":"maria.ceballos@davinci.edu.ar","username":"mceballos"}
[2025-02-11T16:20:00.438Z] INFO: Información del usuario adjuntada a la solicitud: {"id":"670fcd293f9c5f4310b80da5","role":"admin","email":"maria.ceballos@davinci.edu.ar","username":"mceballos"}
[2025-02-11T16:20:00.621Z] INFO: Información del usuario adjuntada a la solicitud: {"id":"670fcd293f9c5f4310b80da5","role":"admin","email":"maria.ceballos@davinci.edu.ar","username":"mceballos"}
[2025-02-11T16:20:00.792Z] INFO: Información del usuario adjuntada a la solicitud: {"id":"670fcd293f9c5f4310b80da5","role":"admin","email":"maria.ceballos@davinci.edu.ar","username":"mceballos"}
[2025-02-11T16:20:00.960Z] INFO: Información del usuario adjuntada a la solicitud: {"id":"670fcd293f9c5f4310b80da5","role":"admin","email":"maria.ceballos@davinci.edu.ar","username":"mceballos"}
[2025-02-11T16:20:01.121Z] INFO: Información del usuario adjuntada a la solicitud: {"id":"670fcd293f9c5f4310b80da5","role":"admin","email":"maria.ceballos@davinci.edu.ar","username":"mceballos"}
[2025-02-11T16:20:01.358Z] INFO: Información del usuario adjuntada a la solicitud: {"id":"670fcd293f9c5f4310b80da5","role":"admin","email":"maria.ceballos@davinci.edu.ar","username":"mceballos"}
[2025-02-11T16:20:01.576Z] INFO: Información del usuario adjuntada a la solicitud: {"id":"670fcd293f9c5f4310b80da5","role":"admin","email":"maria.ceballos@davinci.edu.ar","username":"mceballos"}
[2025-02-11T16:20:01.736Z] INFO: Información del usuario adjuntada a la solicitud: {"id":"670fcd293f9c5f4310b80da5","role":"admin","email":"maria.ceballos@davinci.edu.ar","username":"mceballos"}
[2025-02-11T16:20:02.514Z] INFO: Información del usuario adjuntada a la solicitud: {"id":"670fcd293f9c5f4310b80da5","role":"admin","email":"maria.ceballos@davinci.edu.ar","username":"mceballos"}
[2025-02-11T16:20:02.698Z] INFO: Información del usuario adjuntada a la solicitud: {"id":"670fcd293f9c5f4310b80da5","role":"admin","email":"maria.ceballos@davinci.edu.ar","username":"mceballos"}
[2025-02-11T16:20:02.738Z] INFO: Información del usuario adjuntada a la solicitud: {"id":"670fcd293f9c5f4310b80da5","role":"admin","email":"maria.ceballos@davinci.edu.ar","username":"mceballos"}
[2025-02-11T16:20:02.983Z] INFO: Información del usuario adjuntada a la solicitud: {"id":"670fcd293f9c5f4310b80da5","role":"admin","email":"maria.ceballos@davinci.edu.ar","username":"mceballos"}
[2025-02-11T16:20:02.999Z] INFO: Información del usuario adjuntada a la solicitud: {"id":"670fcd293f9c5f4310b80da5","role":"admin","email":"maria.ceballos@davinci.edu.ar","username":"mceballos"}
[2025-02-11T16:20:03.163Z] INFO: Información del usuario adjuntada a la solicitud: {"id":"670fcd293f9c5f4310b80da5","role":"admin","email":"maria.ceballos@davinci.edu.ar","username":"mceballos"}
[2025-02-11T16:20:03.165Z] INFO: Información del usuario adjuntada a la solicitud: {"id":"670fcd293f9c5f4310b80da5","role":"admin","email":"maria.ceballos@davinci.edu.ar","username":"mceballos"}
[2025-02-11T16:20:03.353Z] INFO: Información del usuario adjuntada a la solicitud: {"id":"670fcd293f9c5f4310b80da5","role":"admin","email":"maria.ceballos@davinci.edu.ar","username":"mceballos"}
[2025-02-11T16:20:03.518Z] INFO: Información del usuario adjuntada a la solicitud: {"id":"670fcd293f9c5f4310b80da5","role":"admin","email":"maria.ceballos@davinci.edu.ar","username":"mceballos"}
[2025-02-11T16:20:03.519Z] INFO: Información del usuario adjuntada a la solicitud: {"id":"670fcd293f9c5f4310b80da5","role":"admin","email":"maria.ceballos@davinci.edu.ar","username":"mceballos"}
[2025-02-11T16:20:03.521Z] INFO: Información del usuario adjuntada a la solicitud: {"id":"670fcd293f9c5f4310b80da5","role":"admin","email":"maria.ceballos@davinci.edu.ar","username":"mceballos"}
[2025-02-11T16:20:03.627Z] INFO: Información del usuario adjuntada a la solicitud: {"id":"670fcd293f9c5f4310b80da5","role":"admin","email":"maria.ceballos@davinci.edu.ar","username":"mceballos"}
[2025-02-11T16:20:03.651Z] INFO: Información del usuario adjuntada a la solicitud: {"id":"670fcd293f9c5f4310b80da5","role":"admin","email":"maria.ceballos@davinci.edu.ar","username":"mceballos"}
[2025-02-11T16:20:03.685Z] INFO: Información del usuario adjuntada a la solicitud: {"id":"670fcd293f9c5f4310b80da5","role":"admin","email":"maria.ceballos@davinci.edu.ar","username":"mceballos"}
[2025-02-11T16:20:03.857Z] INFO: Información del usuario adjuntada a la solicitud: {"id":"670fcd293f9c5f4310b80da5","role":"admin","email":"maria.ceballos@davinci.edu.ar","username":"mceballos"}
[2025-02-11T16:20:04.026Z] INFO: Información del usuario adjuntada a la solicitud: {"id":"670fcd293f9c5f4310b80da5","role":"admin","email":"maria.ceballos@davinci.edu.ar","username":"mceballos"}
[2025-02-11T16:20:04.187Z] INFO: Información del usuario adjuntada a la solicitud: {"id":"670fcd293f9c5f4310b80da5","role":"admin","email":"maria.ceballos@davinci.edu.ar","username":"mceballos"}
[2025-02-11T16:20:04.245Z] INFO: Información del usuario adjuntada a la solicitud: {"id":"670fcd293f9c5f4310b80da5","role":"admin","email":"maria.ceballos@davinci.edu.ar","username":"mceballos"}
[2025-02-11T16:20:04.398Z] INFO: Información del usuario adjuntada a la solicitud: {"id":"670fcd293f9c5f4310b80da5","role":"admin","email":"maria.ceballos@davinci.edu.ar","username":"mceballos"}
[2025-02-11T16:20:04.399Z] INFO: Información del usuario adjuntada a la solicitud: {"id":"670fcd293f9c5f4310b80da5","role":"admin","email":"maria.ceballos@davinci.edu.ar","username":"mceballos"}
[2025-02-11T16:20:04.581Z] INFO: Información del usuario adjuntada a la solicitud: {"id":"670fcd293f9c5f4310b80da5","role":"admin","email":"maria.ceballos@davinci.edu.ar","username":"mceballos"}
[2025-02-11T16:20:04.756Z] INFO: Información del usuario adjuntada a la solicitud: {"id":"670fcd293f9c5f4310b80da5","role":"admin","email":"maria.ceballos@davinci.edu.ar","username":"mceballos"}
[2025-02-11T16:20:04.930Z] INFO: Información del usuario adjuntada a la solicitud: {"id":"670fcd293f9c5f4310b80da5","role":"admin","email":"maria.ceballos@davinci.edu.ar","username":"mceballos"}
[2025-02-11T16:20:05.107Z] INFO: Información del usuario adjuntada a la solicitud: {"id":"670fcd293f9c5f4310b80da5","role":"admin","email":"maria.ceballos@davinci.edu.ar","username":"mceballos"}
[2025-02-11T16:20:05.267Z] INFO: Información del usuario adjuntada a la solicitud: {"id":"670fcd293f9c5f4310b80da5","role":"admin","email":"maria.ceballos@davinci.edu.ar","username":"mceballos"}
[2025-02-11T16:20:05.434Z] INFO: Información del usuario adjuntada a la solicitud: {"id":"670fcd293f9c5f4310b80da5","role":"admin","email":"maria.ceballos@davinci.edu.ar","username":"mceballos"}
[2025-02-11T16:20:05.605Z] INFO: Información del usuario adjuntada a la solicitud: {"id":"670fcd293f9c5f4310b80da5","role":"admin","email":"maria.ceballos@davinci.edu.ar","username":"mceballos"}
[2025-02-11T16:20:05.763Z] INFO: Información del usuario adjuntada a la solicitud: {"id":"670fcd293f9c5f4310b80da5","role":"admin","email":"maria.ceballos@davinci.edu.ar","username":"mceballos"}
[2025-02-11T16:20:05.865Z] INFO: Información del usuario adjuntada a la solicitud: {"id":"670fcd293f9c5f4310b80da5","role":"admin","email":"maria.ceballos@davinci.edu.ar","username":"mceballos"}
[2025-02-11T16:20:05.867Z] INFO: Información del usuario adjuntada a la solicitud: {"id":"670fcd293f9c5f4310b80da5","role":"admin","email":"maria.ceballos@davinci.edu.ar","username":"mceballos"}
[2025-02-11T16:20:05.952Z] INFO: Información del usuario adjuntada a la solicitud: {"id":"670fcd293f9c5f4310b80da5","role":"admin","email":"maria.ceballos@davinci.edu.ar","username":"mceballos"}
[2025-02-11T16:20:05.982Z] INFO: Información del usuario adjuntada a la solicitud: {"id":"670fcd293f9c5f4310b80da5","role":"admin","email":"maria.ceballos@davinci.edu.ar","username":"mceballos"}
[2025-02-11T16:20:05.995Z] INFO: Información del usuario adjuntada a la solicitud: {"id":"670fcd293f9c5f4310b80da5","role":"admin","email":"maria.ceballos@davinci.edu.ar","username":"mceballos"}
[2025-02-11T16:20:06.117Z] INFO: Información del usuario adjuntada a la solicitud: {"id":"670fcd293f9c5f4310b80da5","role":"admin","email":"maria.ceballos@davinci.edu.ar","username":"mceballos"}
[2025-02-11T16:20:06.384Z] INFO: Información del usuario adjuntada a la solicitud: {"id":"670fcd293f9c5f4310b80da5","role":"admin","email":"maria.ceballos@davinci.edu.ar","username":"mceballos"}
[2025-02-11T16:20:06.544Z] INFO: Información del usuario adjuntada a la solicitud: {"id":"670fcd293f9c5f4310b80da5","role":"admin","email":"maria.ceballos@davinci.edu.ar","username":"mceballos"}
[2025-02-11T16:20:06.731Z] INFO: Información del usuario adjuntada a la solicitud: {"id":"670fcd293f9c5f4310b80da5","role":"admin","email":"maria.ceballos@davinci.edu.ar","username":"mceballos"}
[2025-02-11T16:20:06.903Z] INFO: Información del usuario adjuntada a la solicitud: {"id":"670fcd293f9c5f4310b80da5","role":"admin","email":"maria.ceballos@davinci.edu.ar","username":"mceballos"}
[2025-02-11T16:20:07.063Z] INFO: Información del usuario adjuntada a la solicitud: {"id":"670fcd293f9c5f4310b80da5","role":"admin","email":"maria.ceballos@davinci.edu.ar","username":"mceballos"}
[2025-02-11T16:20:07.243Z] INFO: Información del usuario adjuntada a la solicitud: {"id":"670fcd293f9c5f4310b80da5","role":"admin","email":"maria.ceballos@davinci.edu.ar","username":"mceballos"}
[2025-02-11T16:20:07.418Z] INFO: Información del usuario adjuntada a la solicitud: {"id":"670fcd293f9c5f4310b80da5","role":"admin","email":"maria.ceballos@davinci.edu.ar","username":"mceballos"}
[2025-02-11T16:20:07.592Z] INFO: Información del usuario adjuntada a la solicitud: {"id":"670fcd293f9c5f4310b80da5","role":"admin","email":"maria.ceballos@davinci.edu.ar","username":"mceballos"}
[2025-02-11T16:20:07.771Z] INFO: Información del usuario adjuntada a la solicitud: {"id":"670fcd293f9c5f4310b80da5","role":"admin","email":"maria.ceballos@davinci.edu.ar","username":"mceballos"}
[2025-02-11T16:20:07.799Z] INFO: Información del usuario adjuntada a la solicitud: {"id":"670fcd293f9c5f4310b80da5","role":"admin","email":"maria.ceballos@davinci.edu.ar","username":"mceballos"}
[2025-02-11T16:20:07.929Z] INFO: Información del usuario adjuntada a la solicitud: {"id":"670fcd293f9c5f4310b80da5","role":"admin","email":"maria.ceballos@davinci.edu.ar","username":"mceballos"}
[2025-02-11T16:20:07.973Z] INFO: Información del usuario adjuntada a la solicitud: {"id":"670fcd293f9c5f4310b80da5","role":"admin","email":"maria.ceballos@davinci.edu.ar","username":"mceballos"}
[2025-02-11T16:20:08.157Z] INFO: Información del usuario adjuntada a la solicitud: {"id":"670fcd293f9c5f4310b80da5","role":"admin","email":"maria.ceballos@davinci.edu.ar","username":"mceballos"}
[2025-02-11T16:20:08.208Z] INFO: Información del usuario adjuntada a la solicitud: {"id":"670fcd293f9c5f4310b80da5","role":"admin","email":"maria.ceballos@davinci.edu.ar","username":"mceballos"}
[2025-02-11T16:20:08.348Z] INFO: Información del usuario adjuntada a la solicitud: {"id":"670fcd293f9c5f4310b80da5","role":"admin","email":"maria.ceballos@davinci.edu.ar","username":"mceballos"}
[2025-02-11T16:20:08.392Z] INFO: Información del usuario adjuntada a la solicitud: {"id":"670fcd293f9c5f4310b80da5","role":"admin","email":"maria.ceballos@davinci.edu.ar","username":"mceballos"}
[2025-02-11T16:20:08.513Z] INFO: Información del usuario adjuntada a la solicitud: {"id":"670fcd293f9c5f4310b80da5","role":"admin","email":"maria.ceballos@davinci.edu.ar","username":"mceballos"}
[2025-02-11T16:20:08.692Z] INFO: Información del usuario adjuntada a la solicitud: {"id":"670fcd293f9c5f4310b80da5","role":"admin","email":"maria.ceballos@davinci.edu.ar","username":"mceballos"}
[2025-02-11T16:20:08.864Z] INFO: Información del usuario adjuntada a la solicitud: {"id":"670fcd293f9c5f4310b80da5","role":"admin","email":"maria.ceballos@davinci.edu.ar","username":"mceballos"}
[2025-02-11T16:20:09.029Z] INFO: Información del usuario adjuntada a la solicitud: {"id":"670fcd293f9c5f4310b80da5","role":"admin","email":"maria.ceballos@davinci.edu.ar","username":"mceballos"}
[2025-02-11T16:20:09.217Z] INFO: Información del usuario adjuntada a la solicitud: {"id":"670fcd293f9c5f4310b80da5","role":"admin","email":"maria.ceballos@davinci.edu.ar","username":"mceballos"}
[2025-02-11T16:20:09.432Z] INFO: Información del usuario adjuntada a la solicitud: {"id":"670fcd293f9c5f4310b80da5","role":"admin","email":"maria.ceballos@davinci.edu.ar","username":"mceballos"}
[2025-02-11T16:20:09.612Z] INFO: Información del usuario adjuntada a la solicitud: {"id":"670fcd293f9c5f4310b80da5","role":"admin","email":"maria.ceballos@davinci.edu.ar","username":"mceballos"}
[2025-02-11T16:20:09.772Z] INFO: Información del usuario adjuntada a la solicitud: {"id":"670fcd293f9c5f4310b80da5","role":"admin","email":"maria.ceballos@davinci.edu.ar","username":"mceballos"}
[2025-02-11T16:20:09.945Z] INFO: Información del usuario adjuntada a la solicitud: {"id":"670fcd293f9c5f4310b80da5","role":"admin","email":"maria.ceballos@davinci.edu.ar","username":"mceballos"}
[2025-02-11T16:20:10.126Z] INFO: Información del usuario adjuntada a la solicitud: {"id":"670fcd293f9c5f4310b80da5","role":"admin","email":"maria.ceballos@davinci.edu.ar","username":"mceballos"}
[2025-02-11T16:20:10.307Z] INFO: Información del usuario adjuntada a la solicitud: {"id":"670fcd293f9c5f4310b80da5","role":"admin","email":"maria.ceballos@davinci.edu.ar","username":"mceballos"}
[2025-02-11T16:20:10.473Z] INFO: Información del usuario adjuntada a la solicitud: {"id":"670fcd293f9c5f4310b80da5","role":"admin","email":"maria.ceballos@davinci.edu.ar","username":"mceballos"}
[2025-02-11T16:20:10.637Z] INFO: Información del usuario adjuntada a la solicitud: {"id":"670fcd293f9c5f4310b80da5","role":"admin","email":"maria.ceballos@davinci.edu.ar","username":"mceballos"}
[2025-02-11T16:20:10.807Z] INFO: Información del usuario adjuntada a la solicitud: {"id":"670fcd293f9c5f4310b80da5","role":"admin","email":"maria.ceballos@davinci.edu.ar","username":"mceballos"}
[2025-02-11T16:20:10.971Z] INFO: Información del usuario adjuntada a la solicitud: {"id":"670fcd293f9c5f4310b80da5","role":"admin","email":"maria.ceballos@davinci.edu.ar","username":"mceballos"}
[2025-02-11T16:20:11.149Z] INFO: Información del usuario adjuntada a la solicitud: {"id":"670fcd293f9c5f4310b80da5","role":"admin","email":"maria.ceballos@davinci.edu.ar","username":"mceballos"}
[2025-02-11T16:20:11.320Z] INFO: Información del usuario adjuntada a la solicitud: {"id":"670fcd293f9c5f4310b80da5","role":"admin","email":"maria.ceballos@davinci.edu.ar","username":"mceballos"}
[2025-02-11T16:20:11.505Z] INFO: Información del usuario adjuntada a la solicitud: {"id":"670fcd293f9c5f4310b80da5","role":"admin","email":"maria.ceballos@davinci.edu.ar","username":"mceballos"}
[2025-02-11T16:20:11.691Z] INFO: Información del usuario adjuntada a la solicitud: {"id":"670fcd293f9c5f4310b80da5","role":"admin","email":"maria.ceballos@davinci.edu.ar","username":"mceballos"}
[2025-02-11T16:20:11.852Z] INFO: Información del usuario adjuntada a la solicitud: {"id":"670fcd293f9c5f4310b80da5","role":"admin","email":"maria.ceballos@davinci.edu.ar","username":"mceballos"}
[2025-02-11T16:20:12.094Z] INFO: Información del usuario adjuntada a la solicitud: {"id":"670fcd293f9c5f4310b80da5","role":"admin","email":"maria.ceballos@davinci.edu.ar","username":"mceballos"}
[2025-02-11T16:20:12.260Z] INFO: Información del usuario adjuntada a la solicitud: {"id":"670fcd293f9c5f4310b80da5","role":"admin","email":"maria.ceballos@davinci.edu.ar","username":"mceballos"}
[2025-02-11T16:20:12.445Z] INFO: Información del usuario adjuntada a la solicitud: {"id":"670fcd293f9c5f4310b80da5","role":"admin","email":"maria.ceballos@davinci.edu.ar","username":"mceballos"}
[2025-02-11T16:20:12.618Z] INFO: Información del usuario adjuntada a la solicitud: {"id":"670fcd293f9c5f4310b80da5","role":"admin","email":"maria.ceballos@davinci.edu.ar","username":"mceballos"}
[2025-02-11T16:20:12.774Z] INFO: Información del usuario adjuntada a la solicitud: {"id":"670fcd293f9c5f4310b80da5","role":"admin","email":"maria.ceballos@davinci.edu.ar","username":"mceballos"}
[2025-02-11T16:20:12.958Z] INFO: Información del usuario adjuntada a la solicitud: {"id":"670fcd293f9c5f4310b80da5","role":"admin","email":"maria.ceballos@davinci.edu.ar","username":"mceballos"}
[2025-02-11T16:20:13.128Z] INFO: Información del usuario adjuntada a la solicitud: {"id":"670fcd293f9c5f4310b80da5","role":"admin","email":"maria.ceballos@davinci.edu.ar","username":"mceballos"}
[2025-02-11T16:20:13.300Z] INFO: Información del usuario adjuntada a la solicitud: {"id":"670fcd293f9c5f4310b80da5","role":"admin","email":"maria.ceballos@davinci.edu.ar","username":"mceballos"}
[2025-02-11T16:20:13.471Z] INFO: Información del usuario adjuntada a la solicitud: {"id":"670fcd293f9c5f4310b80da5","role":"admin","email":"maria.ceballos@davinci.edu.ar","username":"mceballos"}
[2025-02-11T16:20:13.648Z] INFO: Información del usuario adjuntada a la solicitud: {"id":"670fcd293f9c5f4310b80da5","role":"admin","email":"maria.ceballos@davinci.edu.ar","username":"mceballos"}
[2025-02-11T16:20:13.813Z] INFO: Información del usuario adjuntada a la solicitud: {"id":"670fcd293f9c5f4310b80da5","role":"admin","email":"maria.ceballos@davinci.edu.ar","username":"mceballos"}
[2025-02-11T16:20:13.982Z] INFO: Información del usuario adjuntada a la solicitud: {"id":"670fcd293f9c5f4310b80da5","role":"admin","email":"maria.ceballos@davinci.edu.ar","username":"mceballos"}
[2025-02-11T16:20:17.366Z] INFO: Información del usuario adjuntada a la solicitud: {"id":"670fcd293f9c5f4310b80da5","role":"admin","email":"maria.ceballos@davinci.edu.ar","username":"mceballos"}
[2025-02-11T16:20:17.540Z] INFO: Información del usuario adjuntada a la solicitud: {"id":"670fcd293f9c5f4310b80da5","role":"admin","email":"maria.ceballos@davinci.edu.ar","username":"mceballos"}
[2025-02-11T16:20:17.578Z] INFO: Información del usuario adjuntada a la solicitud: {"id":"670fcd293f9c5f4310b80da5","role":"admin","email":"maria.ceballos@davinci.edu.ar","username":"mceballos"}
[2025-02-11T16:20:17.760Z] INFO: Información del usuario adjuntada a la solicitud: {"id":"670fcd293f9c5f4310b80da5","role":"admin","email":"maria.ceballos@davinci.edu.ar","username":"mceballos"}
[2025-02-11T16:20:17.946Z] INFO: Información del usuario adjuntada a la solicitud: {"id":"670fcd293f9c5f4310b80da5","role":"admin","email":"maria.ceballos@davinci.edu.ar","username":"mceballos"}
[2025-02-11T16:20:18.132Z] INFO: Información del usuario adjuntada a la solicitud: {"id":"670fcd293f9c5f4310b80da5","role":"admin","email":"maria.ceballos@davinci.edu.ar","username":"mceballos"}
[2025-02-11T16:20:18.302Z] INFO: Información del usuario adjuntada a la solicitud: {"id":"670fcd293f9c5f4310b80da5","role":"admin","email":"maria.ceballos@davinci.edu.ar","username":"mceballos"}
[2025-02-11T16:20:18.462Z] INFO: Información del usuario adjuntada a la solicitud: {"id":"670fcd293f9c5f4310b80da5","role":"admin","email":"maria.ceballos@davinci.edu.ar","username":"mceballos"}
[2025-02-11T16:20:18.626Z] INFO: Información del usuario adjuntada a la solicitud: {"id":"670fcd293f9c5f4310b80da5","role":"admin","email":"maria.ceballos@davinci.edu.ar","username":"mceballos"}
[2025-02-11T16:20:18.807Z] INFO: Información del usuario adjuntada a la solicitud: {"id":"670fcd293f9c5f4310b80da5","role":"admin","email":"maria.ceballos@davinci.edu.ar","username":"mceballos"}
[2025-02-11T16:20:18.997Z] INFO: Información del usuario adjuntada a la solicitud: {"id":"670fcd293f9c5f4310b80da5","role":"admin","email":"maria.ceballos@davinci.edu.ar","username":"mceballos"}
[2025-02-11T16:20:19.159Z] INFO: Información del usuario adjuntada a la solicitud: {"id":"670fcd293f9c5f4310b80da5","role":"admin","email":"maria.ceballos@davinci.edu.ar","username":"mceballos"}
[2025-02-11T16:20:19.326Z] INFO: Información del usuario adjuntada a la solicitud: {"id":"670fcd293f9c5f4310b80da5","role":"admin","email":"maria.ceballos@davinci.edu.ar","username":"mceballos"}
[2025-02-11T16:20:19.500Z] INFO: Información del usuario adjuntada a la solicitud: {"id":"670fcd293f9c5f4310b80da5","role":"admin","email":"maria.ceballos@davinci.edu.ar","username":"mceballos"}
[2025-02-11T16:20:19.676Z] INFO: Información del usuario adjuntada a la solicitud: {"id":"670fcd293f9c5f4310b80da5","role":"admin","email":"maria.ceballos@davinci.edu.ar","username":"mceballos"}
[2025-02-11T16:20:19.853Z] INFO: Información del usuario adjuntada a la solicitud: {"id":"670fcd293f9c5f4310b80da5","role":"admin","email":"maria.ceballos@davinci.edu.ar","username":"mceballos"}
[2025-02-11T16:20:20.024Z] INFO: Información del usuario adjuntada a la solicitud: {"id":"670fcd293f9c5f4310b80da5","role":"admin","email":"maria.ceballos@davinci.edu.ar","username":"mceballos"}
[2025-02-11T16:20:20.187Z] INFO: Información del usuario adjuntada a la solicitud: {"id":"670fcd293f9c5f4310b80da5","role":"admin","email":"maria.ceballos@davinci.edu.ar","username":"mceballos"}
[2025-02-11T16:20:40.822Z] INFO: Usuario encontrado: pauyi89
[2025-02-11T16:20:40.872Z] INFO: Token generado para usuario: pauyi89
[2025-02-11T16:20:40.933Z] INFO: Información del usuario adjuntada a la solicitud: {"id":"670fd51ecba1f3ebe8f69da3","role":"consumer","email":"paula@gmail.com","username":"pauyi89"}
[2025-02-11T16:20:41.040Z] INFO: Información del usuario adjuntada a la solicitud: {"id":"670fd51ecba1f3ebe8f69da3","role":"consumer","email":"paula@gmail.com","username":"pauyi89"}
[2025-02-11T16:20:42.961Z] INFO: Información del usuario adjuntada a la solicitud: {"id":"670fd51ecba1f3ebe8f69da3","role":"consumer","email":"paula@gmail.com","username":"pauyi89"}
[2025-02-11T16:20:43.124Z] INFO: Información del usuario adjuntada a la solicitud: {"id":"670fd51ecba1f3ebe8f69da3","role":"consumer","email":"paula@gmail.com","username":"pauyi89"}
[2025-02-11T16:20:43.166Z] INFO: Información del usuario adjuntada a la solicitud: {"id":"670fd51ecba1f3ebe8f69da3","role":"consumer","email":"paula@gmail.com","username":"pauyi89"}
[2025-02-11T16:20:43.387Z] INFO: Información del usuario adjuntada a la solicitud: {"id":"670fd51ecba1f3ebe8f69da3","role":"consumer","email":"paula@gmail.com","username":"pauyi89"}
[2025-02-11T16:20:43.394Z] INFO: Información del usuario adjuntada a la solicitud: {"id":"670fd51ecba1f3ebe8f69da3","role":"consumer","email":"paula@gmail.com","username":"pauyi89"}
[2025-02-11T16:20:43.546Z] INFO: Información del usuario adjuntada a la solicitud: {"id":"670fd51ecba1f3ebe8f69da3","role":"consumer","email":"paula@gmail.com","username":"pauyi89"}
[2025-02-11T16:20:43.576Z] INFO: Información del usuario adjuntada a la solicitud: {"id":"670fd51ecba1f3ebe8f69da3","role":"consumer","email":"paula@gmail.com","username":"pauyi89"}
[2025-02-11T16:20:43.741Z] INFO: Información del usuario adjuntada a la solicitud: {"id":"670fd51ecba1f3ebe8f69da3","role":"consumer","email":"paula@gmail.com","username":"pauyi89"}
[2025-02-11T16:20:43.923Z] INFO: Información del usuario adjuntada a la solicitud: {"id":"670fd51ecba1f3ebe8f69da3","role":"consumer","email":"paula@gmail.com","username":"pauyi89"}
[2025-02-11T16:20:44.088Z] INFO: Información del usuario adjuntada a la solicitud: {"id":"670fd51ecba1f3ebe8f69da3","role":"consumer","email":"paula@gmail.com","username":"pauyi89"}
[2025-02-11T16:20:44.265Z] INFO: Información del usuario adjuntada a la solicitud: {"id":"670fd51ecba1f3ebe8f69da3","role":"consumer","email":"paula@gmail.com","username":"pauyi89"}
[2025-02-11T16:20:44.439Z] INFO: Información del usuario adjuntada a la solicitud: {"id":"670fd51ecba1f3ebe8f69da3","role":"consumer","email":"paula@gmail.com","username":"pauyi89"}
[2025-02-11T16:20:44.619Z] INFO: Información del usuario adjuntada a la solicitud: {"id":"670fd51ecba1f3ebe8f69da3","role":"consumer","email":"paula@gmail.com","username":"pauyi89"}
[2025-02-11T16:20:44.794Z] INFO: Información del usuario adjuntada a la solicitud: {"id":"670fd51ecba1f3ebe8f69da3","role":"consumer","email":"paula@gmail.com","username":"pauyi89"}
[2025-02-11T16:20:44.956Z] INFO: Información del usuario adjuntada a la solicitud: {"id":"670fd51ecba1f3ebe8f69da3","role":"consumer","email":"paula@gmail.com","username":"pauyi89"}
[2025-02-11T16:20:45.131Z] INFO: Información del usuario adjuntada a la solicitud: {"id":"670fd51ecba1f3ebe8f69da3","role":"consumer","email":"paula@gmail.com","username":"pauyi89"}
[2025-02-11T16:20:45.306Z] INFO: Información del usuario adjuntada a la solicitud: {"id":"670fd51ecba1f3ebe8f69da3","role":"consumer","email":"paula@gmail.com","username":"pauyi89"}
[2025-02-11T16:20:45.480Z] INFO: Información del usuario adjuntada a la solicitud: {"id":"670fd51ecba1f3ebe8f69da3","role":"consumer","email":"paula@gmail.com","username":"pauyi89"}
[2025-02-11T16:20:45.642Z] INFO: Información del usuario adjuntada a la solicitud: {"id":"670fd51ecba1f3ebe8f69da3","role":"consumer","email":"paula@gmail.com","username":"pauyi89"}
[2025-02-11T16:20:45.828Z] INFO: Información del usuario adjuntada a la solicitud: {"id":"670fd51ecba1f3ebe8f69da3","role":"consumer","email":"paula@gmail.com","username":"pauyi89"}
[2025-02-11T16:20:45.829Z] INFO: Información del usuario adjuntada a la solicitud: {"id":"670fd51ecba1f3ebe8f69da3","role":"consumer","email":"paula@gmail.com","username":"pauyi89"}
[2025-02-11T16:20:46.006Z] INFO: Información del usuario adjuntada a la solicitud: {"id":"670fd51ecba1f3ebe8f69da3","role":"consumer","email":"paula@gmail.com","username":"pauyi89"}
[2025-02-11T16:20:46.007Z] INFO: Información del usuario adjuntada a la solicitud: {"id":"670fd51ecba1f3ebe8f69da3","role":"consumer","email":"paula@gmail.com","username":"pauyi89"}
[2025-02-11T16:20:46.207Z] INFO: Información del usuario adjuntada a la solicitud: {"id":"670fd51ecba1f3ebe8f69da3","role":"consumer","email":"paula@gmail.com","username":"pauyi89"}
[2025-02-11T16:20:46.375Z] INFO: Información del usuario adjuntada a la solicitud: {"id":"670fd51ecba1f3ebe8f69da3","role":"consumer","email":"paula@gmail.com","username":"pauyi89"}
[2025-02-11T16:20:46.548Z] INFO: Información del usuario adjuntada a la solicitud: {"id":"670fd51ecba1f3ebe8f69da3","role":"consumer","email":"paula@gmail.com","username":"pauyi89"}
[2025-02-11T16:20:46.739Z] INFO: Información del usuario adjuntada a la solicitud: {"id":"670fd51ecba1f3ebe8f69da3","role":"consumer","email":"paula@gmail.com","username":"pauyi89"}
[2025-02-11T16:20:46.910Z] INFO: Información del usuario adjuntada a la solicitud: {"id":"670fd51ecba1f3ebe8f69da3","role":"consumer","email":"paula@gmail.com","username":"pauyi89"}
[2025-02-11T16:20:47.076Z] INFO: Información del usuario adjuntada a la solicitud: {"id":"670fd51ecba1f3ebe8f69da3","role":"consumer","email":"paula@gmail.com","username":"pauyi89"}
[2025-02-11T16:20:47.243Z] INFO: Información del usuario adjuntada a la solicitud: {"id":"670fd51ecba1f3ebe8f69da3","role":"consumer","email":"paula@gmail.com","username":"pauyi89"}
[2025-02-11T16:20:47.411Z] INFO: Información del usuario adjuntada a la solicitud: {"id":"670fd51ecba1f3ebe8f69da3","role":"consumer","email":"paula@gmail.com","username":"pauyi89"}
[2025-02-11T16:20:47.581Z] INFO: Información del usuario adjuntada a la solicitud: {"id":"670fd51ecba1f3ebe8f69da3","role":"consumer","email":"paula@gmail.com","username":"pauyi89"}
[2025-02-11T16:20:47.745Z] INFO: Información del usuario adjuntada a la solicitud: {"id":"670fd51ecba1f3ebe8f69da3","role":"consumer","email":"paula@gmail.com","username":"pauyi89"}
[2025-02-11T16:20:47.922Z] INFO: Información del usuario adjuntada a la solicitud: {"id":"670fd51ecba1f3ebe8f69da3","role":"consumer","email":"paula@gmail.com","username":"pauyi89"}
[2025-02-11T16:20:48.100Z] INFO: Información del usuario adjuntada a la solicitud: {"id":"670fd51ecba1f3ebe8f69da3","role":"consumer","email":"paula@gmail.com","username":"pauyi89"}
[2025-02-11T16:20:48.279Z] INFO: Información del usuario adjuntada a la solicitud: {"id":"670fd51ecba1f3ebe8f69da3","role":"consumer","email":"paula@gmail.com","username":"pauyi89"}
[2025-02-11T16:20:48.445Z] INFO: Información del usuario adjuntada a la solicitud: {"id":"670fd51ecba1f3ebe8f69da3","role":"consumer","email":"paula@gmail.com","username":"pauyi89"}
[2025-02-11T16:20:48.628Z] INFO: Información del usuario adjuntada a la solicitud: {"id":"670fd51ecba1f3ebe8f69da3","role":"consumer","email":"paula@gmail.com","username":"pauyi89"}
[2025-02-11T16:20:48.800Z] INFO: Información del usuario adjuntada a la solicitud: {"id":"670fd51ecba1f3ebe8f69da3","role":"consumer","email":"paula@gmail.com","username":"pauyi89"}
[2025-02-11T16:20:48.976Z] INFO: Información del usuario adjuntada a la solicitud: {"id":"670fd51ecba1f3ebe8f69da3","role":"consumer","email":"paula@gmail.com","username":"pauyi89"}
[2025-02-11T16:20:49.141Z] INFO: Información del usuario adjuntada a la solicitud: {"id":"670fd51ecba1f3ebe8f69da3","role":"consumer","email":"paula@gmail.com","username":"pauyi89"}
[2025-02-11T16:20:49.327Z] INFO: Información del usuario adjuntada a la solicitud: {"id":"670fd51ecba1f3ebe8f69da3","role":"consumer","email":"paula@gmail.com","username":"pauyi89"}
[2025-02-11T16:20:49.516Z] INFO: Información del usuario adjuntada a la solicitud: {"id":"670fd51ecba1f3ebe8f69da3","role":"consumer","email":"paula@gmail.com","username":"pauyi89"}
[2025-02-11T16:20:49.685Z] INFO: Información del usuario adjuntada a la solicitud: {"id":"670fd51ecba1f3ebe8f69da3","role":"consumer","email":"paula@gmail.com","username":"pauyi89"}
[2025-02-11T16:20:49.845Z] INFO: Información del usuario adjuntada a la solicitud: {"id":"670fd51ecba1f3ebe8f69da3","role":"consumer","email":"paula@gmail.com","username":"pauyi89"}
[2025-02-11T16:20:50.024Z] INFO: Información del usuario adjuntada a la solicitud: {"id":"670fd51ecba1f3ebe8f69da3","role":"consumer","email":"paula@gmail.com","username":"pauyi89"}
[2025-02-11T16:20:50.192Z] INFO: Información del usuario adjuntada a la solicitud: {"id":"670fd51ecba1f3ebe8f69da3","role":"consumer","email":"paula@gmail.com","username":"pauyi89"}
[2025-02-11T16:20:50.356Z] INFO: Información del usuario adjuntada a la solicitud: {"id":"670fd51ecba1f3ebe8f69da3","role":"consumer","email":"paula@gmail.com","username":"pauyi89"}
[2025-02-11T16:20:50.528Z] INFO: Información del usuario adjuntada a la solicitud: {"id":"670fd51ecba1f3ebe8f69da3","role":"consumer","email":"paula@gmail.com","username":"pauyi89"}
[2025-02-11T16:20:50.701Z] INFO: Información del usuario adjuntada a la solicitud: {"id":"670fd51ecba1f3ebe8f69da3","role":"consumer","email":"paula@gmail.com","username":"pauyi89"}
[2025-02-11T16:20:50.870Z] INFO: Información del usuario adjuntada a la solicitud: {"id":"670fd51ecba1f3ebe8f69da3","role":"consumer","email":"paula@gmail.com","username":"pauyi89"}
[2025-02-11T16:20:50.928Z] INFO: Información del usuario adjuntada a la solicitud: {"id":"670fd51ecba1f3ebe8f69da3","role":"consumer","email":"paula@gmail.com","username":"pauyi89"}
[2025-02-11T16:20:51.039Z] INFO: Información del usuario adjuntada a la solicitud: {"id":"670fd51ecba1f3ebe8f69da3","role":"consumer","email":"paula@gmail.com","username":"pauyi89"}
[2025-02-11T16:20:51.096Z] INFO: Información del usuario adjuntada a la solicitud: {"id":"670fd51ecba1f3ebe8f69da3","role":"consumer","email":"paula@gmail.com","username":"pauyi89"}
[2025-02-11T16:20:51.278Z] INFO: Información del usuario adjuntada a la solicitud: {"id":"670fd51ecba1f3ebe8f69da3","role":"consumer","email":"paula@gmail.com","username":"pauyi89"}
[2025-02-11T16:20:51.448Z] INFO: Información del usuario adjuntada a la solicitud: {"id":"670fd51ecba1f3ebe8f69da3","role":"consumer","email":"paula@gmail.com","username":"pauyi89"}
[2025-02-11T16:21:55.956Z] INFO: Información del usuario adjuntada a la solicitud: {"id":"670fd51ecba1f3ebe8f69da3","role":"consumer","email":"paula@gmail.com","username":"pauyi89"}
[2025-02-11T16:21:59.765Z] INFO: Información del usuario adjuntada a la solicitud: {"id":"670fd51ecba1f3ebe8f69da3","role":"consumer","email":"paula@gmail.com","username":"pauyi89"}
[2025-02-11T16:21:59.952Z] INFO: Información del usuario adjuntada a la solicitud: {"id":"670fd51ecba1f3ebe8f69da3","role":"consumer","email":"paula@gmail.com","username":"pauyi89"}
[2025-02-11T16:21:59.986Z] INFO: Información del usuario adjuntada a la solicitud: {"id":"670fd51ecba1f3ebe8f69da3","role":"consumer","email":"paula@gmail.com","username":"pauyi89"}
[2025-02-11T16:22:00.209Z] INFO: Información del usuario adjuntada a la solicitud: {"id":"670fd51ecba1f3ebe8f69da3","role":"consumer","email":"paula@gmail.com","username":"pauyi89"}
[2025-02-11T16:22:00.232Z] INFO: Información del usuario adjuntada a la solicitud: {"id":"670fd51ecba1f3ebe8f69da3","role":"consumer","email":"paula@gmail.com","username":"pauyi89"}
[2025-02-11T16:22:00.413Z] INFO: Información del usuario adjuntada a la solicitud: {"id":"670fd51ecba1f3ebe8f69da3","role":"consumer","email":"paula@gmail.com","username":"pauyi89"}
[2025-02-11T16:22:00.414Z] INFO: Información del usuario adjuntada a la solicitud: {"id":"670fd51ecba1f3ebe8f69da3","role":"consumer","email":"paula@gmail.com","username":"pauyi89"}
[2025-02-11T16:22:00.594Z] INFO: Información del usuario adjuntada a la solicitud: {"id":"670fd51ecba1f3ebe8f69da3","role":"consumer","email":"paula@gmail.com","username":"pauyi89"}
[2025-02-11T16:22:00.788Z] INFO: Información del usuario adjuntada a la solicitud: {"id":"670fd51ecba1f3ebe8f69da3","role":"consumer","email":"paula@gmail.com","username":"pauyi89"}
[2025-02-11T16:22:00.970Z] INFO: Información del usuario adjuntada a la solicitud: {"id":"670fd51ecba1f3ebe8f69da3","role":"consumer","email":"paula@gmail.com","username":"pauyi89"}
[2025-02-11T16:22:01.135Z] INFO: Información del usuario adjuntada a la solicitud: {"id":"670fd51ecba1f3ebe8f69da3","role":"consumer","email":"paula@gmail.com","username":"pauyi89"}
[2025-02-11T16:22:01.300Z] INFO: Información del usuario adjuntada a la solicitud: {"id":"670fd51ecba1f3ebe8f69da3","role":"consumer","email":"paula@gmail.com","username":"pauyi89"}
[2025-02-11T16:22:01.482Z] INFO: Información del usuario adjuntada a la solicitud: {"id":"670fd51ecba1f3ebe8f69da3","role":"consumer","email":"paula@gmail.com","username":"pauyi89"}
[2025-02-11T16:22:01.655Z] INFO: Información del usuario adjuntada a la solicitud: {"id":"670fd51ecba1f3ebe8f69da3","role":"consumer","email":"paula@gmail.com","username":"pauyi89"}
[2025-02-11T16:22:01.831Z] INFO: Información del usuario adjuntada a la solicitud: {"id":"670fd51ecba1f3ebe8f69da3","role":"consumer","email":"paula@gmail.com","username":"pauyi89"}
[2025-02-11T16:22:01.997Z] INFO: Información del usuario adjuntada a la solicitud: {"id":"670fd51ecba1f3ebe8f69da3","role":"consumer","email":"paula@gmail.com","username":"pauyi89"}
[2025-02-11T16:22:02.182Z] INFO: Información del usuario adjuntada a la solicitud: {"id":"670fd51ecba1f3ebe8f69da3","role":"consumer","email":"paula@gmail.com","username":"pauyi89"}
[2025-02-11T16:22:02.364Z] INFO: Información del usuario adjuntada a la solicitud: {"id":"670fd51ecba1f3ebe8f69da3","role":"consumer","email":"paula@gmail.com","username":"pauyi89"}
[2025-02-11T16:22:02.535Z] INFO: Información del usuario adjuntada a la solicitud: {"id":"670fd51ecba1f3ebe8f69da3","role":"consumer","email":"paula@gmail.com","username":"pauyi89"}
[2025-02-11T16:22:02.734Z] INFO: Información del usuario adjuntada a la solicitud: {"id":"670fd51ecba1f3ebe8f69da3","role":"consumer","email":"paula@gmail.com","username":"pauyi89"}
[2025-02-11T16:22:02.891Z] INFO: Información del usuario adjuntada a la solicitud: {"id":"670fd51ecba1f3ebe8f69da3","role":"consumer","email":"paula@gmail.com","username":"pauyi89"}
[2025-02-11T16:22:03.057Z] INFO: Información del usuario adjuntada a la solicitud: {"id":"670fd51ecba1f3ebe8f69da3","role":"consumer","email":"paula@gmail.com","username":"pauyi89"}
[2025-02-11T16:22:03.234Z] INFO: Información del usuario adjuntada a la solicitud: {"id":"670fd51ecba1f3ebe8f69da3","role":"consumer","email":"paula@gmail.com","username":"pauyi89"}
[2025-02-11T16:22:03.396Z] INFO: Información del usuario adjuntada a la solicitud: {"id":"670fd51ecba1f3ebe8f69da3","role":"consumer","email":"paula@gmail.com","username":"pauyi89"}
[2025-02-11T16:22:03.568Z] INFO: Información del usuario adjuntada a la solicitud: {"id":"670fd51ecba1f3ebe8f69da3","role":"consumer","email":"paula@gmail.com","username":"pauyi89"}
[2025-02-11T16:22:03.624Z] INFO: Información del usuario adjuntada a la solicitud: {"id":"670fd51ecba1f3ebe8f69da3","role":"consumer","email":"paula@gmail.com","username":"pauyi89"}
[2025-02-11T16:22:03.734Z] INFO: Información del usuario adjuntada a la solicitud: {"id":"670fd51ecba1f3ebe8f69da3","role":"consumer","email":"paula@gmail.com","username":"pauyi89"}
[2025-02-11T16:22:03.793Z] INFO: Información del usuario adjuntada a la solicitud: {"id":"670fd51ecba1f3ebe8f69da3","role":"consumer","email":"paula@gmail.com","username":"pauyi89"}
[2025-02-11T16:22:03.932Z] INFO: Información del usuario adjuntada a la solicitud: {"id":"670fd51ecba1f3ebe8f69da3","role":"consumer","email":"paula@gmail.com","username":"pauyi89"}
[2025-02-11T16:22:04.094Z] INFO: Información del usuario adjuntada a la solicitud: {"id":"670fd51ecba1f3ebe8f69da3","role":"consumer","email":"paula@gmail.com","username":"pauyi89"}
[2025-02-11T16:22:04.271Z] INFO: Información del usuario adjuntada a la solicitud: {"id":"670fd51ecba1f3ebe8f69da3","role":"consumer","email":"paula@gmail.com","username":"pauyi89"}
[2025-02-11T16:22:04.445Z] INFO: Información del usuario adjuntada a la solicitud: {"id":"670fd51ecba1f3ebe8f69da3","role":"consumer","email":"paula@gmail.com","username":"pauyi89"}
[2025-02-11T16:22:04.625Z] INFO: Información del usuario adjuntada a la solicitud: {"id":"670fd51ecba1f3ebe8f69da3","role":"consumer","email":"paula@gmail.com","username":"pauyi89"}
[2025-02-11T16:22:04.816Z] INFO: Información del usuario adjuntada a la solicitud: {"id":"670fd51ecba1f3ebe8f69da3","role":"consumer","email":"paula@gmail.com","username":"pauyi89"}
[2025-02-11T16:22:04.975Z] INFO: Información del usuario adjuntada a la solicitud: {"id":"670fd51ecba1f3ebe8f69da3","role":"consumer","email":"paula@gmail.com","username":"pauyi89"}
[2025-02-11T16:22:05.150Z] INFO: Información del usuario adjuntada a la solicitud: {"id":"670fd51ecba1f3ebe8f69da3","role":"consumer","email":"paula@gmail.com","username":"pauyi89"}
[2025-02-11T16:22:05.382Z] INFO: Información del usuario adjuntada a la solicitud: {"id":"670fd51ecba1f3ebe8f69da3","role":"consumer","email":"paula@gmail.com","username":"pauyi89"}
[2025-02-11T16:22:05.578Z] INFO: Información del usuario adjuntada a la solicitud: {"id":"670fd51ecba1f3ebe8f69da3","role":"consumer","email":"paula@gmail.com","username":"pauyi89"}
[2025-02-11T16:22:05.755Z] INFO: Información del usuario adjuntada a la solicitud: {"id":"670fd51ecba1f3ebe8f69da3","role":"consumer","email":"paula@gmail.com","username":"pauyi89"}
[2025-02-11T16:22:05.921Z] INFO: Información del usuario adjuntada a la solicitud: {"id":"670fd51ecba1f3ebe8f69da3","role":"consumer","email":"paula@gmail.com","username":"pauyi89"}
[2025-02-11T16:22:06.081Z] INFO: Información del usuario adjuntada a la solicitud: {"id":"670fd51ecba1f3ebe8f69da3","role":"consumer","email":"paula@gmail.com","username":"pauyi89"}
[2025-02-11T16:22:06.235Z] INFO: Información del usuario adjuntada a la solicitud: {"id":"670fd51ecba1f3ebe8f69da3","role":"consumer","email":"paula@gmail.com","username":"pauyi89"}
[2025-02-11T16:22:06.433Z] INFO: Información del usuario adjuntada a la solicitud: {"id":"670fd51ecba1f3ebe8f69da3","role":"consumer","email":"paula@gmail.com","username":"pauyi89"}
[2025-02-11T16:22:06.591Z] INFO: Información del usuario adjuntada a la solicitud: {"id":"670fd51ecba1f3ebe8f69da3","role":"consumer","email":"paula@gmail.com","username":"pauyi89"}
[2025-02-11T16:22:06.782Z] INFO: Información del usuario adjuntada a la solicitud: {"id":"670fd51ecba1f3ebe8f69da3","role":"consumer","email":"paula@gmail.com","username":"pauyi89"}
[2025-02-11T16:22:06.946Z] INFO: Información del usuario adjuntada a la solicitud: {"id":"670fd51ecba1f3ebe8f69da3","role":"consumer","email":"paula@gmail.com","username":"pauyi89"}
[2025-02-11T16:22:07.120Z] INFO: Información del usuario adjuntada a la solicitud: {"id":"670fd51ecba1f3ebe8f69da3","role":"consumer","email":"paula@gmail.com","username":"pauyi89"}
[2025-02-11T16:22:07.286Z] INFO: Información del usuario adjuntada a la solicitud: {"id":"670fd51ecba1f3ebe8f69da3","role":"consumer","email":"paula@gmail.com","username":"pauyi89"}
[2025-02-11T16:22:07.628Z] INFO: Información del usuario adjuntada a la solicitud: {"id":"670fd51ecba1f3ebe8f69da3","role":"consumer","email":"paula@gmail.com","username":"pauyi89"}
[2025-02-11T16:22:07.814Z] INFO: Información del usuario adjuntada a la solicitud: {"id":"670fd51ecba1f3ebe8f69da3","role":"consumer","email":"paula@gmail.com","username":"pauyi89"}
[2025-02-11T16:22:07.990Z] INFO: Información del usuario adjuntada a la solicitud: {"id":"670fd51ecba1f3ebe8f69da3","role":"consumer","email":"paula@gmail.com","username":"pauyi89"}
[2025-02-11T16:22:08.148Z] INFO: Información del usuario adjuntada a la solicitud: {"id":"670fd51ecba1f3ebe8f69da3","role":"consumer","email":"paula@gmail.com","username":"pauyi89"}
[2025-02-11T16:22:08.309Z] INFO: Información del usuario adjuntada a la solicitud: {"id":"670fd51ecba1f3ebe8f69da3","role":"consumer","email":"paula@gmail.com","username":"pauyi89"}
[2025-02-11T16:22:08.550Z] INFO: Información del usuario adjuntada a la solicitud: {"id":"670fd51ecba1f3ebe8f69da3","role":"consumer","email":"paula@gmail.com","username":"pauyi89"}
[2025-02-11T16:22:08.560Z] INFO: Información del usuario adjuntada a la solicitud: {"id":"670fd51ecba1f3ebe8f69da3","role":"consumer","email":"paula@gmail.com","username":"pauyi89"}
[2025-02-11T16:22:08.658Z] INFO: Información del usuario adjuntada a la solicitud: {"id":"670fd51ecba1f3ebe8f69da3","role":"consumer","email":"paula@gmail.com","username":"pauyi89"}
[2025-02-11T16:22:08.744Z] INFO: Información del usuario adjuntada a la solicitud: {"id":"670fd51ecba1f3ebe8f69da3","role":"consumer","email":"paula@gmail.com","username":"pauyi89"}
[2025-02-11T16:22:08.758Z] INFO: Información del usuario adjuntada a la solicitud: {"id":"670fd51ecba1f3ebe8f69da3","role":"consumer","email":"paula@gmail.com","username":"pauyi89"}
[2025-02-11T16:22:08.797Z] INFO: Información del usuario adjuntada a la solicitud: {"id":"670fd51ecba1f3ebe8f69da3","role":"consumer","email":"paula@gmail.com","username":"pauyi89"}
[2025-02-11T16:22:08.968Z] INFO: Información del usuario adjuntada a la solicitud: {"id":"670fd51ecba1f3ebe8f69da3","role":"consumer","email":"paula@gmail.com","username":"pauyi89"}
[2025-02-11T16:22:08.989Z] INFO: Información del usuario adjuntada a la solicitud: {"id":"670fd51ecba1f3ebe8f69da3","role":"consumer","email":"paula@gmail.com","username":"pauyi89"}
[2025-02-11T16:22:09.045Z] INFO: Información del usuario adjuntada a la solicitud: {"id":"670fd51ecba1f3ebe8f69da3","role":"consumer","email":"paula@gmail.com","username":"pauyi89"}
[2025-02-11T16:22:09.233Z] INFO: Información del usuario adjuntada a la solicitud: {"id":"670fd51ecba1f3ebe8f69da3","role":"consumer","email":"paula@gmail.com","username":"pauyi89"}
[2025-02-11T16:22:09.276Z] INFO: Información del usuario adjuntada a la solicitud: {"id":"670fd51ecba1f3ebe8f69da3","role":"consumer","email":"paula@gmail.com","username":"pauyi89"}
[2025-02-11T16:22:09.468Z] INFO: Información del usuario adjuntada a la solicitud: {"id":"670fd51ecba1f3ebe8f69da3","role":"consumer","email":"paula@gmail.com","username":"pauyi89"}
[2025-02-11T16:22:09.511Z] INFO: Información del usuario adjuntada a la solicitud: {"id":"670fd51ecba1f3ebe8f69da3","role":"consumer","email":"paula@gmail.com","username":"pauyi89"}
[2025-02-11T16:22:09.673Z] INFO: Información del usuario adjuntada a la solicitud: {"id":"670fd51ecba1f3ebe8f69da3","role":"consumer","email":"paula@gmail.com","username":"pauyi89"}
[2025-02-11T16:22:09.687Z] INFO: Información del usuario adjuntada a la solicitud: {"id":"670fd51ecba1f3ebe8f69da3","role":"consumer","email":"paula@gmail.com","username":"pauyi89"}
[2025-02-11T16:22:09.846Z] INFO: Información del usuario adjuntada a la solicitud: {"id":"670fd51ecba1f3ebe8f69da3","role":"consumer","email":"paula@gmail.com","username":"pauyi89"}
[2025-02-11T16:22:09.855Z] INFO: Información del usuario adjuntada a la solicitud: {"id":"670fd51ecba1f3ebe8f69da3","role":"consumer","email":"paula@gmail.com","username":"pauyi89"}
[2025-02-11T16:22:10.017Z] INFO: Información del usuario adjuntada a la solicitud: {"id":"670fd51ecba1f3ebe8f69da3","role":"consumer","email":"paula@gmail.com","username":"pauyi89"}
[2025-02-11T16:22:10.023Z] INFO: Información del usuario adjuntada a la solicitud: {"id":"670fd51ecba1f3ebe8f69da3","role":"consumer","email":"paula@gmail.com","username":"pauyi89"}
[2025-02-11T16:22:10.209Z] INFO: Información del usuario adjuntada a la solicitud: {"id":"670fd51ecba1f3ebe8f69da3","role":"consumer","email":"paula@gmail.com","username":"pauyi89"}
[2025-02-11T16:22:10.386Z] INFO: Información del usuario adjuntada a la solicitud: {"id":"670fd51ecba1f3ebe8f69da3","role":"consumer","email":"paula@gmail.com","username":"pauyi89"}
[2025-02-11T16:22:10.551Z] INFO: Información del usuario adjuntada a la solicitud: {"id":"670fd51ecba1f3ebe8f69da3","role":"consumer","email":"paula@gmail.com","username":"pauyi89"}
[2025-02-11T16:22:10.734Z] INFO: Información del usuario adjuntada a la solicitud: {"id":"670fd51ecba1f3ebe8f69da3","role":"consumer","email":"paula@gmail.com","username":"pauyi89"}
[2025-02-11T16:22:10.893Z] INFO: Información del usuario adjuntada a la solicitud: {"id":"670fd51ecba1f3ebe8f69da3","role":"consumer","email":"paula@gmail.com","username":"pauyi89"}
[2025-02-11T16:22:11.088Z] INFO: Información del usuario adjuntada a la solicitud: {"id":"670fd51ecba1f3ebe8f69da3","role":"consumer","email":"paula@gmail.com","username":"pauyi89"}
[2025-02-11T16:22:11.253Z] INFO: Información del usuario adjuntada a la solicitud: {"id":"670fd51ecba1f3ebe8f69da3","role":"consumer","email":"paula@gmail.com","username":"pauyi89"}
[2025-02-11T16:22:11.424Z] INFO: Información del usuario adjuntada a la solicitud: {"id":"670fd51ecba1f3ebe8f69da3","role":"consumer","email":"paula@gmail.com","username":"pauyi89"}
[2025-02-11T16:22:11.688Z] INFO: Información del usuario adjuntada a la solicitud: {"id":"670fd51ecba1f3ebe8f69da3","role":"consumer","email":"paula@gmail.com","username":"pauyi89"}
[2025-02-11T16:22:11.779Z] INFO: Información del usuario adjuntada a la solicitud: {"id":"670fd51ecba1f3ebe8f69da3","role":"consumer","email":"paula@gmail.com","username":"pauyi89"}
[2025-02-11T16:22:11.881Z] INFO: Información del usuario adjuntada a la solicitud: {"id":"670fd51ecba1f3ebe8f69da3","role":"consumer","email":"paula@gmail.com","username":"pauyi89"}
[2025-02-11T16:22:11.984Z] INFO: Información del usuario adjuntada a la solicitud: {"id":"670fd51ecba1f3ebe8f69da3","role":"consumer","email":"paula@gmail.com","username":"pauyi89"}
[2025-02-11T16:22:12.066Z] INFO: Información del usuario adjuntada a la solicitud: {"id":"670fd51ecba1f3ebe8f69da3","role":"consumer","email":"paula@gmail.com","username":"pauyi89"}
[2025-02-11T16:22:12.244Z] INFO: Información del usuario adjuntada a la solicitud: {"id":"670fd51ecba1f3ebe8f69da3","role":"consumer","email":"paula@gmail.com","username":"pauyi89"}
[2025-02-11T16:22:12.409Z] INFO: Información del usuario adjuntada a la solicitud: {"id":"670fd51ecba1f3ebe8f69da3","role":"consumer","email":"paula@gmail.com","username":"pauyi89"}
[2025-02-11T16:22:12.703Z] INFO: Información del usuario adjuntada a la solicitud: {"id":"670fd51ecba1f3ebe8f69da3","role":"consumer","email":"paula@gmail.com","username":"pauyi89"}
[2025-02-11T16:22:12.874Z] INFO: Información del usuario adjuntada a la solicitud: {"id":"670fd51ecba1f3ebe8f69da3","role":"consumer","email":"paula@gmail.com","username":"pauyi89"}
[2025-02-11T16:22:13.056Z] INFO: Información del usuario adjuntada a la solicitud: {"id":"670fd51ecba1f3ebe8f69da3","role":"consumer","email":"paula@gmail.com","username":"pauyi89"}
[2025-02-11T16:22:13.222Z] INFO: Información del usuario adjuntada a la solicitud: {"id":"670fd51ecba1f3ebe8f69da3","role":"consumer","email":"paula@gmail.com","username":"pauyi89"}
[2025-02-11T16:22:13.397Z] INFO: Información del usuario adjuntada a la solicitud: {"id":"670fd51ecba1f3ebe8f69da3","role":"consumer","email":"paula@gmail.com","username":"pauyi89"}
[2025-02-11T16:22:13.588Z] INFO: Información del usuario adjuntada a la solicitud: {"id":"670fd51ecba1f3ebe8f69da3","role":"consumer","email":"paula@gmail.com","username":"pauyi89"}
[2025-02-11T16:22:13.768Z] INFO: Información del usuario adjuntada a la solicitud: {"id":"670fd51ecba1f3ebe8f69da3","role":"consumer","email":"paula@gmail.com","username":"pauyi89"}
[2025-02-11T16:22:13.938Z] INFO: Información del usuario adjuntada a la solicitud: {"id":"670fd51ecba1f3ebe8f69da3","role":"consumer","email":"paula@gmail.com","username":"pauyi89"}
[2025-02-11T16:22:14.100Z] INFO: Información del usuario adjuntada a la solicitud: {"id":"670fd51ecba1f3ebe8f69da3","role":"consumer","email":"paula@gmail.com","username":"pauyi89"}
[2025-02-11T16:22:14.274Z] INFO: Información del usuario adjuntada a la solicitud: {"id":"670fd51ecba1f3ebe8f69da3","role":"consumer","email":"paula@gmail.com","username":"pauyi89"}
[2025-02-11T16:22:14.441Z] INFO: Información del usuario adjuntada a la solicitud: {"id":"670fd51ecba1f3ebe8f69da3","role":"consumer","email":"paula@gmail.com","username":"pauyi89"}
[2025-02-11T16:22:14.610Z] INFO: Información del usuario adjuntada a la solicitud: {"id":"670fd51ecba1f3ebe8f69da3","role":"consumer","email":"paula@gmail.com","username":"pauyi89"}
[2025-02-11T16:22:14.805Z] INFO: Información del usuario adjuntada a la solicitud: {"id":"670fd51ecba1f3ebe8f69da3","role":"consumer","email":"paula@gmail.com","username":"pauyi89"}
[2025-02-11T16:22:15.161Z] INFO: Información del usuario adjuntada a la solicitud: {"id":"670fd51ecba1f3ebe8f69da3","role":"consumer","email":"paula@gmail.com","username":"pauyi89"}
[2025-02-11T16:22:15.491Z] INFO: Información del usuario adjuntada a la solicitud: {"id":"670fd51ecba1f3ebe8f69da3","role":"consumer","email":"paula@gmail.com","username":"pauyi89"}
[2025-02-11T16:22:15.660Z] INFO: Información del usuario adjuntada a la solicitud: {"id":"670fd51ecba1f3ebe8f69da3","role":"consumer","email":"paula@gmail.com","username":"pauyi89"}
[2025-02-11T16:22:15.842Z] INFO: Información del usuario adjuntada a la solicitud: {"id":"670fd51ecba1f3ebe8f69da3","role":"consumer","email":"paula@gmail.com","username":"pauyi89"}
[2025-02-11T16:22:16.026Z] INFO: Información del usuario adjuntada a la solicitud: {"id":"670fd51ecba1f3ebe8f69da3","role":"consumer","email":"paula@gmail.com","username":"pauyi89"}
[2025-02-11T16:22:16.191Z] INFO: Información del usuario adjuntada a la solicitud: {"id":"670fd51ecba1f3ebe8f69da3","role":"consumer","email":"paula@gmail.com","username":"pauyi89"}
[2025-02-11T16:22:16.367Z] INFO: Información del usuario adjuntada a la solicitud: {"id":"670fd51ecba1f3ebe8f69da3","role":"consumer","email":"paula@gmail.com","username":"pauyi89"}
[2025-02-11T16:22:16.592Z] INFO: Información del usuario adjuntada a la solicitud: {"id":"670fd51ecba1f3ebe8f69da3","role":"consumer","email":"paula@gmail.com","username":"pauyi89"}
[2025-02-11T16:22:16.798Z] INFO: Información del usuario adjuntada a la solicitud: {"id":"670fd51ecba1f3ebe8f69da3","role":"consumer","email":"paula@gmail.com","username":"pauyi89"}
[2025-02-11T16:22:16.968Z] INFO: Información del usuario adjuntada a la solicitud: {"id":"670fd51ecba1f3ebe8f69da3","role":"consumer","email":"paula@gmail.com","username":"pauyi89"}
[2025-02-11T16:22:17.142Z] INFO: Información del usuario adjuntada a la solicitud: {"id":"670fd51ecba1f3ebe8f69da3","role":"consumer","email":"paula@gmail.com","username":"pauyi89"}
[2025-02-11T16:22:17.317Z] INFO: Información del usuario adjuntada a la solicitud: {"id":"670fd51ecba1f3ebe8f69da3","role":"consumer","email":"paula@gmail.com","username":"pauyi89"}
[2025-02-11T16:22:17.492Z] INFO: Información del usuario adjuntada a la solicitud: {"id":"670fd51ecba1f3ebe8f69da3","role":"consumer","email":"paula@gmail.com","username":"pauyi89"}
[2025-02-11T16:22:17.653Z] INFO: Información del usuario adjuntada a la solicitud: {"id":"670fd51ecba1f3ebe8f69da3","role":"consumer","email":"paula@gmail.com","username":"pauyi89"}
[2025-02-11T16:22:17.820Z] INFO: Información del usuario adjuntada a la solicitud: {"id":"670fd51ecba1f3ebe8f69da3","role":"consumer","email":"paula@gmail.com","username":"pauyi89"}
[2025-02-11T16:22:17.980Z] INFO: Información del usuario adjuntada a la solicitud: {"id":"670fd51ecba1f3ebe8f69da3","role":"consumer","email":"paula@gmail.com","username":"pauyi89"}
[2025-02-11T16:22:18.164Z] INFO: Información del usuario adjuntada a la solicitud: {"id":"670fd51ecba1f3ebe8f69da3","role":"consumer","email":"paula@gmail.com","username":"pauyi89"}
[2025-02-11T16:22:18.335Z] INFO: Información del usuario adjuntada a la solicitud: {"id":"670fd51ecba1f3ebe8f69da3","role":"consumer","email":"paula@gmail.com","username":"pauyi89"}
[2025-02-11T16:22:18.526Z] INFO: Información del usuario adjuntada a la solicitud: {"id":"670fd51ecba1f3ebe8f69da3","role":"consumer","email":"paula@gmail.com","username":"pauyi89"}
[2025-02-11T16:22:18.698Z] INFO: Información del usuario adjuntada a la solicitud: {"id":"670fd51ecba1f3ebe8f69da3","role":"consumer","email":"paula@gmail.com","username":"pauyi89"}
[2025-02-11T16:22:18.867Z] INFO: Información del usuario adjuntada a la solicitud: {"id":"670fd51ecba1f3ebe8f69da3","role":"consumer","email":"paula@gmail.com","username":"pauyi89"}
[2025-02-11T16:22:19.039Z] INFO: Información del usuario adjuntada a la solicitud: {"id":"670fd51ecba1f3ebe8f69da3","role":"consumer","email":"paula@gmail.com","username":"pauyi89"}
[2025-02-11T16:22:19.210Z] INFO: Información del usuario adjuntada a la solicitud: {"id":"670fd51ecba1f3ebe8f69da3","role":"consumer","email":"paula@gmail.com","username":"pauyi89"}
[2025-02-11T16:22:19.421Z] INFO: Información del usuario adjuntada a la solicitud: {"id":"670fd51ecba1f3ebe8f69da3","role":"consumer","email":"paula@gmail.com","username":"pauyi89"}
[2025-02-11T16:22:19.599Z] INFO: Información del usuario adjuntada a la solicitud: {"id":"670fd51ecba1f3ebe8f69da3","role":"consumer","email":"paula@gmail.com","username":"pauyi89"}
[2025-02-11T16:22:19.766Z] INFO: Información del usuario adjuntada a la solicitud: {"id":"670fd51ecba1f3ebe8f69da3","role":"consumer","email":"paula@gmail.com","username":"pauyi89"}
[2025-02-11T16:22:19.940Z] INFO: Información del usuario adjuntada a la solicitud: {"id":"670fd51ecba1f3ebe8f69da3","role":"consumer","email":"paula@gmail.com","username":"pauyi89"}
[2025-02-11T16:22:20.111Z] INFO: Información del usuario adjuntada a la solicitud: {"id":"670fd51ecba1f3ebe8f69da3","role":"consumer","email":"paula@gmail.com","username":"pauyi89"}
[2025-02-11T16:22:20.279Z] INFO: Información del usuario adjuntada a la solicitud: {"id":"670fd51ecba1f3ebe8f69da3","role":"consumer","email":"paula@gmail.com","username":"pauyi89"}
[2025-02-11T16:22:20.448Z] INFO: Información del usuario adjuntada a la solicitud: {"id":"670fd51ecba1f3ebe8f69da3","role":"consumer","email":"paula@gmail.com","username":"pauyi89"}
[2025-02-11T16:22:20.622Z] INFO: Información del usuario adjuntada a la solicitud: {"id":"670fd51ecba1f3ebe8f69da3","role":"consumer","email":"paula@gmail.com","username":"pauyi89"}
[2025-02-11T16:22:20.791Z] INFO: Información del usuario adjuntada a la solicitud: {"id":"670fd51ecba1f3ebe8f69da3","role":"consumer","email":"paula@gmail.com","username":"pauyi89"}
[2025-02-11T16:22:20.971Z] INFO: Información del usuario adjuntada a la solicitud: {"id":"670fd51ecba1f3ebe8f69da3","role":"consumer","email":"paula@gmail.com","username":"pauyi89"}
[2025-02-11T16:22:21.135Z] INFO: Información del usuario adjuntada a la solicitud: {"id":"670fd51ecba1f3ebe8f69da3","role":"consumer","email":"paula@gmail.com","username":"pauyi89"}
[2025-02-11T16:22:21.312Z] INFO: Información del usuario adjuntada a la solicitud: {"id":"670fd51ecba1f3ebe8f69da3","role":"consumer","email":"paula@gmail.com","username":"pauyi89"}
[2025-02-11T16:22:21.491Z] INFO: Información del usuario adjuntada a la solicitud: {"id":"670fd51ecba1f3ebe8f69da3","role":"consumer","email":"paula@gmail.com","username":"pauyi89"}
[2025-02-11T16:22:21.635Z] INFO: Información del usuario adjuntada a la solicitud: {"id":"670fd51ecba1f3ebe8f69da3","role":"consumer","email":"paula@gmail.com","username":"pauyi89"}
[2025-02-11T16:22:21.652Z] INFO: Información del usuario adjuntada a la solicitud: {"id":"670fd51ecba1f3ebe8f69da3","role":"consumer","email":"paula@gmail.com","username":"pauyi89"}
[2025-02-11T16:22:21.806Z] INFO: Información del usuario adjuntada a la solicitud: {"id":"670fd51ecba1f3ebe8f69da3","role":"consumer","email":"paula@gmail.com","username":"pauyi89"}
[2025-02-11T16:22:21.823Z] INFO: Información del usuario adjuntada a la solicitud: {"id":"670fd51ecba1f3ebe8f69da3","role":"consumer","email":"paula@gmail.com","username":"pauyi89"}
[2025-02-11T16:22:22.049Z] INFO: Información del usuario adjuntada a la solicitud: {"id":"670fd51ecba1f3ebe8f69da3","role":"consumer","email":"paula@gmail.com","username":"pauyi89"}
[2025-02-11T16:22:22.228Z] INFO: Información del usuario adjuntada a la solicitud: {"id":"670fd51ecba1f3ebe8f69da3","role":"consumer","email":"paula@gmail.com","username":"pauyi89"}
[2025-02-11T16:22:22.411Z] INFO: Información del usuario adjuntada a la solicitud: {"id":"670fd51ecba1f3ebe8f69da3","role":"consumer","email":"paula@gmail.com","username":"pauyi89"}
[2025-02-11T16:22:22.575Z] INFO: Información del usuario adjuntada a la solicitud: {"id":"670fd51ecba1f3ebe8f69da3","role":"consumer","email":"paula@gmail.com","username":"pauyi89"}
[2025-02-11T16:22:22.741Z] INFO: Información del usuario adjuntada a la solicitud: {"id":"670fd51ecba1f3ebe8f69da3","role":"consumer","email":"paula@gmail.com","username":"pauyi89"}
[2025-02-11T16:22:22.921Z] INFO: Información del usuario adjuntada a la solicitud: {"id":"670fd51ecba1f3ebe8f69da3","role":"consumer","email":"paula@gmail.com","username":"pauyi89"}
[2025-02-11T16:22:23.087Z] INFO: Información del usuario adjuntada a la solicitud: {"id":"670fd51ecba1f3ebe8f69da3","role":"consumer","email":"paula@gmail.com","username":"pauyi89"}
[2025-02-11T16:22:23.250Z] INFO: Información del usuario adjuntada a la solicitud: {"id":"670fd51ecba1f3ebe8f69da3","role":"consumer","email":"paula@gmail.com","username":"pauyi89"}
[2025-02-11T16:22:23.433Z] INFO: Información del usuario adjuntada a la solicitud: {"id":"670fd51ecba1f3ebe8f69da3","role":"consumer","email":"paula@gmail.com","username":"pauyi89"}
[2025-02-11T16:22:23.597Z] INFO: Información del usuario adjuntada a la solicitud: {"id":"670fd51ecba1f3ebe8f69da3","role":"consumer","email":"paula@gmail.com","username":"pauyi89"}
[2025-02-11T16:22:23.759Z] INFO: Información del usuario adjuntada a la solicitud: {"id":"670fd51ecba1f3ebe8f69da3","role":"consumer","email":"paula@gmail.com","username":"pauyi89"}
[2025-02-11T16:22:23.927Z] INFO: Información del usuario adjuntada a la solicitud: {"id":"670fd51ecba1f3ebe8f69da3","role":"consumer","email":"paula@gmail.com","username":"pauyi89"}
[2025-02-11T16:22:24.112Z] INFO: Información del usuario adjuntada a la solicitud: {"id":"670fd51ecba1f3ebe8f69da3","role":"consumer","email":"paula@gmail.com","username":"pauyi89"}
[2025-02-11T16:22:24.293Z] INFO: Información del usuario adjuntada a la solicitud: {"id":"670fd51ecba1f3ebe8f69da3","role":"consumer","email":"paula@gmail.com","username":"pauyi89"}
[2025-02-11T16:22:24.482Z] INFO: Información del usuario adjuntada a la solicitud: {"id":"670fd51ecba1f3ebe8f69da3","role":"consumer","email":"paula@gmail.com","username":"pauyi89"}
[2025-02-11T16:22:24.646Z] INFO: Información del usuario adjuntada a la solicitud: {"id":"670fd51ecba1f3ebe8f69da3","role":"consumer","email":"paula@gmail.com","username":"pauyi89"}
[2025-02-11T16:22:24.851Z] INFO: Información del usuario adjuntada a la solicitud: {"id":"670fd51ecba1f3ebe8f69da3","role":"consumer","email":"paula@gmail.com","username":"pauyi89"}
[2025-02-11T16:22:25.036Z] INFO: Información del usuario adjuntada a la solicitud: {"id":"670fd51ecba1f3ebe8f69da3","role":"consumer","email":"paula@gmail.com","username":"pauyi89"}
[2025-02-11T16:22:25.203Z] INFO: Información del usuario adjuntada a la solicitud: {"id":"670fd51ecba1f3ebe8f69da3","role":"consumer","email":"paula@gmail.com","username":"pauyi89"}
[2025-02-11T16:22:25.365Z] INFO: Información del usuario adjuntada a la solicitud: {"id":"670fd51ecba1f3ebe8f69da3","role":"consumer","email":"paula@gmail.com","username":"pauyi89"}
[2025-02-11T16:22:25.528Z] INFO: Información del usuario adjuntada a la solicitud: {"id":"670fd51ecba1f3ebe8f69da3","role":"consumer","email":"paula@gmail.com","username":"pauyi89"}
[2025-02-11T16:22:25.706Z] INFO: Información del usuario adjuntada a la solicitud: {"id":"670fd51ecba1f3ebe8f69da3","role":"consumer","email":"paula@gmail.com","username":"pauyi89"}
[2025-02-11T16:22:25.885Z] INFO: Información del usuario adjuntada a la solicitud: {"id":"670fd51ecba1f3ebe8f69da3","role":"consumer","email":"paula@gmail.com","username":"pauyi89"}
[2025-02-11T16:22:26.049Z] INFO: Información del usuario adjuntada a la solicitud: {"id":"670fd51ecba1f3ebe8f69da3","role":"consumer","email":"paula@gmail.com","username":"pauyi89"}
[2025-02-11T16:22:26.218Z] INFO: Información del usuario adjuntada a la solicitud: {"id":"670fd51ecba1f3ebe8f69da3","role":"consumer","email":"paula@gmail.com","username":"pauyi89"}
[2025-02-11T16:22:26.424Z] INFO: Información del usuario adjuntada a la solicitud: {"id":"670fd51ecba1f3ebe8f69da3","role":"consumer","email":"paula@gmail.com","username":"pauyi89"}
[2025-02-11T16:22:26.607Z] INFO: Información del usuario adjuntada a la solicitud: {"id":"670fd51ecba1f3ebe8f69da3","role":"consumer","email":"paula@gmail.com","username":"pauyi89"}
[2025-02-11T16:22:26.786Z] INFO: Información del usuario adjuntada a la solicitud: {"id":"670fd51ecba1f3ebe8f69da3","role":"consumer","email":"paula@gmail.com","username":"pauyi89"}
[2025-02-11T16:22:26.961Z] INFO: Información del usuario adjuntada a la solicitud: {"id":"670fd51ecba1f3ebe8f69da3","role":"consumer","email":"paula@gmail.com","username":"pauyi89"}
[2025-02-11T16:22:27.139Z] INFO: Información del usuario adjuntada a la solicitud: {"id":"670fd51ecba1f3ebe8f69da3","role":"consumer","email":"paula@gmail.com","username":"pauyi89"}
[2025-02-11T16:22:27.297Z] INFO: Información del usuario adjuntada a la solicitud: {"id":"670fd51ecba1f3ebe8f69da3","role":"consumer","email":"paula@gmail.com","username":"pauyi89"}
[2025-02-11T16:22:27.451Z] INFO: Información del usuario adjuntada a la solicitud: {"id":"670fd51ecba1f3ebe8f69da3","role":"consumer","email":"paula@gmail.com","username":"pauyi89"}
[2025-02-11T16:22:27.615Z] INFO: Información del usuario adjuntada a la solicitud: {"id":"670fd51ecba1f3ebe8f69da3","role":"consumer","email":"paula@gmail.com","username":"pauyi89"}
[2025-02-11T16:22:27.782Z] INFO: Información del usuario adjuntada a la solicitud: {"id":"670fd51ecba1f3ebe8f69da3","role":"consumer","email":"paula@gmail.com","username":"pauyi89"}
[2025-02-11T16:22:27.959Z] INFO: Información del usuario adjuntada a la solicitud: {"id":"670fd51ecba1f3ebe8f69da3","role":"consumer","email":"paula@gmail.com","username":"pauyi89"}
[2025-02-11T16:22:28.128Z] INFO: Información del usuario adjuntada a la solicitud: {"id":"670fd51ecba1f3ebe8f69da3","role":"consumer","email":"paula@gmail.com","username":"pauyi89"}
[2025-02-11T16:22:28.305Z] INFO: Información del usuario adjuntada a la solicitud: {"id":"670fd51ecba1f3ebe8f69da3","role":"consumer","email":"paula@gmail.com","username":"pauyi89"}
[2025-02-11T16:22:28.481Z] INFO: Información del usuario adjuntada a la solicitud: {"id":"670fd51ecba1f3ebe8f69da3","role":"consumer","email":"paula@gmail.com","username":"pauyi89"}
[2025-02-11T16:22:28.656Z] INFO: Información del usuario adjuntada a la solicitud: {"id":"670fd51ecba1f3ebe8f69da3","role":"consumer","email":"paula@gmail.com","username":"pauyi89"}
[2025-02-11T16:22:28.846Z] INFO: Información del usuario adjuntada a la solicitud: {"id":"670fd51ecba1f3ebe8f69da3","role":"consumer","email":"paula@gmail.com","username":"pauyi89"}
[2025-02-11T16:22:29.011Z] INFO: Información del usuario adjuntada a la solicitud: {"id":"670fd51ecba1f3ebe8f69da3","role":"consumer","email":"paula@gmail.com","username":"pauyi89"}
[2025-02-11T16:22:29.168Z] INFO: Información del usuario adjuntada a la solicitud: {"id":"670fd51ecba1f3ebe8f69da3","role":"consumer","email":"paula@gmail.com","username":"pauyi89"}
[2025-02-11T16:22:29.331Z] INFO: Información del usuario adjuntada a la solicitud: {"id":"670fd51ecba1f3ebe8f69da3","role":"consumer","email":"paula@gmail.com","username":"pauyi89"}
[2025-02-11T16:22:29.504Z] INFO: Información del usuario adjuntada a la solicitud: {"id":"670fd51ecba1f3ebe8f69da3","role":"consumer","email":"paula@gmail.com","username":"pauyi89"}
[2025-02-11T16:22:29.680Z] INFO: Información del usuario adjuntada a la solicitud: {"id":"670fd51ecba1f3ebe8f69da3","role":"consumer","email":"paula@gmail.com","username":"pauyi89"}
[2025-02-11T16:22:29.845Z] INFO: Información del usuario adjuntada a la solicitud: {"id":"670fd51ecba1f3ebe8f69da3","role":"consumer","email":"paula@gmail.com","username":"pauyi89"}
[2025-02-11T16:22:30.027Z] INFO: Información del usuario adjuntada a la solicitud: {"id":"670fd51ecba1f3ebe8f69da3","role":"consumer","email":"paula@gmail.com","username":"pauyi89"}
[2025-02-11T16:22:30.211Z] INFO: Información del usuario adjuntada a la solicitud: {"id":"670fd51ecba1f3ebe8f69da3","role":"consumer","email":"paula@gmail.com","username":"pauyi89"}
[2025-02-11T16:22:30.380Z] INFO: Información del usuario adjuntada a la solicitud: {"id":"670fd51ecba1f3ebe8f69da3","role":"consumer","email":"paula@gmail.com","username":"pauyi89"}
[2025-02-11T16:22:30.553Z] INFO: Información del usuario adjuntada a la solicitud: {"id":"670fd51ecba1f3ebe8f69da3","role":"consumer","email":"paula@gmail.com","username":"pauyi89"}
[2025-02-11T16:22:30.723Z] INFO: Información del usuario adjuntada a la solicitud: {"id":"670fd51ecba1f3ebe8f69da3","role":"consumer","email":"paula@gmail.com","username":"pauyi89"}
[2025-02-11T16:22:30.908Z] INFO: Información del usuario adjuntada a la solicitud: {"id":"670fd51ecba1f3ebe8f69da3","role":"consumer","email":"paula@gmail.com","username":"pauyi89"}
[2025-02-11T16:22:31.074Z] INFO: Información del usuario adjuntada a la solicitud: {"id":"670fd51ecba1f3ebe8f69da3","role":"consumer","email":"paula@gmail.com","username":"pauyi89"}
[2025-02-11T16:22:31.246Z] INFO: Información del usuario adjuntada a la solicitud: {"id":"670fd51ecba1f3ebe8f69da3","role":"consumer","email":"paula@gmail.com","username":"pauyi89"}
[2025-02-11T16:22:31.404Z] INFO: Información del usuario adjuntada a la solicitud: {"id":"670fd51ecba1f3ebe8f69da3","role":"consumer","email":"paula@gmail.com","username":"pauyi89"}
[2025-02-11T16:22:31.589Z] INFO: Información del usuario adjuntada a la solicitud: {"id":"670fd51ecba1f3ebe8f69da3","role":"consumer","email":"paula@gmail.com","username":"pauyi89"}
[2025-02-11T16:22:31.759Z] INFO: Información del usuario adjuntada a la solicitud: {"id":"670fd51ecba1f3ebe8f69da3","role":"consumer","email":"paula@gmail.com","username":"pauyi89"}
[2025-02-11T16:22:31.928Z] INFO: Información del usuario adjuntada a la solicitud: {"id":"670fd51ecba1f3ebe8f69da3","role":"consumer","email":"paula@gmail.com","username":"pauyi89"}
[2025-02-11T16:22:32.085Z] INFO: Información del usuario adjuntada a la solicitud: {"id":"670fd51ecba1f3ebe8f69da3","role":"consumer","email":"paula@gmail.com","username":"pauyi89"}
[2025-02-11T16:22:32.259Z] INFO: Información del usuario adjuntada a la solicitud: {"id":"670fd51ecba1f3ebe8f69da3","role":"consumer","email":"paula@gmail.com","username":"pauyi89"}
[2025-02-11T16:22:32.432Z] INFO: Información del usuario adjuntada a la solicitud: {"id":"670fd51ecba1f3ebe8f69da3","role":"consumer","email":"paula@gmail.com","username":"pauyi89"}
[2025-02-11T16:22:32.698Z] INFO: Información del usuario adjuntada a la solicitud: {"id":"670fd51ecba1f3ebe8f69da3","role":"consumer","email":"paula@gmail.com","username":"pauyi89"}
[2025-02-11T16:22:32.873Z] INFO: Información del usuario adjuntada a la solicitud: {"id":"670fd51ecba1f3ebe8f69da3","role":"consumer","email":"paula@gmail.com","username":"pauyi89"}
[2025-02-11T16:22:33.045Z] INFO: Información del usuario adjuntada a la solicitud: {"id":"670fd51ecba1f3ebe8f69da3","role":"consumer","email":"paula@gmail.com","username":"pauyi89"}
[2025-02-11T16:22:33.217Z] INFO: Información del usuario adjuntada a la solicitud: {"id":"670fd51ecba1f3ebe8f69da3","role":"consumer","email":"paula@gmail.com","username":"pauyi89"}
[2025-02-11T16:22:33.385Z] INFO: Información del usuario adjuntada a la solicitud: {"id":"670fd51ecba1f3ebe8f69da3","role":"consumer","email":"paula@gmail.com","username":"pauyi89"}
[2025-02-11T16:22:33.566Z] INFO: Información del usuario adjuntada a la solicitud: {"id":"670fd51ecba1f3ebe8f69da3","role":"consumer","email":"paula@gmail.com","username":"pauyi89"}
[2025-02-11T16:22:33.808Z] INFO: Información del usuario adjuntada a la solicitud: {"id":"670fd51ecba1f3ebe8f69da3","role":"consumer","email":"paula@gmail.com","username":"pauyi89"}
[2025-02-11T16:22:34.000Z] INFO: Información del usuario adjuntada a la solicitud: {"id":"670fd51ecba1f3ebe8f69da3","role":"consumer","email":"paula@gmail.com","username":"pauyi89"}
[2025-02-11T16:22:34.161Z] INFO: Información del usuario adjuntada a la solicitud: {"id":"670fd51ecba1f3ebe8f69da3","role":"consumer","email":"paula@gmail.com","username":"pauyi89"}
[2025-02-11T16:22:34.329Z] INFO: Información del usuario adjuntada a la solicitud: {"id":"670fd51ecba1f3ebe8f69da3","role":"consumer","email":"paula@gmail.com","username":"pauyi89"}
[2025-02-11T16:22:34.492Z] INFO: Información del usuario adjuntada a la solicitud: {"id":"670fd51ecba1f3ebe8f69da3","role":"consumer","email":"paula@gmail.com","username":"pauyi89"}
[2025-02-11T16:22:34.661Z] INFO: Información del usuario adjuntada a la solicitud: {"id":"670fd51ecba1f3ebe8f69da3","role":"consumer","email":"paula@gmail.com","username":"pauyi89"}
[2025-02-11T16:22:34.822Z] INFO: Información del usuario adjuntada a la solicitud: {"id":"670fd51ecba1f3ebe8f69da3","role":"consumer","email":"paula@gmail.com","username":"pauyi89"}
[2025-02-11T16:22:34.989Z] INFO: Información del usuario adjuntada a la solicitud: {"id":"670fd51ecba1f3ebe8f69da3","role":"consumer","email":"paula@gmail.com","username":"pauyi89"}
[2025-02-11T16:22:35.174Z] INFO: Información del usuario adjuntada a la solicitud: {"id":"670fd51ecba1f3ebe8f69da3","role":"consumer","email":"paula@gmail.com","username":"pauyi89"}
[2025-02-11T16:22:35.336Z] INFO: Información del usuario adjuntada a la solicitud: {"id":"670fd51ecba1f3ebe8f69da3","role":"consumer","email":"paula@gmail.com","username":"pauyi89"}
[2025-02-11T16:22:35.521Z] INFO: Información del usuario adjuntada a la solicitud: {"id":"670fd51ecba1f3ebe8f69da3","role":"consumer","email":"paula@gmail.com","username":"pauyi89"}
[2025-02-11T16:22:35.695Z] INFO: Información del usuario adjuntada a la solicitud: {"id":"670fd51ecba1f3ebe8f69da3","role":"consumer","email":"paula@gmail.com","username":"pauyi89"}
[2025-02-11T16:22:35.864Z] INFO: Información del usuario adjuntada a la solicitud: {"id":"670fd51ecba1f3ebe8f69da3","role":"consumer","email":"paula@gmail.com","username":"pauyi89"}
[2025-02-11T16:22:36.076Z] INFO: Información del usuario adjuntada a la solicitud: {"id":"670fd51ecba1f3ebe8f69da3","role":"consumer","email":"paula@gmail.com","username":"pauyi89"}
[2025-02-11T16:22:43.728Z] INFO: Usuario encontrado: mceballos
[2025-02-11T16:22:43.782Z] INFO: Token generado para usuario: mceballos
[2025-02-11T16:22:43.838Z] INFO: Información del usuario adjuntada a la solicitud: {"id":"670fcd293f9c5f4310b80da5","role":"admin","email":"maria.ceballos@davinci.edu.ar","username":"mceballos"}
[2025-02-11T16:22:43.938Z] INFO: Información del usuario adjuntada a la solicitud: {"id":"670fcd293f9c5f4310b80da5","role":"admin","email":"maria.ceballos@davinci.edu.ar","username":"mceballos"}
[2025-02-11T16:22:45.863Z] INFO: Información del usuario adjuntada a la solicitud: {"id":"670fcd293f9c5f4310b80da5","role":"admin","email":"maria.ceballos@davinci.edu.ar","username":"mceballos"}
[2025-02-11T16:22:46.028Z] INFO: Información del usuario adjuntada a la solicitud: {"id":"670fcd293f9c5f4310b80da5","role":"admin","email":"maria.ceballos@davinci.edu.ar","username":"mceballos"}
[2025-02-11T16:22:46.064Z] INFO: Información del usuario adjuntada a la solicitud: {"id":"670fcd293f9c5f4310b80da5","role":"admin","email":"maria.ceballos@davinci.edu.ar","username":"mceballos"}
[2025-02-11T16:22:46.287Z] INFO: Información del usuario adjuntada a la solicitud: {"id":"670fcd293f9c5f4310b80da5","role":"admin","email":"maria.ceballos@davinci.edu.ar","username":"mceballos"}
[2025-02-11T16:22:46.289Z] INFO: Información del usuario adjuntada a la solicitud: {"id":"670fcd293f9c5f4310b80da5","role":"admin","email":"maria.ceballos@davinci.edu.ar","username":"mceballos"}
[2025-02-11T16:22:46.458Z] INFO: Información del usuario adjuntada a la solicitud: {"id":"670fcd293f9c5f4310b80da5","role":"admin","email":"maria.ceballos@davinci.edu.ar","username":"mceballos"}
[2025-02-11T16:22:46.471Z] INFO: Información del usuario adjuntada a la solicitud: {"id":"670fcd293f9c5f4310b80da5","role":"admin","email":"maria.ceballos@davinci.edu.ar","username":"mceballos"}
[2025-02-11T16:22:46.634Z] INFO: Información del usuario adjuntada a la solicitud: {"id":"670fcd293f9c5f4310b80da5","role":"admin","email":"maria.ceballos@davinci.edu.ar","username":"mceballos"}
[2025-02-11T16:22:46.808Z] INFO: Información del usuario adjuntada a la solicitud: {"id":"670fcd293f9c5f4310b80da5","role":"admin","email":"maria.ceballos@davinci.edu.ar","username":"mceballos"}
[2025-02-11T16:22:46.973Z] INFO: Información del usuario adjuntada a la solicitud: {"id":"670fcd293f9c5f4310b80da5","role":"admin","email":"maria.ceballos@davinci.edu.ar","username":"mceballos"}
[2025-02-11T16:22:47.128Z] INFO: Información del usuario adjuntada a la solicitud: {"id":"670fcd293f9c5f4310b80da5","role":"admin","email":"maria.ceballos@davinci.edu.ar","username":"mceballos"}
[2025-02-11T16:22:47.315Z] INFO: Información del usuario adjuntada a la solicitud: {"id":"670fcd293f9c5f4310b80da5","role":"admin","email":"maria.ceballos@davinci.edu.ar","username":"mceballos"}
[2025-02-11T16:22:47.482Z] INFO: Información del usuario adjuntada a la solicitud: {"id":"670fcd293f9c5f4310b80da5","role":"admin","email":"maria.ceballos@davinci.edu.ar","username":"mceballos"}
[2025-02-11T16:22:47.675Z] INFO: Información del usuario adjuntada a la solicitud: {"id":"670fcd293f9c5f4310b80da5","role":"admin","email":"maria.ceballos@davinci.edu.ar","username":"mceballos"}
[2025-02-11T16:22:47.896Z] INFO: Información del usuario adjuntada a la solicitud: {"id":"670fcd293f9c5f4310b80da5","role":"admin","email":"maria.ceballos@davinci.edu.ar","username":"mceballos"}
[2025-02-11T16:22:48.066Z] INFO: Información del usuario adjuntada a la solicitud: {"id":"670fcd293f9c5f4310b80da5","role":"admin","email":"maria.ceballos@davinci.edu.ar","username":"mceballos"}
[2025-02-11T16:22:48.257Z] INFO: Información del usuario adjuntada a la solicitud: {"id":"670fcd293f9c5f4310b80da5","role":"admin","email":"maria.ceballos@davinci.edu.ar","username":"mceballos"}
[2025-02-11T16:22:48.439Z] INFO: Información del usuario adjuntada a la solicitud: {"id":"670fcd293f9c5f4310b80da5","role":"admin","email":"maria.ceballos@davinci.edu.ar","username":"mceballos"}
[2025-02-11T16:22:48.597Z] INFO: Información del usuario adjuntada a la solicitud: {"id":"670fcd293f9c5f4310b80da5","role":"admin","email":"maria.ceballos@davinci.edu.ar","username":"mceballos"}
[2025-02-11T16:22:48.772Z] INFO: Información del usuario adjuntada a la solicitud: {"id":"670fcd293f9c5f4310b80da5","role":"admin","email":"maria.ceballos@davinci.edu.ar","username":"mceballos"}
[2025-02-11T16:22:48.934Z] INFO: Información del usuario adjuntada a la solicitud: {"id":"670fcd293f9c5f4310b80da5","role":"admin","email":"maria.ceballos@davinci.edu.ar","username":"mceballos"}
[2025-02-11T16:22:49.109Z] INFO: Información del usuario adjuntada a la solicitud: {"id":"670fcd293f9c5f4310b80da5","role":"admin","email":"maria.ceballos@davinci.edu.ar","username":"mceballos"}
[2025-02-11T16:22:49.295Z] INFO: Información del usuario adjuntada a la solicitud: {"id":"670fcd293f9c5f4310b80da5","role":"admin","email":"maria.ceballos@davinci.edu.ar","username":"mceballos"}
[2025-02-11T16:22:49.514Z] INFO: Información del usuario adjuntada a la solicitud: {"id":"670fcd293f9c5f4310b80da5","role":"admin","email":"maria.ceballos@davinci.edu.ar","username":"mceballos"}
[2025-02-11T16:22:49.701Z] INFO: Información del usuario adjuntada a la solicitud: {"id":"670fcd293f9c5f4310b80da5","role":"admin","email":"maria.ceballos@davinci.edu.ar","username":"mceballos"}
[2025-02-11T16:22:49.872Z] INFO: Información del usuario adjuntada a la solicitud: {"id":"670fcd293f9c5f4310b80da5","role":"admin","email":"maria.ceballos@davinci.edu.ar","username":"mceballos"}
[2025-02-11T16:22:50.031Z] INFO: Información del usuario adjuntada a la solicitud: {"id":"670fcd293f9c5f4310b80da5","role":"admin","email":"maria.ceballos@davinci.edu.ar","username":"mceballos"}
[2025-02-11T16:22:50.215Z] INFO: Información del usuario adjuntada a la solicitud: {"id":"670fcd293f9c5f4310b80da5","role":"admin","email":"maria.ceballos@davinci.edu.ar","username":"mceballos"}
[2025-02-11T16:22:50.384Z] INFO: Información del usuario adjuntada a la solicitud: {"id":"670fcd293f9c5f4310b80da5","role":"admin","email":"maria.ceballos@davinci.edu.ar","username":"mceballos"}
[2025-02-11T16:22:50.626Z] INFO: Información del usuario adjuntada a la solicitud: {"id":"670fcd293f9c5f4310b80da5","role":"admin","email":"maria.ceballos@davinci.edu.ar","username":"mceballos"}
[2025-02-11T16:22:50.815Z] INFO: Información del usuario adjuntada a la solicitud: {"id":"670fcd293f9c5f4310b80da5","role":"admin","email":"maria.ceballos@davinci.edu.ar","username":"mceballos"}
[2025-02-11T16:22:50.998Z] INFO: Información del usuario adjuntada a la solicitud: {"id":"670fcd293f9c5f4310b80da5","role":"admin","email":"maria.ceballos@davinci.edu.ar","username":"mceballos"}
[2025-02-11T16:22:51.168Z] INFO: Información del usuario adjuntada a la solicitud: {"id":"670fcd293f9c5f4310b80da5","role":"admin","email":"maria.ceballos@davinci.edu.ar","username":"mceballos"}
[2025-02-11T16:22:51.335Z] INFO: Información del usuario adjuntada a la solicitud: {"id":"670fcd293f9c5f4310b80da5","role":"admin","email":"maria.ceballos@davinci.edu.ar","username":"mceballos"}
[2025-02-11T16:22:51.510Z] INFO: Información del usuario adjuntada a la solicitud: {"id":"670fcd293f9c5f4310b80da5","role":"admin","email":"maria.ceballos@davinci.edu.ar","username":"mceballos"}
[2025-02-11T16:22:51.670Z] INFO: Información del usuario adjuntada a la solicitud: {"id":"670fcd293f9c5f4310b80da5","role":"admin","email":"maria.ceballos@davinci.edu.ar","username":"mceballos"}
[2025-02-11T16:22:53.360Z] INFO: Información del usuario adjuntada a la solicitud: {"id":"670fcd293f9c5f4310b80da5","role":"admin","email":"maria.ceballos@davinci.edu.ar","username":"mceballos"}
[2025-02-11T16:22:53.620Z] INFO: Información del usuario adjuntada a la solicitud: {"id":"670fcd293f9c5f4310b80da5","role":"admin","email":"maria.ceballos@davinci.edu.ar","username":"mceballos"}
[2025-02-11T16:22:53.643Z] INFO: Información del usuario adjuntada a la solicitud: {"id":"670fcd293f9c5f4310b80da5","role":"admin","email":"maria.ceballos@davinci.edu.ar","username":"mceballos"}
[2025-02-11T16:22:53.812Z] INFO: Información del usuario adjuntada a la solicitud: {"id":"670fcd293f9c5f4310b80da5","role":"admin","email":"maria.ceballos@davinci.edu.ar","username":"mceballos"}
[2025-02-11T16:22:53.979Z] INFO: Información del usuario adjuntada a la solicitud: {"id":"670fcd293f9c5f4310b80da5","role":"admin","email":"maria.ceballos@davinci.edu.ar","username":"mceballos"}
[2025-02-11T16:22:54.153Z] INFO: Información del usuario adjuntada a la solicitud: {"id":"670fcd293f9c5f4310b80da5","role":"admin","email":"maria.ceballos@davinci.edu.ar","username":"mceballos"}
[2025-02-11T16:22:54.320Z] INFO: Información del usuario adjuntada a la solicitud: {"id":"670fcd293f9c5f4310b80da5","role":"admin","email":"maria.ceballos@davinci.edu.ar","username":"mceballos"}
[2025-02-11T16:22:54.501Z] INFO: Información del usuario adjuntada a la solicitud: {"id":"670fcd293f9c5f4310b80da5","role":"admin","email":"maria.ceballos@davinci.edu.ar","username":"mceballos"}
[2025-02-11T16:22:54.688Z] INFO: Información del usuario adjuntada a la solicitud: {"id":"670fcd293f9c5f4310b80da5","role":"admin","email":"maria.ceballos@davinci.edu.ar","username":"mceballos"}
[2025-02-11T16:22:54.874Z] INFO: Información del usuario adjuntada a la solicitud: {"id":"670fcd293f9c5f4310b80da5","role":"admin","email":"maria.ceballos@davinci.edu.ar","username":"mceballos"}
[2025-02-11T16:22:55.037Z] INFO: Información del usuario adjuntada a la solicitud: {"id":"670fcd293f9c5f4310b80da5","role":"admin","email":"maria.ceballos@davinci.edu.ar","username":"mceballos"}
[2025-02-11T16:22:55.207Z] INFO: Información del usuario adjuntada a la solicitud: {"id":"670fcd293f9c5f4310b80da5","role":"admin","email":"maria.ceballos@davinci.edu.ar","username":"mceballos"}
[2025-02-11T16:22:55.381Z] INFO: Información del usuario adjuntada a la solicitud: {"id":"670fcd293f9c5f4310b80da5","role":"admin","email":"maria.ceballos@davinci.edu.ar","username":"mceballos"}
[2025-02-11T16:22:55.549Z] INFO: Información del usuario adjuntada a la solicitud: {"id":"670fcd293f9c5f4310b80da5","role":"admin","email":"maria.ceballos@davinci.edu.ar","username":"mceballos"}
[2025-02-11T16:22:55.717Z] INFO: Información del usuario adjuntada a la solicitud: {"id":"670fcd293f9c5f4310b80da5","role":"admin","email":"maria.ceballos@davinci.edu.ar","username":"mceballos"}
[2025-02-11T16:22:55.893Z] INFO: Información del usuario adjuntada a la solicitud: {"id":"670fcd293f9c5f4310b80da5","role":"admin","email":"maria.ceballos@davinci.edu.ar","username":"mceballos"}
[2025-02-11T16:22:56.070Z] INFO: Información del usuario adjuntada a la solicitud: {"id":"670fcd293f9c5f4310b80da5","role":"admin","email":"maria.ceballos@davinci.edu.ar","username":"mceballos"}
[2025-02-11T16:22:56.242Z] INFO: Información del usuario adjuntada a la solicitud: {"id":"670fcd293f9c5f4310b80da5","role":"admin","email":"maria.ceballos@davinci.edu.ar","username":"mceballos"}
[2025-02-11T16:23:12.838Z] INFO: Información del usuario adjuntada a la solicitud: {"id":"670fcd293f9c5f4310b80da5","role":"admin","email":"maria.ceballos@davinci.edu.ar","username":"mceballos"}
[2025-02-11T16:23:13.015Z] INFO: Información del usuario adjuntada a la solicitud: {"id":"670fcd293f9c5f4310b80da5","role":"admin","email":"maria.ceballos@davinci.edu.ar","username":"mceballos"}
[2025-02-11T16:23:13.050Z] INFO: Información del usuario adjuntada a la solicitud: {"id":"670fcd293f9c5f4310b80da5","role":"admin","email":"maria.ceballos@davinci.edu.ar","username":"mceballos"}
[2025-02-11T16:23:13.256Z] INFO: Información del usuario adjuntada a la solicitud: {"id":"670fcd293f9c5f4310b80da5","role":"admin","email":"maria.ceballos@davinci.edu.ar","username":"mceballos"}
[2025-02-11T16:23:13.426Z] INFO: Información del usuario adjuntada a la solicitud: {"id":"670fcd293f9c5f4310b80da5","role":"admin","email":"maria.ceballos@davinci.edu.ar","username":"mceballos"}
[2025-02-11T16:23:13.595Z] INFO: Información del usuario adjuntada a la solicitud: {"id":"670fcd293f9c5f4310b80da5","role":"admin","email":"maria.ceballos@davinci.edu.ar","username":"mceballos"}
[2025-02-11T16:23:13.779Z] INFO: Información del usuario adjuntada a la solicitud: {"id":"670fcd293f9c5f4310b80da5","role":"admin","email":"maria.ceballos@davinci.edu.ar","username":"mceballos"}
[2025-02-11T16:23:13.948Z] INFO: Información del usuario adjuntada a la solicitud: {"id":"670fcd293f9c5f4310b80da5","role":"admin","email":"maria.ceballos@davinci.edu.ar","username":"mceballos"}
[2025-02-11T16:23:14.119Z] INFO: Información del usuario adjuntada a la solicitud: {"id":"670fcd293f9c5f4310b80da5","role":"admin","email":"maria.ceballos@davinci.edu.ar","username":"mceballos"}
[2025-02-11T16:23:14.288Z] INFO: Información del usuario adjuntada a la solicitud: {"id":"670fcd293f9c5f4310b80da5","role":"admin","email":"maria.ceballos@davinci.edu.ar","username":"mceballos"}
[2025-02-11T16:23:14.450Z] INFO: Información del usuario adjuntada a la solicitud: {"id":"670fcd293f9c5f4310b80da5","role":"admin","email":"maria.ceballos@davinci.edu.ar","username":"mceballos"}
[2025-02-11T16:23:14.634Z] INFO: Información del usuario adjuntada a la solicitud: {"id":"670fcd293f9c5f4310b80da5","role":"admin","email":"maria.ceballos@davinci.edu.ar","username":"mceballos"}
[2025-02-11T16:23:14.800Z] INFO: Información del usuario adjuntada a la solicitud: {"id":"670fcd293f9c5f4310b80da5","role":"admin","email":"maria.ceballos@davinci.edu.ar","username":"mceballos"}
[2025-02-11T16:23:14.963Z] INFO: Información del usuario adjuntada a la solicitud: {"id":"670fcd293f9c5f4310b80da5","role":"admin","email":"maria.ceballos@davinci.edu.ar","username":"mceballos"}
[2025-02-11T16:23:15.121Z] INFO: Información del usuario adjuntada a la solicitud: {"id":"670fcd293f9c5f4310b80da5","role":"admin","email":"maria.ceballos@davinci.edu.ar","username":"mceballos"}
[2025-02-11T16:23:15.304Z] INFO: Información del usuario adjuntada a la solicitud: {"id":"670fcd293f9c5f4310b80da5","role":"admin","email":"maria.ceballos@davinci.edu.ar","username":"mceballos"}
[2025-02-11T16:23:15.480Z] INFO: Información del usuario adjuntada a la solicitud: {"id":"670fcd293f9c5f4310b80da5","role":"admin","email":"maria.ceballos@davinci.edu.ar","username":"mceballos"}
[2025-02-11T16:23:15.658Z] INFO: Información del usuario adjuntada a la solicitud: {"id":"670fcd293f9c5f4310b80da5","role":"admin","email":"maria.ceballos@davinci.edu.ar","username":"mceballos"}
[2025-02-11T16:23:15.814Z] INFO: Información del usuario adjuntada a la solicitud: {"id":"670fcd293f9c5f4310b80da5","role":"admin","email":"maria.ceballos@davinci.edu.ar","username":"mceballos"}
[2025-02-11T16:23:15.983Z] INFO: Información del usuario adjuntada a la solicitud: {"id":"670fcd293f9c5f4310b80da5","role":"admin","email":"maria.ceballos@davinci.edu.ar","username":"mceballos"}
[2025-02-11T16:23:16.142Z] INFO: Información del usuario adjuntada a la solicitud: {"id":"670fcd293f9c5f4310b80da5","role":"admin","email":"maria.ceballos@davinci.edu.ar","username":"mceballos"}
[2025-02-11T16:23:16.476Z] INFO: Información del usuario adjuntada a la solicitud: {"id":"670fcd293f9c5f4310b80da5","role":"admin","email":"maria.ceballos@davinci.edu.ar","username":"mceballos"}
[2025-02-11T16:23:16.634Z] INFO: Información del usuario adjuntada a la solicitud: {"id":"670fcd293f9c5f4310b80da5","role":"admin","email":"maria.ceballos@davinci.edu.ar","username":"mceballos"}
[2025-02-11T16:23:16.800Z] INFO: Información del usuario adjuntada a la solicitud: {"id":"670fcd293f9c5f4310b80da5","role":"admin","email":"maria.ceballos@davinci.edu.ar","username":"mceballos"}
[2025-02-11T16:23:16.962Z] INFO: Información del usuario adjuntada a la solicitud: {"id":"670fcd293f9c5f4310b80da5","role":"admin","email":"maria.ceballos@davinci.edu.ar","username":"mceballos"}
[2025-02-11T16:23:17.113Z] INFO: Información del usuario adjuntada a la solicitud: {"id":"670fcd293f9c5f4310b80da5","role":"admin","email":"maria.ceballos@davinci.edu.ar","username":"mceballos"}
[2025-02-11T16:23:17.305Z] INFO: Información del usuario adjuntada a la solicitud: {"id":"670fcd293f9c5f4310b80da5","role":"admin","email":"maria.ceballos@davinci.edu.ar","username":"mceballos"}
[2025-02-11T16:23:17.500Z] INFO: Información del usuario adjuntada a la solicitud: {"id":"670fcd293f9c5f4310b80da5","role":"admin","email":"maria.ceballos@davinci.edu.ar","username":"mceballos"}
[2025-02-11T16:23:17.671Z] INFO: Información del usuario adjuntada a la solicitud: {"id":"670fcd293f9c5f4310b80da5","role":"admin","email":"maria.ceballos@davinci.edu.ar","username":"mceballos"}
[2025-02-11T16:23:17.826Z] INFO: Información del usuario adjuntada a la solicitud: {"id":"670fcd293f9c5f4310b80da5","role":"admin","email":"maria.ceballos@davinci.edu.ar","username":"mceballos"}
[2025-02-11T16:23:17.987Z] INFO: Información del usuario adjuntada a la solicitud: {"id":"670fcd293f9c5f4310b80da5","role":"admin","email":"maria.ceballos@davinci.edu.ar","username":"mceballos"}
[2025-02-11T16:23:18.275Z] INFO: Información del usuario adjuntada a la solicitud: {"id":"670fcd293f9c5f4310b80da5","role":"admin","email":"maria.ceballos@davinci.edu.ar","username":"mceballos"}
[2025-02-11T16:23:18.445Z] INFO: Información del usuario adjuntada a la solicitud: {"id":"670fcd293f9c5f4310b80da5","role":"admin","email":"maria.ceballos@davinci.edu.ar","username":"mceballos"}
[2025-02-11T16:23:18.599Z] INFO: Información del usuario adjuntada a la solicitud: {"id":"670fcd293f9c5f4310b80da5","role":"admin","email":"maria.ceballos@davinci.edu.ar","username":"mceballos"}
[2025-02-11T16:23:39.256Z] INFO: Información del usuario adjuntada a la solicitud: {"id":"670fcd293f9c5f4310b80da5","role":"admin","email":"maria.ceballos@davinci.edu.ar","username":"mceballos"}
[2025-02-11T16:23:39.258Z] INFO: Información del usuario adjuntada a la solicitud: {"id":"670fcd293f9c5f4310b80da5","role":"admin","email":"maria.ceballos@davinci.edu.ar","username":"mceballos"}
[2025-02-11T16:23:39.369Z] INFO: Información del usuario adjuntada a la solicitud: {"id":"670fcd293f9c5f4310b80da5","role":"admin","email":"maria.ceballos@davinci.edu.ar","username":"mceballos"}
[2025-02-11T16:23:39.435Z] INFO: Información del usuario adjuntada a la solicitud: {"id":"670fcd293f9c5f4310b80da5","role":"admin","email":"maria.ceballos@davinci.edu.ar","username":"mceballos"}
[2025-02-11T16:23:39.484Z] INFO: Información del usuario adjuntada a la solicitud: {"id":"670fcd293f9c5f4310b80da5","role":"admin","email":"maria.ceballos@davinci.edu.ar","username":"mceballos"}
[2025-02-11T16:23:39.515Z] INFO: Información del usuario adjuntada a la solicitud: {"id":"670fcd293f9c5f4310b80da5","role":"admin","email":"maria.ceballos@davinci.edu.ar","username":"mceballos"}
[2025-02-11T16:23:39.695Z] INFO: Información del usuario adjuntada a la solicitud: {"id":"670fcd293f9c5f4310b80da5","role":"admin","email":"maria.ceballos@davinci.edu.ar","username":"mceballos"}
[2025-02-11T16:23:39.696Z] INFO: Información del usuario adjuntada a la solicitud: {"id":"670fcd293f9c5f4310b80da5","role":"admin","email":"maria.ceballos@davinci.edu.ar","username":"mceballos"}
[2025-02-11T16:23:39.762Z] INFO: Información del usuario adjuntada a la solicitud: {"id":"670fcd293f9c5f4310b80da5","role":"admin","email":"maria.ceballos@davinci.edu.ar","username":"mceballos"}
[2025-02-11T16:23:39.946Z] INFO: Información del usuario adjuntada a la solicitud: {"id":"670fcd293f9c5f4310b80da5","role":"admin","email":"maria.ceballos@davinci.edu.ar","username":"mceballos"}
[2025-02-11T16:23:39.997Z] INFO: Información del usuario adjuntada a la solicitud: {"id":"670fcd293f9c5f4310b80da5","role":"admin","email":"maria.ceballos@davinci.edu.ar","username":"mceballos"}
[2025-02-11T16:23:40.178Z] INFO: Información del usuario adjuntada a la solicitud: {"id":"670fcd293f9c5f4310b80da5","role":"admin","email":"maria.ceballos@davinci.edu.ar","username":"mceballos"}
[2025-02-11T16:23:40.295Z] INFO: Información del usuario adjuntada a la solicitud: {"id":"670fcd293f9c5f4310b80da5","role":"admin","email":"maria.ceballos@davinci.edu.ar","username":"mceballos"}
[2025-02-11T16:23:40.413Z] INFO: Información del usuario adjuntada a la solicitud: {"id":"670fcd293f9c5f4310b80da5","role":"admin","email":"maria.ceballos@davinci.edu.ar","username":"mceballos"}
[2025-02-11T16:23:40.483Z] INFO: Información del usuario adjuntada a la solicitud: {"id":"670fcd293f9c5f4310b80da5","role":"admin","email":"maria.ceballos@davinci.edu.ar","username":"mceballos"}
[2025-02-11T16:23:40.599Z] INFO: Información del usuario adjuntada a la solicitud: {"id":"670fcd293f9c5f4310b80da5","role":"admin","email":"maria.ceballos@davinci.edu.ar","username":"mceballos"}
[2025-02-11T16:23:40.655Z] INFO: Información del usuario adjuntada a la solicitud: {"id":"670fcd293f9c5f4310b80da5","role":"admin","email":"maria.ceballos@davinci.edu.ar","username":"mceballos"}
[2025-02-11T16:23:40.791Z] INFO: Información del usuario adjuntada a la solicitud: {"id":"670fcd293f9c5f4310b80da5","role":"admin","email":"maria.ceballos@davinci.edu.ar","username":"mceballos"}
[2025-02-11T16:23:40.835Z] INFO: Información del usuario adjuntada a la solicitud: {"id":"670fcd293f9c5f4310b80da5","role":"admin","email":"maria.ceballos@davinci.edu.ar","username":"mceballos"}
[2025-02-11T16:23:41.007Z] INFO: Información del usuario adjuntada a la solicitud: {"id":"670fcd293f9c5f4310b80da5","role":"admin","email":"maria.ceballos@davinci.edu.ar","username":"mceballos"}
[2025-02-11T16:23:41.174Z] INFO: Información del usuario adjuntada a la solicitud: {"id":"670fcd293f9c5f4310b80da5","role":"admin","email":"maria.ceballos@davinci.edu.ar","username":"mceballos"}
[2025-02-11T16:23:41.346Z] INFO: Información del usuario adjuntada a la solicitud: {"id":"670fcd293f9c5f4310b80da5","role":"admin","email":"maria.ceballos@davinci.edu.ar","username":"mceballos"}
[2025-02-11T16:23:41.510Z] INFO: Información del usuario adjuntada a la solicitud: {"id":"670fcd293f9c5f4310b80da5","role":"admin","email":"maria.ceballos@davinci.edu.ar","username":"mceballos"}
[2025-02-11T16:23:41.724Z] INFO: Información del usuario adjuntada a la solicitud: {"id":"670fcd293f9c5f4310b80da5","role":"admin","email":"maria.ceballos@davinci.edu.ar","username":"mceballos"}
[2025-02-11T16:23:41.890Z] INFO: Información del usuario adjuntada a la solicitud: {"id":"670fcd293f9c5f4310b80da5","role":"admin","email":"maria.ceballos@davinci.edu.ar","username":"mceballos"}
[2025-02-11T16:23:42.048Z] INFO: Información del usuario adjuntada a la solicitud: {"id":"670fcd293f9c5f4310b80da5","role":"admin","email":"maria.ceballos@davinci.edu.ar","username":"mceballos"}
[2025-02-11T16:23:42.210Z] INFO: Información del usuario adjuntada a la solicitud: {"id":"670fcd293f9c5f4310b80da5","role":"admin","email":"maria.ceballos@davinci.edu.ar","username":"mceballos"}
[2025-02-11T16:23:42.415Z] INFO: Información del usuario adjuntada a la solicitud: {"id":"670fcd293f9c5f4310b80da5","role":"admin","email":"maria.ceballos@davinci.edu.ar","username":"mceballos"}
[2025-02-11T16:23:42.608Z] INFO: Información del usuario adjuntada a la solicitud: {"id":"670fcd293f9c5f4310b80da5","role":"admin","email":"maria.ceballos@davinci.edu.ar","username":"mceballos"}
[2025-02-11T16:23:42.773Z] INFO: Información del usuario adjuntada a la solicitud: {"id":"670fcd293f9c5f4310b80da5","role":"admin","email":"maria.ceballos@davinci.edu.ar","username":"mceballos"}
[2025-02-11T16:23:42.941Z] INFO: Información del usuario adjuntada a la solicitud: {"id":"670fcd293f9c5f4310b80da5","role":"admin","email":"maria.ceballos@davinci.edu.ar","username":"mceballos"}
[2025-02-11T16:23:43.106Z] INFO: Información del usuario adjuntada a la solicitud: {"id":"670fcd293f9c5f4310b80da5","role":"admin","email":"maria.ceballos@davinci.edu.ar","username":"mceballos"}
[2025-02-11T16:23:43.277Z] INFO: Información del usuario adjuntada a la solicitud: {"id":"670fcd293f9c5f4310b80da5","role":"admin","email":"maria.ceballos@davinci.edu.ar","username":"mceballos"}
[2025-02-11T16:23:43.436Z] INFO: Información del usuario adjuntada a la solicitud: {"id":"670fcd293f9c5f4310b80da5","role":"admin","email":"maria.ceballos@davinci.edu.ar","username":"mceballos"}
[2025-02-11T16:23:43.603Z] INFO: Información del usuario adjuntada a la solicitud: {"id":"670fcd293f9c5f4310b80da5","role":"admin","email":"maria.ceballos@davinci.edu.ar","username":"mceballos"}
[2025-02-11T16:23:43.764Z] INFO: Información del usuario adjuntada a la solicitud: {"id":"670fcd293f9c5f4310b80da5","role":"admin","email":"maria.ceballos@davinci.edu.ar","username":"mceballos"}
[2025-02-11T16:23:43.932Z] INFO: Información del usuario adjuntada a la solicitud: {"id":"670fcd293f9c5f4310b80da5","role":"admin","email":"maria.ceballos@davinci.edu.ar","username":"mceballos"}
[2025-02-11T16:23:44.096Z] INFO: Información del usuario adjuntada a la solicitud: {"id":"670fcd293f9c5f4310b80da5","role":"admin","email":"maria.ceballos@davinci.edu.ar","username":"mceballos"}
[2025-02-11T16:23:44.257Z] INFO: Información del usuario adjuntada a la solicitud: {"id":"670fcd293f9c5f4310b80da5","role":"admin","email":"maria.ceballos@davinci.edu.ar","username":"mceballos"}
[2025-02-11T16:23:44.437Z] INFO: Información del usuario adjuntada a la solicitud: {"id":"670fcd293f9c5f4310b80da5","role":"admin","email":"maria.ceballos@davinci.edu.ar","username":"mceballos"}
[2025-02-11T16:23:44.610Z] INFO: Información del usuario adjuntada a la solicitud: {"id":"670fcd293f9c5f4310b80da5","role":"admin","email":"maria.ceballos@davinci.edu.ar","username":"mceballos"}
[2025-02-11T16:23:44.780Z] INFO: Información del usuario adjuntada a la solicitud: {"id":"670fcd293f9c5f4310b80da5","role":"admin","email":"maria.ceballos@davinci.edu.ar","username":"mceballos"}
[2025-02-11T16:23:44.950Z] INFO: Información del usuario adjuntada a la solicitud: {"id":"670fcd293f9c5f4310b80da5","role":"admin","email":"maria.ceballos@davinci.edu.ar","username":"mceballos"}
[2025-02-11T16:23:45.120Z] INFO: Información del usuario adjuntada a la solicitud: {"id":"670fcd293f9c5f4310b80da5","role":"admin","email":"maria.ceballos@davinci.edu.ar","username":"mceballos"}
[2025-02-11T16:23:45.279Z] INFO: Información del usuario adjuntada a la solicitud: {"id":"670fcd293f9c5f4310b80da5","role":"admin","email":"maria.ceballos@davinci.edu.ar","username":"mceballos"}
[2025-02-11T16:23:45.455Z] INFO: Información del usuario adjuntada a la solicitud: {"id":"670fcd293f9c5f4310b80da5","role":"admin","email":"maria.ceballos@davinci.edu.ar","username":"mceballos"}
[2025-02-11T16:23:45.622Z] INFO: Información del usuario adjuntada a la solicitud: {"id":"670fcd293f9c5f4310b80da5","role":"admin","email":"maria.ceballos@davinci.edu.ar","username":"mceballos"}
[2025-02-11T16:23:45.785Z] INFO: Información del usuario adjuntada a la solicitud: {"id":"670fcd293f9c5f4310b80da5","role":"admin","email":"maria.ceballos@davinci.edu.ar","username":"mceballos"}
[2025-02-11T16:23:45.945Z] INFO: Información del usuario adjuntada a la solicitud: {"id":"670fcd293f9c5f4310b80da5","role":"admin","email":"maria.ceballos@davinci.edu.ar","username":"mceballos"}
[2025-02-11T16:23:46.115Z] INFO: Información del usuario adjuntada a la solicitud: {"id":"670fcd293f9c5f4310b80da5","role":"admin","email":"maria.ceballos@davinci.edu.ar","username":"mceballos"}
[2025-02-11T16:23:46.279Z] INFO: Información del usuario adjuntada a la solicitud: {"id":"670fcd293f9c5f4310b80da5","role":"admin","email":"maria.ceballos@davinci.edu.ar","username":"mceballos"}
[2025-02-11T16:23:46.447Z] INFO: Información del usuario adjuntada a la solicitud: {"id":"670fcd293f9c5f4310b80da5","role":"admin","email":"maria.ceballos@davinci.edu.ar","username":"mceballos"}
[2025-02-11T16:23:46.611Z] INFO: Información del usuario adjuntada a la solicitud: {"id":"670fcd293f9c5f4310b80da5","role":"admin","email":"maria.ceballos@davinci.edu.ar","username":"mceballos"}
[2025-02-11T16:23:46.791Z] INFO: Información del usuario adjuntada a la solicitud: {"id":"670fcd293f9c5f4310b80da5","role":"admin","email":"maria.ceballos@davinci.edu.ar","username":"mceballos"}
[2025-02-11T16:23:46.956Z] INFO: Información del usuario adjuntada a la solicitud: {"id":"670fcd293f9c5f4310b80da5","role":"admin","email":"maria.ceballos@davinci.edu.ar","username":"mceballos"}
[2025-02-11T16:23:47.117Z] INFO: Información del usuario adjuntada a la solicitud: {"id":"670fcd293f9c5f4310b80da5","role":"admin","email":"maria.ceballos@davinci.edu.ar","username":"mceballos"}
[2025-02-11T16:23:47.288Z] INFO: Información del usuario adjuntada a la solicitud: {"id":"670fcd293f9c5f4310b80da5","role":"admin","email":"maria.ceballos@davinci.edu.ar","username":"mceballos"}
[2025-02-11T16:23:47.457Z] INFO: Información del usuario adjuntada a la solicitud: {"id":"670fcd293f9c5f4310b80da5","role":"admin","email":"maria.ceballos@davinci.edu.ar","username":"mceballos"}
[2025-02-11T16:23:47.626Z] INFO: Información del usuario adjuntada a la solicitud: {"id":"670fcd293f9c5f4310b80da5","role":"admin","email":"maria.ceballos@davinci.edu.ar","username":"mceballos"}
[2025-02-11T16:23:47.785Z] INFO: Información del usuario adjuntada a la solicitud: {"id":"670fcd293f9c5f4310b80da5","role":"admin","email":"maria.ceballos@davinci.edu.ar","username":"mceballos"}
[2025-02-11T16:23:47.964Z] INFO: Información del usuario adjuntada a la solicitud: {"id":"670fcd293f9c5f4310b80da5","role":"admin","email":"maria.ceballos@davinci.edu.ar","username":"mceballos"}
[2025-02-11T16:23:48.127Z] INFO: Información del usuario adjuntada a la solicitud: {"id":"670fcd293f9c5f4310b80da5","role":"admin","email":"maria.ceballos@davinci.edu.ar","username":"mceballos"}
[2025-02-11T16:23:48.300Z] INFO: Información del usuario adjuntada a la solicitud: {"id":"670fcd293f9c5f4310b80da5","role":"admin","email":"maria.ceballos@davinci.edu.ar","username":"mceballos"}
[2025-02-11T16:23:48.471Z] INFO: Información del usuario adjuntada a la solicitud: {"id":"670fcd293f9c5f4310b80da5","role":"admin","email":"maria.ceballos@davinci.edu.ar","username":"mceballos"}
[2025-02-11T16:23:48.626Z] INFO: Información del usuario adjuntada a la solicitud: {"id":"670fcd293f9c5f4310b80da5","role":"admin","email":"maria.ceballos@davinci.edu.ar","username":"mceballos"}
[2025-02-11T16:23:48.800Z] INFO: Información del usuario adjuntada a la solicitud: {"id":"670fcd293f9c5f4310b80da5","role":"admin","email":"maria.ceballos@davinci.edu.ar","username":"mceballos"}
[2025-02-11T16:23:48.961Z] INFO: Información del usuario adjuntada a la solicitud: {"id":"670fcd293f9c5f4310b80da5","role":"admin","email":"maria.ceballos@davinci.edu.ar","username":"mceballos"}
[2025-02-11T16:23:49.133Z] INFO: Información del usuario adjuntada a la solicitud: {"id":"670fcd293f9c5f4310b80da5","role":"admin","email":"maria.ceballos@davinci.edu.ar","username":"mceballos"}
[2025-02-11T16:23:49.295Z] INFO: Información del usuario adjuntada a la solicitud: {"id":"670fcd293f9c5f4310b80da5","role":"admin","email":"maria.ceballos@davinci.edu.ar","username":"mceballos"}
[2025-02-11T16:23:49.455Z] INFO: Información del usuario adjuntada a la solicitud: {"id":"670fcd293f9c5f4310b80da5","role":"admin","email":"maria.ceballos@davinci.edu.ar","username":"mceballos"}
[2025-02-11T16:23:49.627Z] INFO: Información del usuario adjuntada a la solicitud: {"id":"670fcd293f9c5f4310b80da5","role":"admin","email":"maria.ceballos@davinci.edu.ar","username":"mceballos"}
[2025-02-11T16:23:49.797Z] INFO: Información del usuario adjuntada a la solicitud: {"id":"670fcd293f9c5f4310b80da5","role":"admin","email":"maria.ceballos@davinci.edu.ar","username":"mceballos"}
[2025-02-11T16:23:49.959Z] INFO: Información del usuario adjuntada a la solicitud: {"id":"670fcd293f9c5f4310b80da5","role":"admin","email":"maria.ceballos@davinci.edu.ar","username":"mceballos"}
[2025-02-11T16:23:50.120Z] INFO: Información del usuario adjuntada a la solicitud: {"id":"670fcd293f9c5f4310b80da5","role":"admin","email":"maria.ceballos@davinci.edu.ar","username":"mceballos"}
[2025-02-11T16:23:50.276Z] INFO: Información del usuario adjuntada a la solicitud: {"id":"670fcd293f9c5f4310b80da5","role":"admin","email":"maria.ceballos@davinci.edu.ar","username":"mceballos"}
[2025-02-11T16:23:50.475Z] INFO: Información del usuario adjuntada a la solicitud: {"id":"670fcd293f9c5f4310b80da5","role":"admin","email":"maria.ceballos@davinci.edu.ar","username":"mceballos"}
[2025-02-11T16:23:50.639Z] INFO: Información del usuario adjuntada a la solicitud: {"id":"670fcd293f9c5f4310b80da5","role":"admin","email":"maria.ceballos@davinci.edu.ar","username":"mceballos"}
[2025-02-11T16:23:50.799Z] INFO: Información del usuario adjuntada a la solicitud: {"id":"670fcd293f9c5f4310b80da5","role":"admin","email":"maria.ceballos@davinci.edu.ar","username":"mceballos"}
[2025-02-11T16:23:50.973Z] INFO: Información del usuario adjuntada a la solicitud: {"id":"670fcd293f9c5f4310b80da5","role":"admin","email":"maria.ceballos@davinci.edu.ar","username":"mceballos"}
[2025-02-11T16:23:51.144Z] INFO: Información del usuario adjuntada a la solicitud: {"id":"670fcd293f9c5f4310b80da5","role":"admin","email":"maria.ceballos@davinci.edu.ar","username":"mceballos"}
[2025-02-11T16:23:51.320Z] INFO: Información del usuario adjuntada a la solicitud: {"id":"670fcd293f9c5f4310b80da5","role":"admin","email":"maria.ceballos@davinci.edu.ar","username":"mceballos"}
[2025-02-11T16:23:51.487Z] INFO: Información del usuario adjuntada a la solicitud: {"id":"670fcd293f9c5f4310b80da5","role":"admin","email":"maria.ceballos@davinci.edu.ar","username":"mceballos"}
[2025-02-11T16:23:51.657Z] INFO: Información del usuario adjuntada a la solicitud: {"id":"670fcd293f9c5f4310b80da5","role":"admin","email":"maria.ceballos@davinci.edu.ar","username":"mceballos"}
[2025-02-11T16:23:51.813Z] INFO: Información del usuario adjuntada a la solicitud: {"id":"670fcd293f9c5f4310b80da5","role":"admin","email":"maria.ceballos@davinci.edu.ar","username":"mceballos"}
[2025-02-11T16:23:51.974Z] INFO: Información del usuario adjuntada a la solicitud: {"id":"670fcd293f9c5f4310b80da5","role":"admin","email":"maria.ceballos@davinci.edu.ar","username":"mceballos"}
[2025-02-11T16:23:52.139Z] INFO: Información del usuario adjuntada a la solicitud: {"id":"670fcd293f9c5f4310b80da5","role":"admin","email":"maria.ceballos@davinci.edu.ar","username":"mceballos"}
[2025-02-11T16:23:52.311Z] INFO: Información del usuario adjuntada a la solicitud: {"id":"670fcd293f9c5f4310b80da5","role":"admin","email":"maria.ceballos@davinci.edu.ar","username":"mceballos"}
[2025-02-11T16:23:52.476Z] INFO: Información del usuario adjuntada a la solicitud: {"id":"670fcd293f9c5f4310b80da5","role":"admin","email":"maria.ceballos@davinci.edu.ar","username":"mceballos"}
[2025-02-11T16:23:52.639Z] INFO: Información del usuario adjuntada a la solicitud: {"id":"670fcd293f9c5f4310b80da5","role":"admin","email":"maria.ceballos@davinci.edu.ar","username":"mceballos"}
[2025-02-11T16:23:52.802Z] INFO: Información del usuario adjuntada a la solicitud: {"id":"670fcd293f9c5f4310b80da5","role":"admin","email":"maria.ceballos@davinci.edu.ar","username":"mceballos"}
[2025-02-11T16:23:52.971Z] INFO: Información del usuario adjuntada a la solicitud: {"id":"670fcd293f9c5f4310b80da5","role":"admin","email":"maria.ceballos@davinci.edu.ar","username":"mceballos"}
[2025-02-11T16:23:53.155Z] INFO: Información del usuario adjuntada a la solicitud: {"id":"670fcd293f9c5f4310b80da5","role":"admin","email":"maria.ceballos@davinci.edu.ar","username":"mceballos"}
[2025-02-11T16:23:53.341Z] INFO: Información del usuario adjuntada a la solicitud: {"id":"670fcd293f9c5f4310b80da5","role":"admin","email":"maria.ceballos@davinci.edu.ar","username":"mceballos"}
[2025-02-11T16:23:53.512Z] INFO: Información del usuario adjuntada a la solicitud: {"id":"670fcd293f9c5f4310b80da5","role":"admin","email":"maria.ceballos@davinci.edu.ar","username":"mceballos"}
[2025-02-11T16:23:53.679Z] INFO: Información del usuario adjuntada a la solicitud: {"id":"670fcd293f9c5f4310b80da5","role":"admin","email":"maria.ceballos@davinci.edu.ar","username":"mceballos"}
[2025-02-11T16:23:53.840Z] INFO: Información del usuario adjuntada a la solicitud: {"id":"670fcd293f9c5f4310b80da5","role":"admin","email":"maria.ceballos@davinci.edu.ar","username":"mceballos"}
[2025-02-11T16:23:54.013Z] INFO: Información del usuario adjuntada a la solicitud: {"id":"670fcd293f9c5f4310b80da5","role":"admin","email":"maria.ceballos@davinci.edu.ar","username":"mceballos"}
[2025-02-11T16:23:54.179Z] INFO: Información del usuario adjuntada a la solicitud: {"id":"670fcd293f9c5f4310b80da5","role":"admin","email":"maria.ceballos@davinci.edu.ar","username":"mceballos"}
[2025-02-11T16:23:54.340Z] INFO: Información del usuario adjuntada a la solicitud: {"id":"670fcd293f9c5f4310b80da5","role":"admin","email":"maria.ceballos@davinci.edu.ar","username":"mceballos"}
[2025-02-11T16:23:54.500Z] INFO: Información del usuario adjuntada a la solicitud: {"id":"670fcd293f9c5f4310b80da5","role":"admin","email":"maria.ceballos@davinci.edu.ar","username":"mceballos"}
[2025-02-11T16:23:54.671Z] INFO: Información del usuario adjuntada a la solicitud: {"id":"670fcd293f9c5f4310b80da5","role":"admin","email":"maria.ceballos@davinci.edu.ar","username":"mceballos"}
[2025-02-11T16:23:54.849Z] INFO: Información del usuario adjuntada a la solicitud: {"id":"670fcd293f9c5f4310b80da5","role":"admin","email":"maria.ceballos@davinci.edu.ar","username":"mceballos"}
[2025-02-11T16:23:55.010Z] INFO: Información del usuario adjuntada a la solicitud: {"id":"670fcd293f9c5f4310b80da5","role":"admin","email":"maria.ceballos@davinci.edu.ar","username":"mceballos"}
[2025-02-11T16:23:55.176Z] INFO: Información del usuario adjuntada a la solicitud: {"id":"670fcd293f9c5f4310b80da5","role":"admin","email":"maria.ceballos@davinci.edu.ar","username":"mceballos"}
[2025-02-11T16:23:55.338Z] INFO: Información del usuario adjuntada a la solicitud: {"id":"670fcd293f9c5f4310b80da5","role":"admin","email":"maria.ceballos@davinci.edu.ar","username":"mceballos"}
[2025-02-11T16:23:55.498Z] INFO: Información del usuario adjuntada a la solicitud: {"id":"670fcd293f9c5f4310b80da5","role":"admin","email":"maria.ceballos@davinci.edu.ar","username":"mceballos"}
[2025-02-11T16:23:55.765Z] INFO: Información del usuario adjuntada a la solicitud: {"id":"670fcd293f9c5f4310b80da5","role":"admin","email":"maria.ceballos@davinci.edu.ar","username":"mceballos"}
[2025-02-11T16:23:55.931Z] INFO: Información del usuario adjuntada a la solicitud: {"id":"670fcd293f9c5f4310b80da5","role":"admin","email":"maria.ceballos@davinci.edu.ar","username":"mceballos"}
[2025-02-11T16:23:56.126Z] INFO: Información del usuario adjuntada a la solicitud: {"id":"670fcd293f9c5f4310b80da5","role":"admin","email":"maria.ceballos@davinci.edu.ar","username":"mceballos"}
[2025-02-11T16:23:56.284Z] INFO: Información del usuario adjuntada a la solicitud: {"id":"670fcd293f9c5f4310b80da5","role":"admin","email":"maria.ceballos@davinci.edu.ar","username":"mceballos"}
[2025-02-11T16:23:56.463Z] INFO: Información del usuario adjuntada a la solicitud: {"id":"670fcd293f9c5f4310b80da5","role":"admin","email":"maria.ceballos@davinci.edu.ar","username":"mceballos"}
[2025-02-11T16:23:56.620Z] INFO: Información del usuario adjuntada a la solicitud: {"id":"670fcd293f9c5f4310b80da5","role":"admin","email":"maria.ceballos@davinci.edu.ar","username":"mceballos"}
[2025-02-11T16:23:56.808Z] INFO: Información del usuario adjuntada a la solicitud: {"id":"670fcd293f9c5f4310b80da5","role":"admin","email":"maria.ceballos@davinci.edu.ar","username":"mceballos"}
[2025-02-11T16:23:56.998Z] INFO: Información del usuario adjuntada a la solicitud: {"id":"670fcd293f9c5f4310b80da5","role":"admin","email":"maria.ceballos@davinci.edu.ar","username":"mceballos"}
[2025-02-11T16:23:57.171Z] INFO: Información del usuario adjuntada a la solicitud: {"id":"670fcd293f9c5f4310b80da5","role":"admin","email":"maria.ceballos@davinci.edu.ar","username":"mceballos"}
[2025-02-11T16:23:57.426Z] INFO: Información del usuario adjuntada a la solicitud: {"id":"670fcd293f9c5f4310b80da5","role":"admin","email":"maria.ceballos@davinci.edu.ar","username":"mceballos"}
[2025-02-11T16:24:16.033Z] WARN: Encabezado de autorización no encontrado.
[2025-02-11T16:24:16.035Z] WARN: Encabezado de autorización no encontrado.
[2025-02-11T16:24:16.037Z] WARN: Encabezado de autorización no encontrado.
[2025-02-11T16:24:16.040Z] WARN: Encabezado de autorización no encontrado.
[2025-02-11T16:24:16.045Z] WARN: Encabezado de autorización no encontrado.
[2025-02-11T16:24:16.048Z] WARN: Encabezado de autorización no encontrado.
[2025-02-11T16:24:16.049Z] WARN: Encabezado de autorización no encontrado.
[2025-02-11T16:24:16.051Z] WARN: Encabezado de autorización no encontrado.
[2025-02-11T16:24:45.053Z] INFO: Usuario encontrado: pauyi89
[2025-02-11T16:24:45.110Z] INFO: Token generado para usuario: pauyi89
[2025-02-11T16:24:45.175Z] INFO: Información del usuario adjuntada a la solicitud: {"id":"670fd51ecba1f3ebe8f69da3","role":"consumer","email":"paula@gmail.com","username":"pauyi89"}
[2025-02-11T16:24:45.279Z] INFO: Información del usuario adjuntada a la solicitud: {"id":"670fd51ecba1f3ebe8f69da3","role":"consumer","email":"paula@gmail.com","username":"pauyi89"}
[2025-02-11T16:24:47.187Z] INFO: Información del usuario adjuntada a la solicitud: {"id":"670fd51ecba1f3ebe8f69da3","role":"consumer","email":"paula@gmail.com","username":"pauyi89"}
[2025-02-11T16:24:47.378Z] INFO: Información del usuario adjuntada a la solicitud: {"id":"670fd51ecba1f3ebe8f69da3","role":"consumer","email":"paula@gmail.com","username":"pauyi89"}
[2025-02-11T16:24:47.415Z] INFO: Información del usuario adjuntada a la solicitud: {"id":"670fd51ecba1f3ebe8f69da3","role":"consumer","email":"paula@gmail.com","username":"pauyi89"}
[2025-02-11T16:24:47.653Z] INFO: Información del usuario adjuntada a la solicitud: {"id":"670fd51ecba1f3ebe8f69da3","role":"consumer","email":"paula@gmail.com","username":"pauyi89"}
[2025-02-11T16:24:47.655Z] INFO: Información del usuario adjuntada a la solicitud: {"id":"670fd51ecba1f3ebe8f69da3","role":"consumer","email":"paula@gmail.com","username":"pauyi89"}
[2025-02-11T16:24:47.821Z] INFO: Información del usuario adjuntada a la solicitud: {"id":"670fd51ecba1f3ebe8f69da3","role":"consumer","email":"paula@gmail.com","username":"pauyi89"}
[2025-02-11T16:24:47.823Z] INFO: Información del usuario adjuntada a la solicitud: {"id":"670fd51ecba1f3ebe8f69da3","role":"consumer","email":"paula@gmail.com","username":"pauyi89"}
[2025-02-11T16:24:48.015Z] INFO: Información del usuario adjuntada a la solicitud: {"id":"670fd51ecba1f3ebe8f69da3","role":"consumer","email":"paula@gmail.com","username":"pauyi89"}
[2025-02-11T16:24:48.181Z] INFO: Información del usuario adjuntada a la solicitud: {"id":"670fd51ecba1f3ebe8f69da3","role":"consumer","email":"paula@gmail.com","username":"pauyi89"}
[2025-02-11T16:24:48.352Z] INFO: Información del usuario adjuntada a la solicitud: {"id":"670fd51ecba1f3ebe8f69da3","role":"consumer","email":"paula@gmail.com","username":"pauyi89"}
[2025-02-11T16:24:48.528Z] INFO: Información del usuario adjuntada a la solicitud: {"id":"670fd51ecba1f3ebe8f69da3","role":"consumer","email":"paula@gmail.com","username":"pauyi89"}
[2025-02-11T16:24:48.696Z] INFO: Información del usuario adjuntada a la solicitud: {"id":"670fd51ecba1f3ebe8f69da3","role":"consumer","email":"paula@gmail.com","username":"pauyi89"}
[2025-02-11T16:24:48.874Z] INFO: Información del usuario adjuntada a la solicitud: {"id":"670fd51ecba1f3ebe8f69da3","role":"consumer","email":"paula@gmail.com","username":"pauyi89"}
[2025-02-11T16:24:49.047Z] INFO: Información del usuario adjuntada a la solicitud: {"id":"670fd51ecba1f3ebe8f69da3","role":"consumer","email":"paula@gmail.com","username":"pauyi89"}
[2025-02-11T16:24:49.220Z] INFO: Información del usuario adjuntada a la solicitud: {"id":"670fd51ecba1f3ebe8f69da3","role":"consumer","email":"paula@gmail.com","username":"pauyi89"}
[2025-02-11T16:24:49.390Z] INFO: Información del usuario adjuntada a la solicitud: {"id":"670fd51ecba1f3ebe8f69da3","role":"consumer","email":"paula@gmail.com","username":"pauyi89"}
[2025-02-11T16:24:49.565Z] INFO: Información del usuario adjuntada a la solicitud: {"id":"670fd51ecba1f3ebe8f69da3","role":"consumer","email":"paula@gmail.com","username":"pauyi89"}
[2025-02-11T16:24:49.733Z] INFO: Información del usuario adjuntada a la solicitud: {"id":"670fd51ecba1f3ebe8f69da3","role":"consumer","email":"paula@gmail.com","username":"pauyi89"}
[2025-02-11T16:24:49.905Z] INFO: Información del usuario adjuntada a la solicitud: {"id":"670fd51ecba1f3ebe8f69da3","role":"consumer","email":"paula@gmail.com","username":"pauyi89"}
[2025-02-11T16:24:50.071Z] INFO: Información del usuario adjuntada a la solicitud: {"id":"670fd51ecba1f3ebe8f69da3","role":"consumer","email":"paula@gmail.com","username":"pauyi89"}
[2025-02-11T16:24:50.245Z] INFO: Información del usuario adjuntada a la solicitud: {"id":"670fd51ecba1f3ebe8f69da3","role":"consumer","email":"paula@gmail.com","username":"pauyi89"}
[2025-02-11T16:24:50.428Z] INFO: Información del usuario adjuntada a la solicitud: {"id":"670fd51ecba1f3ebe8f69da3","role":"consumer","email":"paula@gmail.com","username":"pauyi89"}
[2025-02-11T16:24:50.619Z] INFO: Información del usuario adjuntada a la solicitud: {"id":"670fd51ecba1f3ebe8f69da3","role":"consumer","email":"paula@gmail.com","username":"pauyi89"}
[2025-02-11T16:24:50.786Z] INFO: Información del usuario adjuntada a la solicitud: {"id":"670fd51ecba1f3ebe8f69da3","role":"consumer","email":"paula@gmail.com","username":"pauyi89"}
[2025-02-11T16:24:50.947Z] INFO: Información del usuario adjuntada a la solicitud: {"id":"670fd51ecba1f3ebe8f69da3","role":"consumer","email":"paula@gmail.com","username":"pauyi89"}
[2025-02-11T16:24:51.114Z] INFO: Información del usuario adjuntada a la solicitud: {"id":"670fd51ecba1f3ebe8f69da3","role":"consumer","email":"paula@gmail.com","username":"pauyi89"}
[2025-02-11T16:24:51.326Z] INFO: Información del usuario adjuntada a la solicitud: {"id":"670fd51ecba1f3ebe8f69da3","role":"consumer","email":"paula@gmail.com","username":"pauyi89"}
[2025-02-11T16:24:51.503Z] INFO: Información del usuario adjuntada a la solicitud: {"id":"670fd51ecba1f3ebe8f69da3","role":"consumer","email":"paula@gmail.com","username":"pauyi89"}
[2025-02-11T16:24:51.664Z] INFO: Información del usuario adjuntada a la solicitud: {"id":"670fd51ecba1f3ebe8f69da3","role":"consumer","email":"paula@gmail.com","username":"pauyi89"}
[2025-02-11T16:24:51.842Z] INFO: Información del usuario adjuntada a la solicitud: {"id":"670fd51ecba1f3ebe8f69da3","role":"consumer","email":"paula@gmail.com","username":"pauyi89"}
[2025-02-11T16:24:52.015Z] INFO: Información del usuario adjuntada a la solicitud: {"id":"670fd51ecba1f3ebe8f69da3","role":"consumer","email":"paula@gmail.com","username":"pauyi89"}
[2025-02-11T16:24:52.176Z] INFO: Información del usuario adjuntada a la solicitud: {"id":"670fd51ecba1f3ebe8f69da3","role":"consumer","email":"paula@gmail.com","username":"pauyi89"}
[2025-02-11T16:24:52.342Z] INFO: Información del usuario adjuntada a la solicitud: {"id":"670fd51ecba1f3ebe8f69da3","role":"consumer","email":"paula@gmail.com","username":"pauyi89"}
[2025-02-11T16:24:52.502Z] INFO: Información del usuario adjuntada a la solicitud: {"id":"670fd51ecba1f3ebe8f69da3","role":"consumer","email":"paula@gmail.com","username":"pauyi89"}
[2025-02-11T16:24:52.699Z] INFO: Información del usuario adjuntada a la solicitud: {"id":"670fd51ecba1f3ebe8f69da3","role":"consumer","email":"paula@gmail.com","username":"pauyi89"}
[2025-02-11T16:24:52.865Z] INFO: Información del usuario adjuntada a la solicitud: {"id":"670fd51ecba1f3ebe8f69da3","role":"consumer","email":"paula@gmail.com","username":"pauyi89"}
[2025-02-11T16:24:54.071Z] INFO: Información del usuario adjuntada a la solicitud: {"id":"670fd51ecba1f3ebe8f69da3","role":"consumer","email":"paula@gmail.com","username":"pauyi89"}
[2025-02-11T16:24:54.075Z] INFO: Información del usuario adjuntada a la solicitud: {"id":"670fd51ecba1f3ebe8f69da3","role":"consumer","email":"paula@gmail.com","username":"pauyi89"}
[2025-02-11T16:24:54.180Z] INFO: Información del usuario adjuntada a la solicitud: {"id":"670fd51ecba1f3ebe8f69da3","role":"consumer","email":"paula@gmail.com","username":"pauyi89"}
[2025-02-11T16:24:54.253Z] INFO: Información del usuario adjuntada a la solicitud: {"id":"670fd51ecba1f3ebe8f69da3","role":"consumer","email":"paula@gmail.com","username":"pauyi89"}
[2025-02-11T16:24:54.283Z] WARN: Encabezado de autorización no encontrado.
[2025-02-11T16:24:54.293Z] WARN: Encabezado de autorización no encontrado.
[2025-02-11T16:24:54.315Z] INFO: Información del usuario adjuntada a la solicitud: {"id":"670fd51ecba1f3ebe8f69da3","role":"consumer","email":"paula@gmail.com","username":"pauyi89"}
[2025-02-11T16:24:54.393Z] WARN: Encabezado de autorización no encontrado.
[2025-02-11T16:24:54.466Z] WARN: Encabezado de autorización no encontrado.
[2025-02-11T16:24:54.481Z] INFO: Información del usuario adjuntada a la solicitud: {"id":"670fd51ecba1f3ebe8f69da3","role":"consumer","email":"paula@gmail.com","username":"pauyi89"}
[2025-02-11T16:24:54.495Z] INFO: Información del usuario adjuntada a la solicitud: {"id":"670fd51ecba1f3ebe8f69da3","role":"consumer","email":"paula@gmail.com","username":"pauyi89"}
[2025-02-11T16:24:54.578Z] WARN: Encabezado de autorización no encontrado.
[2025-02-11T16:24:54.641Z] WARN: Encabezado de autorización no encontrado.
[2025-02-11T16:24:54.710Z] WARN: Encabezado de autorización no encontrado.
[2025-02-11T16:24:54.725Z] INFO: Información del usuario adjuntada a la solicitud: {"id":"670fd51ecba1f3ebe8f69da3","role":"consumer","email":"paula@gmail.com","username":"pauyi89"}
[2025-02-11T16:24:54.790Z] WARN: Encabezado de autorización no encontrado.
[2025-02-11T16:24:54.856Z] WARN: Encabezado de autorización no encontrado.
[2025-02-11T16:24:54.903Z] WARN: Encabezado de autorización no encontrado.
[2025-02-11T16:24:54.908Z] WARN: Encabezado de autorización no encontrado.
[2025-02-11T16:24:54.956Z] WARN: Encabezado de autorización no encontrado.
[2025-02-11T16:24:54.973Z] WARN: Encabezado de autorización no encontrado.
[2025-02-11T16:24:54.996Z] WARN: Encabezado de autorización no encontrado.
[2025-02-11T16:24:54.997Z] WARN: Encabezado de autorización no encontrado.
[2025-02-11T16:24:55.006Z] WARN: Encabezado de autorización no encontrado.
[2025-02-11T16:24:55.007Z] WARN: Encabezado de autorización no encontrado.
[2025-02-11T16:24:55.009Z] WARN: Encabezado de autorización no encontrado.
[2025-02-11T16:24:55.011Z] WARN: Encabezado de autorización no encontrado.
[2025-02-11T16:24:55.013Z] WARN: Encabezado de autorización no encontrado.
[2025-02-11T16:24:55.015Z] WARN: Encabezado de autorización no encontrado.
[2025-02-11T16:24:55.019Z] WARN: Encabezado de autorización no encontrado.
[2025-02-11T16:24:55.020Z] WARN: Encabezado de autorización no encontrado.
[2025-02-11T16:24:55.022Z] WARN: Encabezado de autorización no encontrado.
[2025-02-11T16:24:55.023Z] WARN: Encabezado de autorización no encontrado.
[2025-02-11T16:24:55.025Z] WARN: Encabezado de autorización no encontrado.
[2025-02-11T16:24:55.027Z] WARN: Encabezado de autorización no encontrado.
[2025-02-11T16:24:55.029Z] WARN: Encabezado de autorización no encontrado.
[2025-02-11T16:24:55.030Z] WARN: Encabezado de autorización no encontrado.
[2025-02-11T16:24:55.032Z] WARN: Encabezado de autorización no encontrado.
[2025-02-11T16:24:55.033Z] WARN: Encabezado de autorización no encontrado.
[2025-02-11T16:24:55.034Z] WARN: Encabezado de autorización no encontrado.
[2025-02-11T16:24:55.036Z] WARN: Encabezado de autorización no encontrado.
[2025-02-11T16:24:55.038Z] WARN: Encabezado de autorización no encontrado.
[2025-02-11T16:24:55.039Z] WARN: Encabezado de autorización no encontrado.
[2025-02-11T16:24:55.041Z] WARN: Encabezado de autorización no encontrado.
[2025-02-11T16:24:55.043Z] WARN: Encabezado de autorización no encontrado.
[2025-02-11T16:24:55.045Z] WARN: Encabezado de autorización no encontrado.
[2025-02-11T16:24:55.047Z] WARN: Encabezado de autorización no encontrado.
[2025-02-11T16:24:55.048Z] WARN: Encabezado de autorización no encontrado.
[2025-02-11T16:24:55.051Z] WARN: Encabezado de autorización no encontrado.
[2025-02-11T16:24:55.053Z] WARN: Encabezado de autorización no encontrado.
[2025-02-11T16:24:55.054Z] WARN: Encabezado de autorización no encontrado.
[2025-02-11T16:24:55.057Z] WARN: Encabezado de autorización no encontrado.
[2025-02-11T16:24:55.058Z] WARN: Encabezado de autorización no encontrado.
[2025-02-11T16:24:55.060Z] WARN: Encabezado de autorización no encontrado.
[2025-02-11T16:24:55.061Z] WARN: Encabezado de autorización no encontrado.
[2025-02-11T16:24:55.063Z] WARN: Encabezado de autorización no encontrado.
[2025-02-11T16:24:55.065Z] WARN: Encabezado de autorización no encontrado.
[2025-02-11T16:24:55.066Z] WARN: Encabezado de autorización no encontrado.
[2025-02-11T16:24:55.067Z] WARN: Encabezado de autorización no encontrado.
[2025-02-11T16:24:55.069Z] WARN: Encabezado de autorización no encontrado.
[2025-02-11T16:24:55.070Z] WARN: Encabezado de autorización no encontrado.
[2025-02-11T16:24:55.072Z] WARN: Encabezado de autorización no encontrado.
[2025-02-11T16:24:55.073Z] WARN: Encabezado de autorización no encontrado.
[2025-02-11T16:24:55.075Z] WARN: Encabezado de autorización no encontrado.
[2025-02-11T16:24:55.076Z] WARN: Encabezado de autorización no encontrado.
[2025-02-11T16:24:55.077Z] WARN: Encabezado de autorización no encontrado.
[2025-02-11T16:24:55.079Z] WARN: Encabezado de autorización no encontrado.
[2025-02-11T16:24:55.081Z] WARN: Encabezado de autorización no encontrado.
[2025-02-11T16:24:55.082Z] WARN: Encabezado de autorización no encontrado.
[2025-02-11T16:24:55.084Z] WARN: Encabezado de autorización no encontrado.
[2025-02-11T16:24:55.085Z] WARN: Encabezado de autorización no encontrado.
[2025-02-11T16:24:55.087Z] WARN: Encabezado de autorización no encontrado.
[2025-02-11T16:24:55.089Z] WARN: Encabezado de autorización no encontrado.
[2025-02-11T16:24:55.091Z] WARN: Encabezado de autorización no encontrado.
[2025-02-11T16:24:55.093Z] WARN: Encabezado de autorización no encontrado.
[2025-02-11T16:24:55.094Z] WARN: Encabezado de autorización no encontrado.
[2025-02-11T16:24:55.096Z] WARN: Encabezado de autorización no encontrado.
[2025-02-11T16:24:55.097Z] WARN: Encabezado de autorización no encontrado.
[2025-02-11T16:24:55.099Z] WARN: Encabezado de autorización no encontrado.
[2025-02-11T16:24:55.100Z] WARN: Encabezado de autorización no encontrado.
[2025-02-11T16:24:55.102Z] WARN: Encabezado de autorización no encontrado.
[2025-02-11T16:24:55.104Z] WARN: Encabezado de autorización no encontrado.
[2025-02-11T16:24:55.105Z] WARN: Encabezado de autorización no encontrado.
[2025-02-11T16:24:55.107Z] WARN: Encabezado de autorización no encontrado.
[2025-02-11T16:24:55.108Z] WARN: Encabezado de autorización no encontrado.
[2025-02-11T16:24:55.110Z] WARN: Encabezado de autorización no encontrado.
[2025-02-11T16:24:55.111Z] WARN: Encabezado de autorización no encontrado.
[2025-02-11T16:24:55.113Z] WARN: Encabezado de autorización no encontrado.
[2025-02-11T16:24:55.115Z] WARN: Encabezado de autorización no encontrado.
[2025-02-11T16:24:55.116Z] WARN: Encabezado de autorización no encontrado.
[2025-02-11T16:24:55.118Z] WARN: Encabezado de autorización no encontrado.
[2025-02-11T16:24:55.119Z] WARN: Encabezado de autorización no encontrado.
[2025-02-11T16:24:55.121Z] WARN: Encabezado de autorización no encontrado.
[2025-02-11T16:24:55.122Z] WARN: Encabezado de autorización no encontrado.
[2025-02-11T16:24:55.123Z] WARN: Encabezado de autorización no encontrado.
[2025-02-11T16:24:55.124Z] WARN: Encabezado de autorización no encontrado.
[2025-02-11T16:24:55.126Z] WARN: Encabezado de autorización no encontrado.
[2025-02-11T16:24:55.127Z] WARN: Encabezado de autorización no encontrado.
[2025-02-11T16:24:55.128Z] WARN: Encabezado de autorización no encontrado.
[2025-02-11T16:24:55.130Z] WARN: Encabezado de autorización no encontrado.
[2025-02-11T16:24:55.131Z] WARN: Encabezado de autorización no encontrado.
[2025-02-11T16:24:55.133Z] WARN: Encabezado de autorización no encontrado.
[2025-02-11T16:24:55.134Z] WARN: Encabezado de autorización no encontrado.
[2025-02-11T16:24:55.136Z] WARN: Encabezado de autorización no encontrado.
[2025-02-11T16:24:55.137Z] WARN: Encabezado de autorización no encontrado.
[2025-02-11T16:24:55.139Z] WARN: Encabezado de autorización no encontrado.
[2025-02-11T16:24:55.141Z] WARN: Encabezado de autorización no encontrado.
[2025-02-11T16:24:55.143Z] WARN: Encabezado de autorización no encontrado.
[2025-02-11T16:24:55.144Z] WARN: Encabezado de autorización no encontrado.
[2025-02-11T16:24:55.146Z] WARN: Encabezado de autorización no encontrado.
[2025-02-11T16:24:55.147Z] WARN: Encabezado de autorización no encontrado.
[2025-02-11T16:24:55.148Z] WARN: Encabezado de autorización no encontrado.
[2025-02-11T16:24:55.149Z] WARN: Encabezado de autorización no encontrado.
[2025-02-11T16:24:55.150Z] WARN: Encabezado de autorización no encontrado.
[2025-02-11T16:24:55.152Z] WARN: Encabezado de autorización no encontrado.
[2025-02-11T16:24:55.153Z] WARN: Encabezado de autorización no encontrado.
[2025-02-11T16:25:06.572Z] WARN: Encabezado de autorización no encontrado.
[2025-02-11T16:25:06.573Z] WARN: Encabezado de autorización no encontrado.
[2025-02-11T16:25:06.618Z] WARN: Encabezado de autorización no encontrado.
[2025-02-11T16:25:06.623Z] WARN: Encabezado de autorización no encontrado.
[2025-02-11T16:25:06.640Z] WARN: Encabezado de autorización no encontrado.
[2025-02-11T16:25:06.706Z] WARN: Encabezado de autorización no encontrado.
[2025-02-11T16:25:06.763Z] WARN: Encabezado de autorización no encontrado.
[2025-02-11T16:25:06.822Z] WARN: Encabezado de autorización no encontrado.
[2025-02-11T16:25:06.936Z] WARN: Encabezado de autorización no encontrado.
[2025-02-11T16:25:06.940Z] WARN: Encabezado de autorización no encontrado.
[2025-02-11T16:25:06.941Z] WARN: Encabezado de autorización no encontrado.
[2025-02-11T16:25:06.942Z] WARN: Encabezado de autorización no encontrado.
[2025-02-11T16:25:06.944Z] WARN: Encabezado de autorización no encontrado.
[2025-02-11T16:25:06.945Z] WARN: Encabezado de autorización no encontrado.
[2025-02-11T16:25:06.947Z] WARN: Encabezado de autorización no encontrado.
[2025-02-11T16:25:06.948Z] WARN: Encabezado de autorización no encontrado.
[2025-02-11T16:25:06.949Z] WARN: Encabezado de autorización no encontrado.
[2025-02-11T16:25:06.950Z] WARN: Encabezado de autorización no encontrado.
[2025-02-11T16:25:06.952Z] WARN: Encabezado de autorización no encontrado.
[2025-02-11T16:25:06.954Z] WARN: Encabezado de autorización no encontrado.
[2025-02-11T16:25:06.955Z] WARN: Encabezado de autorización no encontrado.
[2025-02-11T16:25:06.957Z] WARN: Encabezado de autorización no encontrado.
[2025-02-11T16:25:06.958Z] WARN: Encabezado de autorización no encontrado.
[2025-02-11T16:25:06.959Z] WARN: Encabezado de autorización no encontrado.
[2025-02-11T16:25:06.961Z] WARN: Encabezado de autorización no encontrado.
[2025-02-11T16:25:06.962Z] WARN: Encabezado de autorización no encontrado.
[2025-02-11T16:25:06.963Z] WARN: Encabezado de autorización no encontrado.
[2025-02-11T16:25:06.964Z] WARN: Encabezado de autorización no encontrado.
[2025-02-11T16:25:06.966Z] WARN: Encabezado de autorización no encontrado.
[2025-02-11T16:25:06.967Z] WARN: Encabezado de autorización no encontrado.
[2025-02-11T16:25:06.969Z] WARN: Encabezado de autorización no encontrado.
[2025-02-11T16:25:06.970Z] WARN: Encabezado de autorización no encontrado.
[2025-02-11T16:25:06.971Z] WARN: Encabezado de autorización no encontrado.
[2025-02-11T16:25:06.973Z] WARN: Encabezado de autorización no encontrado.
[2025-02-11T16:25:09.808Z] WARN: Encabezado de autorización no encontrado.
[2025-02-11T16:25:09.810Z] WARN: Encabezado de autorización no encontrado.
[2025-02-11T16:25:09.849Z] WARN: Encabezado de autorización no encontrado.
[2025-02-11T16:25:09.858Z] WARN: Encabezado de autorización no encontrado.
[2025-02-11T16:25:09.910Z] WARN: Encabezado de autorización no encontrado.
[2025-02-11T16:25:09.975Z] WARN: Encabezado de autorización no encontrado.
[2025-02-11T16:25:10.039Z] WARN: Encabezado de autorización no encontrado.
[2025-02-11T16:25:10.059Z] WARN: Encabezado de autorización no encontrado.
[2025-02-11T16:25:10.060Z] WARN: Encabezado de autorización no encontrado.
[2025-02-11T16:25:10.061Z] WARN: Encabezado de autorización no encontrado.
[2025-02-11T16:25:10.063Z] WARN: Encabezado de autorización no encontrado.
[2025-02-11T16:25:10.064Z] WARN: Encabezado de autorización no encontrado.
[2025-02-11T16:25:10.066Z] WARN: Encabezado de autorización no encontrado.
[2025-02-11T16:25:10.067Z] WARN: Encabezado de autorización no encontrado.
[2025-02-11T16:25:10.068Z] WARN: Encabezado de autorización no encontrado.
[2025-02-11T16:25:10.070Z] WARN: Encabezado de autorización no encontrado.
[2025-02-11T16:25:10.071Z] WARN: Encabezado de autorización no encontrado.
[2025-02-11T16:25:10.073Z] WARN: Encabezado de autorización no encontrado.
[2025-02-11T16:25:10.075Z] WARN: Encabezado de autorización no encontrado.
[2025-02-11T16:25:10.076Z] WARN: Encabezado de autorización no encontrado.
[2025-02-11T16:25:10.078Z] WARN: Encabezado de autorización no encontrado.
[2025-02-11T16:25:10.079Z] WARN: Encabezado de autorización no encontrado.
[2025-02-11T16:25:10.081Z] WARN: Encabezado de autorización no encontrado.
[2025-02-11T16:25:10.083Z] WARN: Encabezado de autorización no encontrado.
[2025-02-11T16:25:10.084Z] WARN: Encabezado de autorización no encontrado.
[2025-02-11T16:25:10.087Z] WARN: Encabezado de autorización no encontrado.
[2025-02-11T16:25:10.088Z] WARN: Encabezado de autorización no encontrado.
[2025-02-11T16:25:10.090Z] WARN: Encabezado de autorización no encontrado.
[2025-02-11T16:25:10.092Z] WARN: Encabezado de autorización no encontrado.
[2025-02-11T16:25:10.094Z] WARN: Encabezado de autorización no encontrado.
[2025-02-11T16:25:10.100Z] WARN: Encabezado de autorización no encontrado.
[2025-02-11T16:25:10.102Z] WARN: Encabezado de autorización no encontrado.
[2025-02-11T16:25:10.104Z] WARN: Encabezado de autorización no encontrado.
[2025-02-11T16:25:10.105Z] WARN: Encabezado de autorización no encontrado.
[2025-02-11T16:25:25.520Z] WARN: Encabezado de autorización no encontrado.
[2025-02-11T16:25:25.530Z] WARN: Encabezado de autorización no encontrado.
[2025-02-11T16:25:25.533Z] WARN: Encabezado de autorización no encontrado.
[2025-02-11T16:25:25.536Z] WARN: Encabezado de autorización no encontrado.
[2025-02-11T16:25:25.538Z] WARN: Encabezado de autorización no encontrado.
[2025-02-11T16:25:25.541Z] WARN: Encabezado de autorización no encontrado.
[2025-02-11T16:25:25.544Z] WARN: Encabezado de autorización no encontrado.
[2025-02-11T16:25:25.545Z] WARN: Encabezado de autorización no encontrado.
[2025-02-11T16:25:39.501Z] INFO: Usuario encontrado: pauyi89
[2025-02-11T16:25:39.555Z] INFO: Token generado para usuario: pauyi89
[2025-02-11T16:25:39.561Z] WARN: Encabezado de autorización no encontrado.
[2025-02-11T16:25:39.566Z] WARN: Encabezado de autorización no encontrado.
[2025-02-11T16:25:41.587Z] WARN: Encabezado de autorización no encontrado.
[2025-02-11T16:25:41.590Z] WARN: Encabezado de autorización no encontrado.
[2025-02-11T16:25:41.592Z] WARN: Encabezado de autorización no encontrado.
[2025-02-11T16:25:41.595Z] WARN: Encabezado de autorización no encontrado.
[2025-02-11T16:26:11.583Z] INFO: Usuario encontrado: mceballos
[2025-02-11T16:26:11.637Z] INFO: Token generado para usuario: mceballos
[2025-02-11T16:26:11.646Z] WARN: Encabezado de autorización no encontrado.
[2025-02-11T16:26:11.649Z] WARN: Encabezado de autorización no encontrado.
[2025-02-11T16:26:13.665Z] WARN: Encabezado de autorización no encontrado.
[2025-02-11T16:26:13.669Z] WARN: Encabezado de autorización no encontrado.
[2025-02-11T16:26:13.671Z] WARN: Encabezado de autorización no encontrado.
[2025-02-11T16:26:13.673Z] WARN: Encabezado de autorización no encontrado.
[2025-02-11T16:26:29.044Z] WARN: Encabezado de autorización no encontrado.
[2025-02-11T16:26:29.048Z] WARN: Encabezado de autorización no encontrado.
[2025-02-11T16:26:29.051Z] WARN: Encabezado de autorización no encontrado.
[2025-02-11T16:26:29.053Z] WARN: Encabezado de autorización no encontrado.
[2025-02-11T16:26:29.056Z] WARN: Encabezado de autorización no encontrado.
[2025-02-11T16:26:29.057Z] WARN: Encabezado de autorización no encontrado.
[2025-02-11T16:26:29.059Z] WARN: Encabezado de autorización no encontrado.
[2025-02-11T16:26:29.062Z] WARN: Encabezado de autorización no encontrado.
[2025-02-11T16:27:09.244Z] INFO: Usuario encontrado: mceballos
[2025-02-11T16:27:09.302Z] INFO: Token generado para usuario: mceballos
[2025-02-11T16:27:09.371Z] INFO: Información del usuario adjuntada a la solicitud: {"id":"670fcd293f9c5f4310b80da5","role":"admin","email":"maria.ceballos@davinci.edu.ar","username":"mceballos"}
[2025-02-11T16:27:09.483Z] INFO: Información del usuario adjuntada a la solicitud: {"id":"670fcd293f9c5f4310b80da5","role":"admin","email":"maria.ceballos@davinci.edu.ar","username":"mceballos"}
[2025-02-11T16:27:11.384Z] INFO: Información del usuario adjuntada a la solicitud: {"id":"670fcd293f9c5f4310b80da5","role":"admin","email":"maria.ceballos@davinci.edu.ar","username":"mceballos"}
[2025-02-11T16:27:11.561Z] INFO: Información del usuario adjuntada a la solicitud: {"id":"670fcd293f9c5f4310b80da5","role":"admin","email":"maria.ceballos@davinci.edu.ar","username":"mceballos"}
[2025-02-11T16:27:11.610Z] INFO: Información del usuario adjuntada a la solicitud: {"id":"670fcd293f9c5f4310b80da5","role":"admin","email":"maria.ceballos@davinci.edu.ar","username":"mceballos"}
[2025-02-11T16:27:11.926Z] INFO: Información del usuario adjuntada a la solicitud: {"id":"670fcd293f9c5f4310b80da5","role":"admin","email":"maria.ceballos@davinci.edu.ar","username":"mceballos"}
[2025-02-11T16:27:11.928Z] INFO: Información del usuario adjuntada a la solicitud: {"id":"670fcd293f9c5f4310b80da5","role":"admin","email":"maria.ceballos@davinci.edu.ar","username":"mceballos"}
[2025-02-11T16:27:12.121Z] INFO: Información del usuario adjuntada a la solicitud: {"id":"670fcd293f9c5f4310b80da5","role":"admin","email":"maria.ceballos@davinci.edu.ar","username":"mceballos"}
[2025-02-11T16:27:12.128Z] INFO: Información del usuario adjuntada a la solicitud: {"id":"670fcd293f9c5f4310b80da5","role":"admin","email":"maria.ceballos@davinci.edu.ar","username":"mceballos"}
[2025-02-11T16:27:12.301Z] INFO: Información del usuario adjuntada a la solicitud: {"id":"670fcd293f9c5f4310b80da5","role":"admin","email":"maria.ceballos@davinci.edu.ar","username":"mceballos"}
[2025-02-11T16:27:12.461Z] INFO: Información del usuario adjuntada a la solicitud: {"id":"670fcd293f9c5f4310b80da5","role":"admin","email":"maria.ceballos@davinci.edu.ar","username":"mceballos"}
[2025-02-11T16:27:12.631Z] INFO: Información del usuario adjuntada a la solicitud: {"id":"670fcd293f9c5f4310b80da5","role":"admin","email":"maria.ceballos@davinci.edu.ar","username":"mceballos"}
[2025-02-11T16:27:12.813Z] INFO: Información del usuario adjuntada a la solicitud: {"id":"670fcd293f9c5f4310b80da5","role":"admin","email":"maria.ceballos@davinci.edu.ar","username":"mceballos"}
[2025-02-11T16:27:12.983Z] INFO: Información del usuario adjuntada a la solicitud: {"id":"670fcd293f9c5f4310b80da5","role":"admin","email":"maria.ceballos@davinci.edu.ar","username":"mceballos"}
[2025-02-11T16:27:13.161Z] INFO: Información del usuario adjuntada a la solicitud: {"id":"670fcd293f9c5f4310b80da5","role":"admin","email":"maria.ceballos@davinci.edu.ar","username":"mceballos"}
[2025-02-11T16:27:13.334Z] INFO: Información del usuario adjuntada a la solicitud: {"id":"670fcd293f9c5f4310b80da5","role":"admin","email":"maria.ceballos@davinci.edu.ar","username":"mceballos"}
[2025-02-11T16:27:13.510Z] INFO: Información del usuario adjuntada a la solicitud: {"id":"670fcd293f9c5f4310b80da5","role":"admin","email":"maria.ceballos@davinci.edu.ar","username":"mceballos"}
[2025-02-11T16:27:13.732Z] INFO: Información del usuario adjuntada a la solicitud: {"id":"670fcd293f9c5f4310b80da5","role":"admin","email":"maria.ceballos@davinci.edu.ar","username":"mceballos"}
[2025-02-11T16:27:13.906Z] INFO: Información del usuario adjuntada a la solicitud: {"id":"670fcd293f9c5f4310b80da5","role":"admin","email":"maria.ceballos@davinci.edu.ar","username":"mceballos"}
[2025-02-11T16:27:14.073Z] INFO: Información del usuario adjuntada a la solicitud: {"id":"670fcd293f9c5f4310b80da5","role":"admin","email":"maria.ceballos@davinci.edu.ar","username":"mceballos"}
[2025-02-11T16:27:14.248Z] INFO: Información del usuario adjuntada a la solicitud: {"id":"670fcd293f9c5f4310b80da5","role":"admin","email":"maria.ceballos@davinci.edu.ar","username":"mceballos"}
[2025-02-11T16:27:14.423Z] INFO: Información del usuario adjuntada a la solicitud: {"id":"670fcd293f9c5f4310b80da5","role":"admin","email":"maria.ceballos@davinci.edu.ar","username":"mceballos"}
[2025-02-11T16:27:14.659Z] INFO: Información del usuario adjuntada a la solicitud: {"id":"670fcd293f9c5f4310b80da5","role":"admin","email":"maria.ceballos@davinci.edu.ar","username":"mceballos"}
[2025-02-11T16:27:14.818Z] INFO: Información del usuario adjuntada a la solicitud: {"id":"670fcd293f9c5f4310b80da5","role":"admin","email":"maria.ceballos@davinci.edu.ar","username":"mceballos"}
[2025-02-11T16:27:14.988Z] INFO: Información del usuario adjuntada a la solicitud: {"id":"670fcd293f9c5f4310b80da5","role":"admin","email":"maria.ceballos@davinci.edu.ar","username":"mceballos"}
[2025-02-11T16:27:15.170Z] INFO: Información del usuario adjuntada a la solicitud: {"id":"670fcd293f9c5f4310b80da5","role":"admin","email":"maria.ceballos@davinci.edu.ar","username":"mceballos"}
[2025-02-11T16:27:15.325Z] INFO: Información del usuario adjuntada a la solicitud: {"id":"670fcd293f9c5f4310b80da5","role":"admin","email":"maria.ceballos@davinci.edu.ar","username":"mceballos"}
[2025-02-11T16:27:15.550Z] INFO: Información del usuario adjuntada a la solicitud: {"id":"670fcd293f9c5f4310b80da5","role":"admin","email":"maria.ceballos@davinci.edu.ar","username":"mceballos"}
[2025-02-11T16:27:15.704Z] INFO: Información del usuario adjuntada a la solicitud: {"id":"670fcd293f9c5f4310b80da5","role":"admin","email":"maria.ceballos@davinci.edu.ar","username":"mceballos"}
[2025-02-11T16:27:15.864Z] INFO: Información del usuario adjuntada a la solicitud: {"id":"670fcd293f9c5f4310b80da5","role":"admin","email":"maria.ceballos@davinci.edu.ar","username":"mceballos"}
[2025-02-11T16:27:16.047Z] INFO: Información del usuario adjuntada a la solicitud: {"id":"670fcd293f9c5f4310b80da5","role":"admin","email":"maria.ceballos@davinci.edu.ar","username":"mceballos"}
[2025-02-11T16:27:16.215Z] INFO: Información del usuario adjuntada a la solicitud: {"id":"670fcd293f9c5f4310b80da5","role":"admin","email":"maria.ceballos@davinci.edu.ar","username":"mceballos"}
[2025-02-11T16:27:16.385Z] INFO: Información del usuario adjuntada a la solicitud: {"id":"670fcd293f9c5f4310b80da5","role":"admin","email":"maria.ceballos@davinci.edu.ar","username":"mceballos"}
[2025-02-11T16:27:16.550Z] INFO: Información del usuario adjuntada a la solicitud: {"id":"670fcd293f9c5f4310b80da5","role":"admin","email":"maria.ceballos@davinci.edu.ar","username":"mceballos"}
[2025-02-11T16:27:16.708Z] INFO: Información del usuario adjuntada a la solicitud: {"id":"670fcd293f9c5f4310b80da5","role":"admin","email":"maria.ceballos@davinci.edu.ar","username":"mceballos"}
[2025-02-11T16:27:16.875Z] INFO: Información del usuario adjuntada a la solicitud: {"id":"670fcd293f9c5f4310b80da5","role":"admin","email":"maria.ceballos@davinci.edu.ar","username":"mceballos"}
[2025-02-11T16:27:17.042Z] INFO: Información del usuario adjuntada a la solicitud: {"id":"670fcd293f9c5f4310b80da5","role":"admin","email":"maria.ceballos@davinci.edu.ar","username":"mceballos"}
[2025-02-11T16:27:17.228Z] INFO: Información del usuario adjuntada a la solicitud: {"id":"670fcd293f9c5f4310b80da5","role":"admin","email":"maria.ceballos@davinci.edu.ar","username":"mceballos"}
[2025-02-11T16:27:18.888Z] INFO: Información del usuario adjuntada a la solicitud: {"id":"670fcd293f9c5f4310b80da5","role":"admin","email":"maria.ceballos@davinci.edu.ar","username":"mceballos"}
[2025-02-11T16:27:19.082Z] INFO: Información del usuario adjuntada a la solicitud: {"id":"670fcd293f9c5f4310b80da5","role":"admin","email":"maria.ceballos@davinci.edu.ar","username":"mceballos"}
[2025-02-11T16:27:19.133Z] INFO: Información del usuario adjuntada a la solicitud: {"id":"670fcd293f9c5f4310b80da5","role":"admin","email":"maria.ceballos@davinci.edu.ar","username":"mceballos"}
[2025-02-11T16:27:19.347Z] INFO: Información del usuario adjuntada a la solicitud: {"id":"670fcd293f9c5f4310b80da5","role":"admin","email":"maria.ceballos@davinci.edu.ar","username":"mceballos"}
[2025-02-11T16:27:19.422Z] INFO: Información del usuario adjuntada a la solicitud: {"id":"670fcd293f9c5f4310b80da5","role":"admin","email":"maria.ceballos@davinci.edu.ar","username":"mceballos"}
[2025-02-11T16:27:19.531Z] INFO: Información del usuario adjuntada a la solicitud: {"id":"670fcd293f9c5f4310b80da5","role":"admin","email":"maria.ceballos@davinci.edu.ar","username":"mceballos"}
[2025-02-11T16:27:19.605Z] INFO: Información del usuario adjuntada a la solicitud: {"id":"670fcd293f9c5f4310b80da5","role":"admin","email":"maria.ceballos@davinci.edu.ar","username":"mceballos"}
[2025-02-11T16:27:19.781Z] INFO: Información del usuario adjuntada a la solicitud: {"id":"670fcd293f9c5f4310b80da5","role":"admin","email":"maria.ceballos@davinci.edu.ar","username":"mceballos"}
[2025-02-11T16:27:19.954Z] INFO: Información del usuario adjuntada a la solicitud: {"id":"670fcd293f9c5f4310b80da5","role":"admin","email":"maria.ceballos@davinci.edu.ar","username":"mceballos"}
[2025-02-11T16:27:20.143Z] INFO: Información del usuario adjuntada a la solicitud: {"id":"670fcd293f9c5f4310b80da5","role":"admin","email":"maria.ceballos@davinci.edu.ar","username":"mceballos"}
[2025-02-11T16:27:20.314Z] INFO: Información del usuario adjuntada a la solicitud: {"id":"670fcd293f9c5f4310b80da5","role":"admin","email":"maria.ceballos@davinci.edu.ar","username":"mceballos"}
[2025-02-11T16:27:20.516Z] INFO: Información del usuario adjuntada a la solicitud: {"id":"670fcd293f9c5f4310b80da5","role":"admin","email":"maria.ceballos@davinci.edu.ar","username":"mceballos"}
[2025-02-11T16:27:20.687Z] INFO: Información del usuario adjuntada a la solicitud: {"id":"670fcd293f9c5f4310b80da5","role":"admin","email":"maria.ceballos@davinci.edu.ar","username":"mceballos"}
[2025-02-11T16:27:20.862Z] INFO: Información del usuario adjuntada a la solicitud: {"id":"670fcd293f9c5f4310b80da5","role":"admin","email":"maria.ceballos@davinci.edu.ar","username":"mceballos"}
[2025-02-11T16:27:21.035Z] INFO: Información del usuario adjuntada a la solicitud: {"id":"670fcd293f9c5f4310b80da5","role":"admin","email":"maria.ceballos@davinci.edu.ar","username":"mceballos"}
[2025-02-11T16:27:21.131Z] INFO: Información del usuario adjuntada a la solicitud: {"id":"670fcd293f9c5f4310b80da5","role":"admin","email":"maria.ceballos@davinci.edu.ar","username":"mceballos"}
[2025-02-11T16:27:21.212Z] INFO: Información del usuario adjuntada a la solicitud: {"id":"670fcd293f9c5f4310b80da5","role":"admin","email":"maria.ceballos@davinci.edu.ar","username":"mceballos"}
[2025-02-11T16:27:21.238Z] INFO: Información del usuario adjuntada a la solicitud: {"id":"670fcd293f9c5f4310b80da5","role":"admin","email":"maria.ceballos@davinci.edu.ar","username":"mceballos"}
[2025-02-11T16:27:21.373Z] INFO: Información del usuario adjuntada a la solicitud: {"id":"670fcd293f9c5f4310b80da5","role":"admin","email":"maria.ceballos@davinci.edu.ar","username":"mceballos"}
[2025-02-11T16:27:21.546Z] INFO: Información del usuario adjuntada a la solicitud: {"id":"670fcd293f9c5f4310b80da5","role":"admin","email":"maria.ceballos@davinci.edu.ar","username":"mceballos"}
[2025-02-11T16:27:21.726Z] INFO: Información del usuario adjuntada a la solicitud: {"id":"670fcd293f9c5f4310b80da5","role":"admin","email":"maria.ceballos@davinci.edu.ar","username":"mceballos"}
[2025-02-11T16:27:21.927Z] INFO: Información del usuario adjuntada a la solicitud: {"id":"670fcd293f9c5f4310b80da5","role":"admin","email":"maria.ceballos@davinci.edu.ar","username":"mceballos"}
[2025-02-11T16:27:22.089Z] INFO: Información del usuario adjuntada a la solicitud: {"id":"670fcd293f9c5f4310b80da5","role":"admin","email":"maria.ceballos@davinci.edu.ar","username":"mceballos"}
[2025-02-11T16:27:22.258Z] INFO: Información del usuario adjuntada a la solicitud: {"id":"670fcd293f9c5f4310b80da5","role":"admin","email":"maria.ceballos@davinci.edu.ar","username":"mceballos"}
[2025-02-11T16:27:22.445Z] INFO: Información del usuario adjuntada a la solicitud: {"id":"670fcd293f9c5f4310b80da5","role":"admin","email":"maria.ceballos@davinci.edu.ar","username":"mceballos"}
[2025-02-11T16:27:22.620Z] INFO: Información del usuario adjuntada a la solicitud: {"id":"670fcd293f9c5f4310b80da5","role":"admin","email":"maria.ceballos@davinci.edu.ar","username":"mceballos"}
[2025-02-11T16:27:22.779Z] INFO: Información del usuario adjuntada a la solicitud: {"id":"670fcd293f9c5f4310b80da5","role":"admin","email":"maria.ceballos@davinci.edu.ar","username":"mceballos"}
[2025-02-11T16:27:22.951Z] INFO: Información del usuario adjuntada a la solicitud: {"id":"670fcd293f9c5f4310b80da5","role":"admin","email":"maria.ceballos@davinci.edu.ar","username":"mceballos"}
[2025-02-11T16:27:23.122Z] INFO: Información del usuario adjuntada a la solicitud: {"id":"670fcd293f9c5f4310b80da5","role":"admin","email":"maria.ceballos@davinci.edu.ar","username":"mceballos"}
[2025-02-11T16:27:23.293Z] INFO: Información del usuario adjuntada a la solicitud: {"id":"670fcd293f9c5f4310b80da5","role":"admin","email":"maria.ceballos@davinci.edu.ar","username":"mceballos"}
[2025-02-11T16:27:23.467Z] INFO: Información del usuario adjuntada a la solicitud: {"id":"670fcd293f9c5f4310b80da5","role":"admin","email":"maria.ceballos@davinci.edu.ar","username":"mceballos"}
[2025-02-11T16:27:23.638Z] INFO: Información del usuario adjuntada a la solicitud: {"id":"670fcd293f9c5f4310b80da5","role":"admin","email":"maria.ceballos@davinci.edu.ar","username":"mceballos"}
[2025-02-11T16:27:23.843Z] INFO: Información del usuario adjuntada a la solicitud: {"id":"670fcd293f9c5f4310b80da5","role":"admin","email":"maria.ceballos@davinci.edu.ar","username":"mceballos"}
[2025-02-11T16:27:24.005Z] INFO: Información del usuario adjuntada a la solicitud: {"id":"670fcd293f9c5f4310b80da5","role":"admin","email":"maria.ceballos@davinci.edu.ar","username":"mceballos"}
[2025-02-11T16:27:24.170Z] INFO: Información del usuario adjuntada a la solicitud: {"id":"670fcd293f9c5f4310b80da5","role":"admin","email":"maria.ceballos@davinci.edu.ar","username":"mceballos"}
[2025-02-11T16:27:24.339Z] INFO: Información del usuario adjuntada a la solicitud: {"id":"670fcd293f9c5f4310b80da5","role":"admin","email":"maria.ceballos@davinci.edu.ar","username":"mceballos"}
[2025-02-11T16:27:24.512Z] INFO: Información del usuario adjuntada a la solicitud: {"id":"670fcd293f9c5f4310b80da5","role":"admin","email":"maria.ceballos@davinci.edu.ar","username":"mceballos"}
[2025-02-11T16:27:24.674Z] INFO: Información del usuario adjuntada a la solicitud: {"id":"670fcd293f9c5f4310b80da5","role":"admin","email":"maria.ceballos@davinci.edu.ar","username":"mceballos"}
[2025-02-11T16:27:32.806Z] INFO: Información del usuario adjuntada a la solicitud: {"id":"670fcd293f9c5f4310b80da5","role":"admin","email":"maria.ceballos@davinci.edu.ar","username":"mceballos"}
[2025-02-11T16:27:32.997Z] INFO: Información del usuario adjuntada a la solicitud: {"id":"670fcd293f9c5f4310b80da5","role":"admin","email":"maria.ceballos@davinci.edu.ar","username":"mceballos"}
[2025-02-11T16:27:33.031Z] INFO: Información del usuario adjuntada a la solicitud: {"id":"670fcd293f9c5f4310b80da5","role":"admin","email":"maria.ceballos@davinci.edu.ar","username":"mceballos"}
[2025-02-11T16:27:33.255Z] INFO: Información del usuario adjuntada a la solicitud: {"id":"670fcd293f9c5f4310b80da5","role":"admin","email":"maria.ceballos@davinci.edu.ar","username":"mceballos"}
[2025-02-11T16:27:33.286Z] INFO: Información del usuario adjuntada a la solicitud: {"id":"670fcd293f9c5f4310b80da5","role":"admin","email":"maria.ceballos@davinci.edu.ar","username":"mceballos"}
[2025-02-11T16:27:33.427Z] INFO: Información del usuario adjuntada a la solicitud: {"id":"670fcd293f9c5f4310b80da5","role":"admin","email":"maria.ceballos@davinci.edu.ar","username":"mceballos"}
[2025-02-11T16:27:33.465Z] INFO: Información del usuario adjuntada a la solicitud: {"id":"670fcd293f9c5f4310b80da5","role":"admin","email":"maria.ceballos@davinci.edu.ar","username":"mceballos"}
[2025-02-11T16:27:33.642Z] INFO: Información del usuario adjuntada a la solicitud: {"id":"670fcd293f9c5f4310b80da5","role":"admin","email":"maria.ceballos@davinci.edu.ar","username":"mceballos"}
[2025-02-11T16:27:33.810Z] INFO: Información del usuario adjuntada a la solicitud: {"id":"670fcd293f9c5f4310b80da5","role":"admin","email":"maria.ceballos@davinci.edu.ar","username":"mceballos"}
[2025-02-11T16:27:33.973Z] INFO: Información del usuario adjuntada a la solicitud: {"id":"670fcd293f9c5f4310b80da5","role":"admin","email":"maria.ceballos@davinci.edu.ar","username":"mceballos"}
[2025-02-11T16:27:34.151Z] INFO: Información del usuario adjuntada a la solicitud: {"id":"670fcd293f9c5f4310b80da5","role":"admin","email":"maria.ceballos@davinci.edu.ar","username":"mceballos"}
[2025-02-11T16:27:34.345Z] INFO: Información del usuario adjuntada a la solicitud: {"id":"670fcd293f9c5f4310b80da5","role":"admin","email":"maria.ceballos@davinci.edu.ar","username":"mceballos"}
[2025-02-11T16:27:34.522Z] INFO: Información del usuario adjuntada a la solicitud: {"id":"670fcd293f9c5f4310b80da5","role":"admin","email":"maria.ceballos@davinci.edu.ar","username":"mceballos"}
[2025-02-11T16:27:34.699Z] INFO: Información del usuario adjuntada a la solicitud: {"id":"670fcd293f9c5f4310b80da5","role":"admin","email":"maria.ceballos@davinci.edu.ar","username":"mceballos"}
[2025-02-11T16:27:34.860Z] INFO: Información del usuario adjuntada a la solicitud: {"id":"670fcd293f9c5f4310b80da5","role":"admin","email":"maria.ceballos@davinci.edu.ar","username":"mceballos"}
[2025-02-11T16:27:35.036Z] INFO: Información del usuario adjuntada a la solicitud: {"id":"670fcd293f9c5f4310b80da5","role":"admin","email":"maria.ceballos@davinci.edu.ar","username":"mceballos"}
[2025-02-11T16:27:35.248Z] INFO: Información del usuario adjuntada a la solicitud: {"id":"670fcd293f9c5f4310b80da5","role":"admin","email":"maria.ceballos@davinci.edu.ar","username":"mceballos"}
[2025-02-11T16:27:35.415Z] INFO: Información del usuario adjuntada a la solicitud: {"id":"670fcd293f9c5f4310b80da5","role":"admin","email":"maria.ceballos@davinci.edu.ar","username":"mceballos"}
[2025-02-11T16:27:35.587Z] INFO: Información del usuario adjuntada a la solicitud: {"id":"670fcd293f9c5f4310b80da5","role":"admin","email":"maria.ceballos@davinci.edu.ar","username":"mceballos"}
[2025-02-11T16:27:35.762Z] INFO: Información del usuario adjuntada a la solicitud: {"id":"670fcd293f9c5f4310b80da5","role":"admin","email":"maria.ceballos@davinci.edu.ar","username":"mceballos"}
[2025-02-11T16:27:35.958Z] INFO: Información del usuario adjuntada a la solicitud: {"id":"670fcd293f9c5f4310b80da5","role":"admin","email":"maria.ceballos@davinci.edu.ar","username":"mceballos"}
[2025-02-11T16:27:36.131Z] INFO: Información del usuario adjuntada a la solicitud: {"id":"670fcd293f9c5f4310b80da5","role":"admin","email":"maria.ceballos@davinci.edu.ar","username":"mceballos"}
[2025-02-11T16:27:36.326Z] INFO: Información del usuario adjuntada a la solicitud: {"id":"670fcd293f9c5f4310b80da5","role":"admin","email":"maria.ceballos@davinci.edu.ar","username":"mceballos"}
[2025-02-11T16:27:36.599Z] INFO: Información del usuario adjuntada a la solicitud: {"id":"670fcd293f9c5f4310b80da5","role":"admin","email":"maria.ceballos@davinci.edu.ar","username":"mceballos"}
[2025-02-11T16:27:36.784Z] INFO: Información del usuario adjuntada a la solicitud: {"id":"670fcd293f9c5f4310b80da5","role":"admin","email":"maria.ceballos@davinci.edu.ar","username":"mceballos"}
[2025-02-11T16:27:36.950Z] INFO: Información del usuario adjuntada a la solicitud: {"id":"670fcd293f9c5f4310b80da5","role":"admin","email":"maria.ceballos@davinci.edu.ar","username":"mceballos"}
[2025-02-11T16:27:37.133Z] INFO: Información del usuario adjuntada a la solicitud: {"id":"670fcd293f9c5f4310b80da5","role":"admin","email":"maria.ceballos@davinci.edu.ar","username":"mceballos"}
[2025-02-11T16:27:37.291Z] INFO: Información del usuario adjuntada a la solicitud: {"id":"670fcd293f9c5f4310b80da5","role":"admin","email":"maria.ceballos@davinci.edu.ar","username":"mceballos"}
[2025-02-11T16:27:37.392Z] INFO: Información del usuario adjuntada a la solicitud: {"id":"670fcd293f9c5f4310b80da5","role":"admin","email":"maria.ceballos@davinci.edu.ar","username":"mceballos"}
[2025-02-11T16:27:37.468Z] INFO: Información del usuario adjuntada a la solicitud: {"id":"670fcd293f9c5f4310b80da5","role":"admin","email":"maria.ceballos@davinci.edu.ar","username":"mceballos"}
[2025-02-11T16:27:37.554Z] INFO: Información del usuario adjuntada a la solicitud: {"id":"670fcd293f9c5f4310b80da5","role":"admin","email":"maria.ceballos@davinci.edu.ar","username":"mceballos"}
[2025-02-11T16:27:37.670Z] INFO: Información del usuario adjuntada a la solicitud: {"id":"670fcd293f9c5f4310b80da5","role":"admin","email":"maria.ceballos@davinci.edu.ar","username":"mceballos"}
[2025-02-11T16:27:37.842Z] INFO: Información del usuario adjuntada a la solicitud: {"id":"670fcd293f9c5f4310b80da5","role":"admin","email":"maria.ceballos@davinci.edu.ar","username":"mceballos"}
[2025-02-11T16:27:38.152Z] INFO: Información del usuario adjuntada a la solicitud: {"id":"670fcd293f9c5f4310b80da5","role":"admin","email":"maria.ceballos@davinci.edu.ar","username":"mceballos"}
[2025-02-11T16:27:38.335Z] INFO: Información del usuario adjuntada a la solicitud: {"id":"670fcd293f9c5f4310b80da5","role":"admin","email":"maria.ceballos@davinci.edu.ar","username":"mceballos"}
[2025-02-11T16:27:38.517Z] INFO: Información del usuario adjuntada a la solicitud: {"id":"670fcd293f9c5f4310b80da5","role":"admin","email":"maria.ceballos@davinci.edu.ar","username":"mceballos"}
[2025-02-11T16:27:38.729Z] INFO: Información del usuario adjuntada a la solicitud: {"id":"670fcd293f9c5f4310b80da5","role":"admin","email":"maria.ceballos@davinci.edu.ar","username":"mceballos"}
[2025-02-11T16:27:38.898Z] INFO: Información del usuario adjuntada a la solicitud: {"id":"670fcd293f9c5f4310b80da5","role":"admin","email":"maria.ceballos@davinci.edu.ar","username":"mceballos"}
[2025-02-11T16:27:39.086Z] INFO: Información del usuario adjuntada a la solicitud: {"id":"670fcd293f9c5f4310b80da5","role":"admin","email":"maria.ceballos@davinci.edu.ar","username":"mceballos"}
[2025-02-11T16:27:39.246Z] INFO: Información del usuario adjuntada a la solicitud: {"id":"670fcd293f9c5f4310b80da5","role":"admin","email":"maria.ceballos@davinci.edu.ar","username":"mceballos"}
[2025-02-11T16:27:39.443Z] INFO: Información del usuario adjuntada a la solicitud: {"id":"670fcd293f9c5f4310b80da5","role":"admin","email":"maria.ceballos@davinci.edu.ar","username":"mceballos"}
[2025-02-11T16:27:39.638Z] INFO: Información del usuario adjuntada a la solicitud: {"id":"670fcd293f9c5f4310b80da5","role":"admin","email":"maria.ceballos@davinci.edu.ar","username":"mceballos"}
[2025-02-11T16:27:39.888Z] INFO: Información del usuario adjuntada a la solicitud: {"id":"670fcd293f9c5f4310b80da5","role":"admin","email":"maria.ceballos@davinci.edu.ar","username":"mceballos"}
[2025-02-11T16:27:40.065Z] INFO: Información del usuario adjuntada a la solicitud: {"id":"670fcd293f9c5f4310b80da5","role":"admin","email":"maria.ceballos@davinci.edu.ar","username":"mceballos"}
[2025-02-11T16:27:40.234Z] INFO: Información del usuario adjuntada a la solicitud: {"id":"670fcd293f9c5f4310b80da5","role":"admin","email":"maria.ceballos@davinci.edu.ar","username":"mceballos"}
[2025-02-11T16:27:40.432Z] INFO: Información del usuario adjuntada a la solicitud: {"id":"670fcd293f9c5f4310b80da5","role":"admin","email":"maria.ceballos@davinci.edu.ar","username":"mceballos"}
[2025-02-11T16:27:40.606Z] INFO: Información del usuario adjuntada a la solicitud: {"id":"670fcd293f9c5f4310b80da5","role":"admin","email":"maria.ceballos@davinci.edu.ar","username":"mceballos"}
[2025-02-11T16:27:40.828Z] INFO: Información del usuario adjuntada a la solicitud: {"id":"670fcd293f9c5f4310b80da5","role":"admin","email":"maria.ceballos@davinci.edu.ar","username":"mceballos"}
[2025-02-11T16:27:40.996Z] INFO: Información del usuario adjuntada a la solicitud: {"id":"670fcd293f9c5f4310b80da5","role":"admin","email":"maria.ceballos@davinci.edu.ar","username":"mceballos"}
[2025-02-11T16:27:41.170Z] INFO: Información del usuario adjuntada a la solicitud: {"id":"670fcd293f9c5f4310b80da5","role":"admin","email":"maria.ceballos@davinci.edu.ar","username":"mceballos"}
[2025-02-11T16:27:41.339Z] INFO: Información del usuario adjuntada a la solicitud: {"id":"670fcd293f9c5f4310b80da5","role":"admin","email":"maria.ceballos@davinci.edu.ar","username":"mceballos"}
[2025-02-11T16:27:41.510Z] INFO: Información del usuario adjuntada a la solicitud: {"id":"670fcd293f9c5f4310b80da5","role":"admin","email":"maria.ceballos@davinci.edu.ar","username":"mceballos"}
[2025-02-11T16:27:41.739Z] INFO: Información del usuario adjuntada a la solicitud: {"id":"670fcd293f9c5f4310b80da5","role":"admin","email":"maria.ceballos@davinci.edu.ar","username":"mceballos"}
[2025-02-11T16:27:41.900Z] INFO: Información del usuario adjuntada a la solicitud: {"id":"670fcd293f9c5f4310b80da5","role":"admin","email":"maria.ceballos@davinci.edu.ar","username":"mceballos"}
[2025-02-11T16:27:42.581Z] INFO: Información del usuario adjuntada a la solicitud: {"id":"670fcd293f9c5f4310b80da5","role":"admin","email":"maria.ceballos@davinci.edu.ar","username":"mceballos"}
[2025-02-11T16:27:42.756Z] INFO: Información del usuario adjuntada a la solicitud: {"id":"670fcd293f9c5f4310b80da5","role":"admin","email":"maria.ceballos@davinci.edu.ar","username":"mceballos"}
[2025-02-11T16:27:42.790Z] INFO: Información del usuario adjuntada a la solicitud: {"id":"670fcd293f9c5f4310b80da5","role":"admin","email":"maria.ceballos@davinci.edu.ar","username":"mceballos"}
[2025-02-11T16:27:43.022Z] INFO: Información del usuario adjuntada a la solicitud: {"id":"670fcd293f9c5f4310b80da5","role":"admin","email":"maria.ceballos@davinci.edu.ar","username":"mceballos"}
[2025-02-11T16:27:43.197Z] INFO: Información del usuario adjuntada a la solicitud: {"id":"670fcd293f9c5f4310b80da5","role":"admin","email":"maria.ceballos@davinci.edu.ar","username":"mceballos"}
[2025-02-11T16:27:43.363Z] INFO: Información del usuario adjuntada a la solicitud: {"id":"670fcd293f9c5f4310b80da5","role":"admin","email":"maria.ceballos@davinci.edu.ar","username":"mceballos"}
[2025-02-11T16:27:43.530Z] INFO: Información del usuario adjuntada a la solicitud: {"id":"670fcd293f9c5f4310b80da5","role":"admin","email":"maria.ceballos@davinci.edu.ar","username":"mceballos"}
[2025-02-11T16:27:43.697Z] INFO: Información del usuario adjuntada a la solicitud: {"id":"670fcd293f9c5f4310b80da5","role":"admin","email":"maria.ceballos@davinci.edu.ar","username":"mceballos"}
[2025-02-11T16:27:43.868Z] INFO: Información del usuario adjuntada a la solicitud: {"id":"670fcd293f9c5f4310b80da5","role":"admin","email":"maria.ceballos@davinci.edu.ar","username":"mceballos"}
[2025-02-11T16:27:44.058Z] INFO: Información del usuario adjuntada a la solicitud: {"id":"670fcd293f9c5f4310b80da5","role":"admin","email":"maria.ceballos@davinci.edu.ar","username":"mceballos"}
[2025-02-11T16:27:44.253Z] INFO: Información del usuario adjuntada a la solicitud: {"id":"670fcd293f9c5f4310b80da5","role":"admin","email":"maria.ceballos@davinci.edu.ar","username":"mceballos"}
[2025-02-11T16:27:44.414Z] INFO: Información del usuario adjuntada a la solicitud: {"id":"670fcd293f9c5f4310b80da5","role":"admin","email":"maria.ceballos@davinci.edu.ar","username":"mceballos"}
[2025-02-11T16:27:44.581Z] INFO: Información del usuario adjuntada a la solicitud: {"id":"670fcd293f9c5f4310b80da5","role":"admin","email":"maria.ceballos@davinci.edu.ar","username":"mceballos"}
[2025-02-11T16:27:44.742Z] INFO: Información del usuario adjuntada a la solicitud: {"id":"670fcd293f9c5f4310b80da5","role":"admin","email":"maria.ceballos@davinci.edu.ar","username":"mceballos"}
[2025-02-11T16:27:44.895Z] INFO: Información del usuario adjuntada a la solicitud: {"id":"670fcd293f9c5f4310b80da5","role":"admin","email":"maria.ceballos@davinci.edu.ar","username":"mceballos"}
[2025-02-11T16:27:44.914Z] INFO: Información del usuario adjuntada a la solicitud: {"id":"670fcd293f9c5f4310b80da5","role":"admin","email":"maria.ceballos@davinci.edu.ar","username":"mceballos"}
[2025-02-11T16:27:45.073Z] INFO: Información del usuario adjuntada a la solicitud: {"id":"670fcd293f9c5f4310b80da5","role":"admin","email":"maria.ceballos@davinci.edu.ar","username":"mceballos"}
[2025-02-11T16:27:45.092Z] INFO: Información del usuario adjuntada a la solicitud: {"id":"670fcd293f9c5f4310b80da5","role":"admin","email":"maria.ceballos@davinci.edu.ar","username":"mceballos"}
[2025-02-11T16:27:45.305Z] INFO: Información del usuario adjuntada a la solicitud: {"id":"670fcd293f9c5f4310b80da5","role":"admin","email":"maria.ceballos@davinci.edu.ar","username":"mceballos"}
[2025-02-11T16:27:45.687Z] INFO: Información del usuario adjuntada a la solicitud: {"id":"670fcd293f9c5f4310b80da5","role":"admin","email":"maria.ceballos@davinci.edu.ar","username":"mceballos"}
[2025-02-11T16:27:45.860Z] INFO: Información del usuario adjuntada a la solicitud: {"id":"670fcd293f9c5f4310b80da5","role":"admin","email":"maria.ceballos@davinci.edu.ar","username":"mceballos"}
[2025-02-11T16:27:46.050Z] INFO: Información del usuario adjuntada a la solicitud: {"id":"670fcd293f9c5f4310b80da5","role":"admin","email":"maria.ceballos@davinci.edu.ar","username":"mceballos"}
[2025-02-11T16:27:46.228Z] INFO: Información del usuario adjuntada a la solicitud: {"id":"670fcd293f9c5f4310b80da5","role":"admin","email":"maria.ceballos@davinci.edu.ar","username":"mceballos"}
[2025-02-11T16:27:46.402Z] INFO: Información del usuario adjuntada a la solicitud: {"id":"670fcd293f9c5f4310b80da5","role":"admin","email":"maria.ceballos@davinci.edu.ar","username":"mceballos"}
[2025-02-11T16:27:46.578Z] INFO: Información del usuario adjuntada a la solicitud: {"id":"670fcd293f9c5f4310b80da5","role":"admin","email":"maria.ceballos@davinci.edu.ar","username":"mceballos"}
[2025-02-11T16:27:46.746Z] INFO: Información del usuario adjuntada a la solicitud: {"id":"670fcd293f9c5f4310b80da5","role":"admin","email":"maria.ceballos@davinci.edu.ar","username":"mceballos"}
[2025-02-11T16:27:46.916Z] INFO: Información del usuario adjuntada a la solicitud: {"id":"670fcd293f9c5f4310b80da5","role":"admin","email":"maria.ceballos@davinci.edu.ar","username":"mceballos"}
[2025-02-11T16:27:47.088Z] INFO: Información del usuario adjuntada a la solicitud: {"id":"670fcd293f9c5f4310b80da5","role":"admin","email":"maria.ceballos@davinci.edu.ar","username":"mceballos"}
[2025-02-11T16:27:47.252Z] INFO: Información del usuario adjuntada a la solicitud: {"id":"670fcd293f9c5f4310b80da5","role":"admin","email":"maria.ceballos@davinci.edu.ar","username":"mceballos"}
[2025-02-11T16:27:47.425Z] INFO: Información del usuario adjuntada a la solicitud: {"id":"670fcd293f9c5f4310b80da5","role":"admin","email":"maria.ceballos@davinci.edu.ar","username":"mceballos"}
[2025-02-11T16:27:47.600Z] INFO: Información del usuario adjuntada a la solicitud: {"id":"670fcd293f9c5f4310b80da5","role":"admin","email":"maria.ceballos@davinci.edu.ar","username":"mceballos"}
[2025-02-11T16:27:47.759Z] INFO: Información del usuario adjuntada a la solicitud: {"id":"670fcd293f9c5f4310b80da5","role":"admin","email":"maria.ceballos@davinci.edu.ar","username":"mceballos"}
[2025-02-11T16:27:47.941Z] INFO: Información del usuario adjuntada a la solicitud: {"id":"670fcd293f9c5f4310b80da5","role":"admin","email":"maria.ceballos@davinci.edu.ar","username":"mceballos"}
[2025-02-11T16:27:48.107Z] INFO: Información del usuario adjuntada a la solicitud: {"id":"670fcd293f9c5f4310b80da5","role":"admin","email":"maria.ceballos@davinci.edu.ar","username":"mceballos"}
[2025-02-11T16:27:48.278Z] INFO: Información del usuario adjuntada a la solicitud: {"id":"670fcd293f9c5f4310b80da5","role":"admin","email":"maria.ceballos@davinci.edu.ar","username":"mceballos"}
[2025-02-11T16:27:48.452Z] INFO: Información del usuario adjuntada a la solicitud: {"id":"670fcd293f9c5f4310b80da5","role":"admin","email":"maria.ceballos@davinci.edu.ar","username":"mceballos"}
[2025-02-11T16:27:52.083Z] INFO: Información del usuario adjuntada a la solicitud: {"id":"670fcd293f9c5f4310b80da5","role":"admin","email":"maria.ceballos@davinci.edu.ar","username":"mceballos"}
[2025-02-11T16:27:55.896Z] INFO: Información del usuario adjuntada a la solicitud: {"id":"670fcd293f9c5f4310b80da5","role":"admin","email":"maria.ceballos@davinci.edu.ar","username":"mceballos"}
[2025-02-11T16:27:56.078Z] INFO: Información del usuario adjuntada a la solicitud: {"id":"670fcd293f9c5f4310b80da5","role":"admin","email":"maria.ceballos@davinci.edu.ar","username":"mceballos"}
[2025-02-11T16:27:56.131Z] INFO: Información del usuario adjuntada a la solicitud: {"id":"670fcd293f9c5f4310b80da5","role":"admin","email":"maria.ceballos@davinci.edu.ar","username":"mceballos"}
[2025-02-11T16:27:56.313Z] INFO: Información del usuario adjuntada a la solicitud: {"id":"670fcd293f9c5f4310b80da5","role":"admin","email":"maria.ceballos@davinci.edu.ar","username":"mceballos"}
[2025-02-11T16:27:56.369Z] INFO: Información del usuario adjuntada a la solicitud: {"id":"670fcd293f9c5f4310b80da5","role":"admin","email":"maria.ceballos@davinci.edu.ar","username":"mceballos"}
[2025-02-11T16:27:56.505Z] INFO: Información del usuario adjuntada a la solicitud: {"id":"670fcd293f9c5f4310b80da5","role":"admin","email":"maria.ceballos@davinci.edu.ar","username":"mceballos"}
[2025-02-11T16:27:56.552Z] INFO: Información del usuario adjuntada a la solicitud: {"id":"670fcd293f9c5f4310b80da5","role":"admin","email":"maria.ceballos@davinci.edu.ar","username":"mceballos"}
[2025-02-11T16:27:56.735Z] INFO: Información del usuario adjuntada a la solicitud: {"id":"670fcd293f9c5f4310b80da5","role":"admin","email":"maria.ceballos@davinci.edu.ar","username":"mceballos"}
[2025-02-11T16:27:56.893Z] INFO: Información del usuario adjuntada a la solicitud: {"id":"670fcd293f9c5f4310b80da5","role":"admin","email":"maria.ceballos@davinci.edu.ar","username":"mceballos"}
[2025-02-11T16:27:57.055Z] INFO: Información del usuario adjuntada a la solicitud: {"id":"670fcd293f9c5f4310b80da5","role":"admin","email":"maria.ceballos@davinci.edu.ar","username":"mceballos"}
[2025-02-11T16:27:57.227Z] INFO: Información del usuario adjuntada a la solicitud: {"id":"670fcd293f9c5f4310b80da5","role":"admin","email":"maria.ceballos@davinci.edu.ar","username":"mceballos"}
[2025-02-11T16:27:57.409Z] INFO: Información del usuario adjuntada a la solicitud: {"id":"670fcd293f9c5f4310b80da5","role":"admin","email":"maria.ceballos@davinci.edu.ar","username":"mceballos"}
[2025-02-11T16:27:57.569Z] INFO: Información del usuario adjuntada a la solicitud: {"id":"670fcd293f9c5f4310b80da5","role":"admin","email":"maria.ceballos@davinci.edu.ar","username":"mceballos"}
[2025-02-11T16:27:57.736Z] INFO: Información del usuario adjuntada a la solicitud: {"id":"670fcd293f9c5f4310b80da5","role":"admin","email":"maria.ceballos@davinci.edu.ar","username":"mceballos"}
[2025-02-11T16:27:57.935Z] INFO: Información del usuario adjuntada a la solicitud: {"id":"670fcd293f9c5f4310b80da5","role":"admin","email":"maria.ceballos@davinci.edu.ar","username":"mceballos"}
[2025-02-11T16:27:58.106Z] INFO: Información del usuario adjuntada a la solicitud: {"id":"670fcd293f9c5f4310b80da5","role":"admin","email":"maria.ceballos@davinci.edu.ar","username":"mceballos"}
[2025-02-11T16:27:58.307Z] INFO: Información del usuario adjuntada a la solicitud: {"id":"670fcd293f9c5f4310b80da5","role":"admin","email":"maria.ceballos@davinci.edu.ar","username":"mceballos"}
[2025-02-11T16:27:58.475Z] INFO: Información del usuario adjuntada a la solicitud: {"id":"670fcd293f9c5f4310b80da5","role":"admin","email":"maria.ceballos@davinci.edu.ar","username":"mceballos"}
[2025-02-11T16:27:58.647Z] INFO: Información del usuario adjuntada a la solicitud: {"id":"670fcd293f9c5f4310b80da5","role":"admin","email":"maria.ceballos@davinci.edu.ar","username":"mceballos"}
[2025-02-11T16:27:58.815Z] INFO: Información del usuario adjuntada a la solicitud: {"id":"670fcd293f9c5f4310b80da5","role":"admin","email":"maria.ceballos@davinci.edu.ar","username":"mceballos"}
[2025-02-11T16:27:58.994Z] INFO: Información del usuario adjuntada a la solicitud: {"id":"670fcd293f9c5f4310b80da5","role":"admin","email":"maria.ceballos@davinci.edu.ar","username":"mceballos"}
[2025-02-11T16:27:59.158Z] INFO: Información del usuario adjuntada a la solicitud: {"id":"670fcd293f9c5f4310b80da5","role":"admin","email":"maria.ceballos@davinci.edu.ar","username":"mceballos"}
[2025-02-11T16:27:59.401Z] INFO: Información del usuario adjuntada a la solicitud: {"id":"670fcd293f9c5f4310b80da5","role":"admin","email":"maria.ceballos@davinci.edu.ar","username":"mceballos"}
[2025-02-11T16:27:59.595Z] INFO: Información del usuario adjuntada a la solicitud: {"id":"670fcd293f9c5f4310b80da5","role":"admin","email":"maria.ceballos@davinci.edu.ar","username":"mceballos"}
[2025-02-11T16:27:59.843Z] INFO: Información del usuario adjuntada a la solicitud: {"id":"670fcd293f9c5f4310b80da5","role":"admin","email":"maria.ceballos@davinci.edu.ar","username":"mceballos"}
[2025-02-11T16:27:59.947Z] INFO: Información del usuario adjuntada a la solicitud: {"id":"670fcd293f9c5f4310b80da5","role":"admin","email":"maria.ceballos@davinci.edu.ar","username":"mceballos"}
[2025-02-11T16:27:59.948Z] INFO: Información del usuario adjuntada a la solicitud: {"id":"670fcd293f9c5f4310b80da5","role":"admin","email":"maria.ceballos@davinci.edu.ar","username":"mceballos"}
[2025-02-11T16:28:00.046Z] INFO: Información del usuario adjuntada a la solicitud: {"id":"670fcd293f9c5f4310b80da5","role":"admin","email":"maria.ceballos@davinci.edu.ar","username":"mceballos"}
[2025-02-11T16:28:00.052Z] INFO: Información del usuario adjuntada a la solicitud: {"id":"670fcd293f9c5f4310b80da5","role":"admin","email":"maria.ceballos@davinci.edu.ar","username":"mceballos"}
[2025-02-11T16:28:00.069Z] INFO: Información del usuario adjuntada a la solicitud: {"id":"670fcd293f9c5f4310b80da5","role":"admin","email":"maria.ceballos@davinci.edu.ar","username":"mceballos"}
[2025-02-11T16:28:00.203Z] INFO: Información del usuario adjuntada a la solicitud: {"id":"670fcd293f9c5f4310b80da5","role":"admin","email":"maria.ceballos@davinci.edu.ar","username":"mceballos"}
[2025-02-11T16:28:00.358Z] INFO: Información del usuario adjuntada a la solicitud: {"id":"670fcd293f9c5f4310b80da5","role":"admin","email":"maria.ceballos@davinci.edu.ar","username":"mceballos"}
[2025-02-11T16:28:00.525Z] INFO: Información del usuario adjuntada a la solicitud: {"id":"670fcd293f9c5f4310b80da5","role":"admin","email":"maria.ceballos@davinci.edu.ar","username":"mceballos"}
[2025-02-11T16:28:00.683Z] INFO: Información del usuario adjuntada a la solicitud: {"id":"670fcd293f9c5f4310b80da5","role":"admin","email":"maria.ceballos@davinci.edu.ar","username":"mceballos"}
[2025-02-11T16:28:00.849Z] INFO: Información del usuario adjuntada a la solicitud: {"id":"670fcd293f9c5f4310b80da5","role":"admin","email":"maria.ceballos@davinci.edu.ar","username":"mceballos"}
[2025-02-11T16:28:01.021Z] INFO: Información del usuario adjuntada a la solicitud: {"id":"670fcd293f9c5f4310b80da5","role":"admin","email":"maria.ceballos@davinci.edu.ar","username":"mceballos"}
[2025-02-11T16:28:01.192Z] INFO: Información del usuario adjuntada a la solicitud: {"id":"670fcd293f9c5f4310b80da5","role":"admin","email":"maria.ceballos@davinci.edu.ar","username":"mceballos"}
[2025-02-11T16:28:01.253Z] INFO: Información del usuario adjuntada a la solicitud: {"id":"670fcd293f9c5f4310b80da5","role":"admin","email":"maria.ceballos@davinci.edu.ar","username":"mceballos"}
[2025-02-11T16:28:01.375Z] INFO: Información del usuario adjuntada a la solicitud: {"id":"670fcd293f9c5f4310b80da5","role":"admin","email":"maria.ceballos@davinci.edu.ar","username":"mceballos"}
[2025-02-11T16:28:01.448Z] INFO: Información del usuario adjuntada a la solicitud: {"id":"670fcd293f9c5f4310b80da5","role":"admin","email":"maria.ceballos@davinci.edu.ar","username":"mceballos"}
[2025-02-11T16:28:01.672Z] INFO: Información del usuario adjuntada a la solicitud: {"id":"670fcd293f9c5f4310b80da5","role":"admin","email":"maria.ceballos@davinci.edu.ar","username":"mceballos"}
[2025-02-11T16:28:01.757Z] INFO: Información del usuario adjuntada a la solicitud: {"id":"670fcd293f9c5f4310b80da5","role":"admin","email":"maria.ceballos@davinci.edu.ar","username":"mceballos"}
[2025-02-11T16:28:01.854Z] INFO: Información del usuario adjuntada a la solicitud: {"id":"670fcd293f9c5f4310b80da5","role":"admin","email":"maria.ceballos@davinci.edu.ar","username":"mceballos"}
[2025-02-11T16:28:01.934Z] INFO: Información del usuario adjuntada a la solicitud: {"id":"670fcd293f9c5f4310b80da5","role":"admin","email":"maria.ceballos@davinci.edu.ar","username":"mceballos"}
[2025-02-11T16:28:02.026Z] INFO: Información del usuario adjuntada a la solicitud: {"id":"670fcd293f9c5f4310b80da5","role":"admin","email":"maria.ceballos@davinci.edu.ar","username":"mceballos"}
[2025-02-11T16:28:02.194Z] INFO: Información del usuario adjuntada a la solicitud: {"id":"670fcd293f9c5f4310b80da5","role":"admin","email":"maria.ceballos@davinci.edu.ar","username":"mceballos"}
[2025-02-11T16:28:02.380Z] INFO: Información del usuario adjuntada a la solicitud: {"id":"670fcd293f9c5f4310b80da5","role":"admin","email":"maria.ceballos@davinci.edu.ar","username":"mceballos"}
[2025-02-11T16:28:02.548Z] INFO: Información del usuario adjuntada a la solicitud: {"id":"670fcd293f9c5f4310b80da5","role":"admin","email":"maria.ceballos@davinci.edu.ar","username":"mceballos"}
[2025-02-11T16:28:02.724Z] INFO: Información del usuario adjuntada a la solicitud: {"id":"670fcd293f9c5f4310b80da5","role":"admin","email":"maria.ceballos@davinci.edu.ar","username":"mceballos"}
[2025-02-11T16:28:02.893Z] INFO: Información del usuario adjuntada a la solicitud: {"id":"670fcd293f9c5f4310b80da5","role":"admin","email":"maria.ceballos@davinci.edu.ar","username":"mceballos"}
[2025-02-11T16:28:03.048Z] INFO: Información del usuario adjuntada a la solicitud: {"id":"670fcd293f9c5f4310b80da5","role":"admin","email":"maria.ceballos@davinci.edu.ar","username":"mceballos"}
[2025-02-11T16:28:03.222Z] INFO: Información del usuario adjuntada a la solicitud: {"id":"670fcd293f9c5f4310b80da5","role":"admin","email":"maria.ceballos@davinci.edu.ar","username":"mceballos"}
[2025-02-11T16:28:03.402Z] INFO: Información del usuario adjuntada a la solicitud: {"id":"670fcd293f9c5f4310b80da5","role":"admin","email":"maria.ceballos@davinci.edu.ar","username":"mceballos"}
[2025-02-11T16:28:03.583Z] INFO: Información del usuario adjuntada a la solicitud: {"id":"670fcd293f9c5f4310b80da5","role":"admin","email":"maria.ceballos@davinci.edu.ar","username":"mceballos"}
[2025-02-11T16:28:03.742Z] INFO: Información del usuario adjuntada a la solicitud: {"id":"670fcd293f9c5f4310b80da5","role":"admin","email":"maria.ceballos@davinci.edu.ar","username":"mceballos"}
[2025-02-11T16:28:03.935Z] INFO: Información del usuario adjuntada a la solicitud: {"id":"670fcd293f9c5f4310b80da5","role":"admin","email":"maria.ceballos@davinci.edu.ar","username":"mceballos"}
[2025-02-11T16:28:04.118Z] INFO: Información del usuario adjuntada a la solicitud: {"id":"670fcd293f9c5f4310b80da5","role":"admin","email":"maria.ceballos@davinci.edu.ar","username":"mceballos"}
[2025-02-11T16:28:04.294Z] INFO: Información del usuario adjuntada a la solicitud: {"id":"670fcd293f9c5f4310b80da5","role":"admin","email":"maria.ceballos@davinci.edu.ar","username":"mceballos"}
[2025-02-11T16:28:04.463Z] INFO: Información del usuario adjuntada a la solicitud: {"id":"670fcd293f9c5f4310b80da5","role":"admin","email":"maria.ceballos@davinci.edu.ar","username":"mceballos"}
[2025-02-11T16:28:04.631Z] INFO: Información del usuario adjuntada a la solicitud: {"id":"670fcd293f9c5f4310b80da5","role":"admin","email":"maria.ceballos@davinci.edu.ar","username":"mceballos"}
[2025-02-11T16:28:04.800Z] INFO: Información del usuario adjuntada a la solicitud: {"id":"670fcd293f9c5f4310b80da5","role":"admin","email":"maria.ceballos@davinci.edu.ar","username":"mceballos"}
[2025-02-11T16:28:04.984Z] INFO: Información del usuario adjuntada a la solicitud: {"id":"670fcd293f9c5f4310b80da5","role":"admin","email":"maria.ceballos@davinci.edu.ar","username":"mceballos"}
[2025-02-11T16:28:05.152Z] INFO: Información del usuario adjuntada a la solicitud: {"id":"670fcd293f9c5f4310b80da5","role":"admin","email":"maria.ceballos@davinci.edu.ar","username":"mceballos"}
[2025-02-11T16:28:05.373Z] INFO: Información del usuario adjuntada a la solicitud: {"id":"670fcd293f9c5f4310b80da5","role":"admin","email":"maria.ceballos@davinci.edu.ar","username":"mceballos"}
[2025-02-11T16:28:05.546Z] INFO: Información del usuario adjuntada a la solicitud: {"id":"670fcd293f9c5f4310b80da5","role":"admin","email":"maria.ceballos@davinci.edu.ar","username":"mceballos"}
[2025-02-11T16:28:05.743Z] INFO: Información del usuario adjuntada a la solicitud: {"id":"670fcd293f9c5f4310b80da5","role":"admin","email":"maria.ceballos@davinci.edu.ar","username":"mceballos"}
[2025-02-11T16:28:05.909Z] INFO: Información del usuario adjuntada a la solicitud: {"id":"670fcd293f9c5f4310b80da5","role":"admin","email":"maria.ceballos@davinci.edu.ar","username":"mceballos"}
[2025-02-11T16:28:06.105Z] INFO: Información del usuario adjuntada a la solicitud: {"id":"670fcd293f9c5f4310b80da5","role":"admin","email":"maria.ceballos@davinci.edu.ar","username":"mceballos"}
[2025-02-11T16:28:06.265Z] INFO: Información del usuario adjuntada a la solicitud: {"id":"670fcd293f9c5f4310b80da5","role":"admin","email":"maria.ceballos@davinci.edu.ar","username":"mceballos"}
[2025-02-11T16:28:06.486Z] INFO: Información del usuario adjuntada a la solicitud: {"id":"670fcd293f9c5f4310b80da5","role":"admin","email":"maria.ceballos@davinci.edu.ar","username":"mceballos"}
[2025-02-11T16:28:06.654Z] INFO: Información del usuario adjuntada a la solicitud: {"id":"670fcd293f9c5f4310b80da5","role":"admin","email":"maria.ceballos@davinci.edu.ar","username":"mceballos"}
[2025-02-11T16:28:06.821Z] INFO: Información del usuario adjuntada a la solicitud: {"id":"670fcd293f9c5f4310b80da5","role":"admin","email":"maria.ceballos@davinci.edu.ar","username":"mceballos"}
[2025-02-11T16:28:06.987Z] INFO: Información del usuario adjuntada a la solicitud: {"id":"670fcd293f9c5f4310b80da5","role":"admin","email":"maria.ceballos@davinci.edu.ar","username":"mceballos"}
[2025-02-11T16:28:07.155Z] INFO: Información del usuario adjuntada a la solicitud: {"id":"670fcd293f9c5f4310b80da5","role":"admin","email":"maria.ceballos@davinci.edu.ar","username":"mceballos"}
[2025-02-11T16:28:07.322Z] INFO: Información del usuario adjuntada a la solicitud: {"id":"670fcd293f9c5f4310b80da5","role":"admin","email":"maria.ceballos@davinci.edu.ar","username":"mceballos"}
[2025-02-11T16:28:07.496Z] INFO: Información del usuario adjuntada a la solicitud: {"id":"670fcd293f9c5f4310b80da5","role":"admin","email":"maria.ceballos@davinci.edu.ar","username":"mceballos"}
[2025-02-11T16:30:59.819Z] INFO: Información del usuario adjuntada a la solicitud: {"id":"670fcd293f9c5f4310b80da5","role":"admin","email":"maria.ceballos@davinci.edu.ar","username":"mceballos"}
[2025-02-11T16:30:59.831Z] INFO: Información del usuario adjuntada a la solicitud: {"id":"670fcd293f9c5f4310b80da5","role":"admin","email":"maria.ceballos@davinci.edu.ar","username":"mceballos"}
[2025-02-11T16:30:59.934Z] INFO: Información del usuario adjuntada a la solicitud: {"id":"670fcd293f9c5f4310b80da5","role":"admin","email":"maria.ceballos@davinci.edu.ar","username":"mceballos"}
[2025-02-11T16:30:59.998Z] INFO: Información del usuario adjuntada a la solicitud: {"id":"670fcd293f9c5f4310b80da5","role":"admin","email":"maria.ceballos@davinci.edu.ar","username":"mceballos"}
[2025-02-11T16:31:00.034Z] WARN: Encabezado de autorización no encontrado.
[2025-02-11T16:31:00.040Z] WARN: Encabezado de autorización no encontrado.
[2025-02-11T16:31:00.047Z] INFO: Información del usuario adjuntada a la solicitud: {"id":"670fcd293f9c5f4310b80da5","role":"admin","email":"maria.ceballos@davinci.edu.ar","username":"mceballos"}
[2025-02-11T16:31:00.093Z] WARN: Encabezado de autorización no encontrado.
[2025-02-11T16:31:00.172Z] WARN: Encabezado de autorización no encontrado.
[2025-02-11T16:31:00.226Z] INFO: Información del usuario adjuntada a la solicitud: {"id":"670fcd293f9c5f4310b80da5","role":"admin","email":"maria.ceballos@davinci.edu.ar","username":"mceballos"}
[2025-02-11T16:31:00.255Z] INFO: Información del usuario adjuntada a la solicitud: {"id":"670fcd293f9c5f4310b80da5","role":"admin","email":"maria.ceballos@davinci.edu.ar","username":"mceballos"}
[2025-02-11T16:31:00.290Z] WARN: Encabezado de autorización no encontrado.
[2025-02-11T16:31:00.378Z] WARN: Encabezado de autorización no encontrado.
[2025-02-11T16:31:00.459Z] WARN: Encabezado de autorización no encontrado.
[2025-02-11T16:31:00.497Z] INFO: Información del usuario adjuntada a la solicitud: {"id":"670fcd293f9c5f4310b80da5","role":"admin","email":"maria.ceballos@davinci.edu.ar","username":"mceballos"}
[2025-02-11T16:31:00.570Z] WARN: Encabezado de autorización no encontrado.
[2025-02-11T16:31:00.659Z] WARN: Encabezado de autorización no encontrado.
[2025-02-11T16:31:00.686Z] WARN: Encabezado de autorización no encontrado.
[2025-02-11T16:31:00.723Z] WARN: Encabezado de autorización no encontrado.
[2025-02-11T16:31:00.743Z] WARN: Encabezado de autorización no encontrado.
[2025-02-11T16:31:00.776Z] WARN: Encabezado de autorización no encontrado.
[2025-02-11T16:31:00.790Z] WARN: Encabezado de autorización no encontrado.
[2025-02-11T16:31:00.800Z] WARN: Encabezado de autorización no encontrado.
[2025-02-11T16:31:00.801Z] WARN: Encabezado de autorización no encontrado.
[2025-02-11T16:31:00.804Z] WARN: Encabezado de autorización no encontrado.
[2025-02-11T16:31:00.806Z] WARN: Encabezado de autorización no encontrado.
[2025-02-11T16:31:00.808Z] WARN: Encabezado de autorización no encontrado.
[2025-02-11T16:31:00.810Z] WARN: Encabezado de autorización no encontrado.
[2025-02-11T16:31:00.812Z] WARN: Encabezado de autorización no encontrado.
[2025-02-11T16:31:00.813Z] WARN: Encabezado de autorización no encontrado.
[2025-02-11T16:31:00.815Z] WARN: Encabezado de autorización no encontrado.
[2025-02-11T16:31:00.817Z] WARN: Encabezado de autorización no encontrado.
[2025-02-11T16:31:00.819Z] WARN: Encabezado de autorización no encontrado.
[2025-02-11T16:31:00.821Z] WARN: Encabezado de autorización no encontrado.
[2025-02-11T16:31:00.822Z] WARN: Encabezado de autorización no encontrado.
[2025-02-11T16:31:00.824Z] WARN: Encabezado de autorización no encontrado.
[2025-02-11T16:31:00.826Z] WARN: Encabezado de autorización no encontrado.
[2025-02-11T16:31:00.828Z] WARN: Encabezado de autorización no encontrado.
[2025-02-11T16:31:00.830Z] WARN: Encabezado de autorización no encontrado.
[2025-02-11T16:31:00.831Z] WARN: Encabezado de autorización no encontrado.
[2025-02-11T16:31:00.833Z] WARN: Encabezado de autorización no encontrado.
[2025-02-11T16:31:00.835Z] WARN: Encabezado de autorización no encontrado.
[2025-02-11T16:31:00.838Z] WARN: Encabezado de autorización no encontrado.
[2025-02-11T16:31:00.840Z] WARN: Encabezado de autorización no encontrado.
[2025-02-11T16:31:00.841Z] WARN: Encabezado de autorización no encontrado.
[2025-02-11T16:31:00.842Z] WARN: Encabezado de autorización no encontrado.
[2025-02-11T16:31:00.844Z] WARN: Encabezado de autorización no encontrado.
[2025-02-11T16:31:00.846Z] WARN: Encabezado de autorización no encontrado.
[2025-02-11T16:31:00.847Z] WARN: Encabezado de autorización no encontrado.
[2025-02-11T16:31:00.849Z] WARN: Encabezado de autorización no encontrado.
[2025-02-11T16:31:00.851Z] WARN: Encabezado de autorización no encontrado.
[2025-02-11T16:31:00.853Z] WARN: Encabezado de autorización no encontrado.
[2025-02-11T16:31:00.855Z] WARN: Encabezado de autorización no encontrado.
[2025-02-11T16:31:00.857Z] WARN: Encabezado de autorización no encontrado.
[2025-02-11T16:31:00.859Z] WARN: Encabezado de autorización no encontrado.
[2025-02-11T16:31:00.861Z] WARN: Encabezado de autorización no encontrado.
[2025-02-11T16:31:00.863Z] WARN: Encabezado de autorización no encontrado.
[2025-02-11T16:31:00.864Z] WARN: Encabezado de autorización no encontrado.
[2025-02-11T16:31:00.868Z] WARN: Encabezado de autorización no encontrado.
[2025-02-11T16:31:00.872Z] WARN: Encabezado de autorización no encontrado.
[2025-02-11T16:31:00.874Z] WARN: Encabezado de autorización no encontrado.
[2025-02-11T16:31:00.876Z] WARN: Encabezado de autorización no encontrado.
[2025-02-11T16:31:00.877Z] WARN: Encabezado de autorización no encontrado.
[2025-02-11T16:31:00.879Z] WARN: Encabezado de autorización no encontrado.
[2025-02-11T16:31:00.881Z] WARN: Encabezado de autorización no encontrado.
[2025-02-11T16:31:00.883Z] WARN: Encabezado de autorización no encontrado.
[2025-02-11T16:31:00.884Z] WARN: Encabezado de autorización no encontrado.
[2025-02-11T16:31:00.886Z] WARN: Encabezado de autorización no encontrado.
[2025-02-11T16:31:00.888Z] WARN: Encabezado de autorización no encontrado.
[2025-02-11T16:31:00.890Z] WARN: Encabezado de autorización no encontrado.
[2025-02-11T16:31:00.892Z] WARN: Encabezado de autorización no encontrado.
[2025-02-11T16:31:00.894Z] WARN: Encabezado de autorización no encontrado.
[2025-02-11T16:31:00.896Z] WARN: Encabezado de autorización no encontrado.
[2025-02-11T16:31:00.898Z] WARN: Encabezado de autorización no encontrado.
[2025-02-11T16:31:00.900Z] WARN: Encabezado de autorización no encontrado.
[2025-02-11T16:31:00.902Z] WARN: Encabezado de autorización no encontrado.
[2025-02-11T16:31:00.903Z] WARN: Encabezado de autorización no encontrado.
[2025-02-11T16:31:00.905Z] WARN: Encabezado de autorización no encontrado.
[2025-02-11T16:31:00.907Z] WARN: Encabezado de autorización no encontrado.
[2025-02-11T16:31:00.910Z] WARN: Encabezado de autorización no encontrado.
[2025-02-11T16:31:00.911Z] WARN: Encabezado de autorización no encontrado.
[2025-02-11T16:31:00.913Z] WARN: Encabezado de autorización no encontrado.
[2025-02-11T16:31:00.915Z] WARN: Encabezado de autorización no encontrado.
[2025-02-11T16:31:00.917Z] WARN: Encabezado de autorización no encontrado.
[2025-02-11T16:31:00.918Z] WARN: Encabezado de autorización no encontrado.
[2025-02-11T16:31:00.920Z] WARN: Encabezado de autorización no encontrado.
[2025-02-11T16:31:00.922Z] WARN: Encabezado de autorización no encontrado.
[2025-02-11T16:31:00.925Z] WARN: Encabezado de autorización no encontrado.
[2025-02-11T16:31:00.927Z] WARN: Encabezado de autorización no encontrado.
[2025-02-11T16:31:00.930Z] WARN: Encabezado de autorización no encontrado.
[2025-02-11T16:31:00.932Z] WARN: Encabezado de autorización no encontrado.
[2025-02-11T16:31:00.934Z] WARN: Encabezado de autorización no encontrado.
[2025-02-11T16:31:00.936Z] WARN: Encabezado de autorización no encontrado.
[2025-02-11T16:31:00.938Z] WARN: Encabezado de autorización no encontrado.
[2025-02-11T16:31:00.940Z] WARN: Encabezado de autorización no encontrado.
[2025-02-11T16:31:00.942Z] WARN: Encabezado de autorización no encontrado.
[2025-02-11T16:31:00.944Z] WARN: Encabezado de autorización no encontrado.
[2025-02-11T16:31:00.946Z] WARN: Encabezado de autorización no encontrado.
[2025-02-11T16:31:00.948Z] WARN: Encabezado de autorización no encontrado.
[2025-02-11T16:31:00.950Z] WARN: Encabezado de autorización no encontrado.
[2025-02-11T16:31:00.952Z] WARN: Encabezado de autorización no encontrado.
[2025-02-11T16:31:00.954Z] WARN: Encabezado de autorización no encontrado.
[2025-02-11T16:31:00.956Z] WARN: Encabezado de autorización no encontrado.
[2025-02-11T16:31:00.957Z] WARN: Encabezado de autorización no encontrado.
[2025-02-11T16:31:00.959Z] WARN: Encabezado de autorización no encontrado.
[2025-02-11T16:31:00.961Z] WARN: Encabezado de autorización no encontrado.
[2025-02-11T16:31:00.963Z] WARN: Encabezado de autorización no encontrado.
[2025-02-11T16:31:00.965Z] WARN: Encabezado de autorización no encontrado.
[2025-02-11T16:31:00.966Z] WARN: Encabezado de autorización no encontrado.
[2025-02-11T16:31:00.968Z] WARN: Encabezado de autorización no encontrado.
[2025-02-11T16:31:00.970Z] WARN: Encabezado de autorización no encontrado.
[2025-02-11T16:31:00.973Z] WARN: Encabezado de autorización no encontrado.
[2025-02-11T16:31:00.974Z] WARN: Encabezado de autorización no encontrado.
[2025-02-11T16:31:00.976Z] WARN: Encabezado de autorización no encontrado.
[2025-02-11T16:31:00.978Z] WARN: Encabezado de autorización no encontrado.
[2025-02-11T16:31:00.980Z] WARN: Encabezado de autorización no encontrado.
[2025-02-11T16:34:27.899Z] INFO: Usuario encontrado: mceballos
[2025-02-11T16:34:27.960Z] INFO: Token generado para usuario: mceballos
[2025-02-11T16:34:28.025Z] INFO: Información del usuario adjuntada a la solicitud: {"id":"670fcd293f9c5f4310b80da5","role":"admin","email":"maria.ceballos@davinci.edu.ar","username":"mceballos"}
[2025-02-11T16:34:28.151Z] INFO: Información del usuario adjuntada a la solicitud: {"id":"670fcd293f9c5f4310b80da5","role":"admin","email":"maria.ceballos@davinci.edu.ar","username":"mceballos"}
[2025-02-11T16:34:30.068Z] INFO: Información del usuario adjuntada a la solicitud: {"id":"670fcd293f9c5f4310b80da5","role":"admin","email":"maria.ceballos@davinci.edu.ar","username":"mceballos"}
[2025-02-11T16:34:30.245Z] INFO: Información del usuario adjuntada a la solicitud: {"id":"670fcd293f9c5f4310b80da5","role":"admin","email":"maria.ceballos@davinci.edu.ar","username":"mceballos"}
[2025-02-11T16:34:30.301Z] INFO: Información del usuario adjuntada a la solicitud: {"id":"670fcd293f9c5f4310b80da5","role":"admin","email":"maria.ceballos@davinci.edu.ar","username":"mceballos"}
[2025-02-11T16:34:30.563Z] INFO: Información del usuario adjuntada a la solicitud: {"id":"670fcd293f9c5f4310b80da5","role":"admin","email":"maria.ceballos@davinci.edu.ar","username":"mceballos"}
[2025-02-11T16:34:30.576Z] INFO: Información del usuario adjuntada a la solicitud: {"id":"670fcd293f9c5f4310b80da5","role":"admin","email":"maria.ceballos@davinci.edu.ar","username":"mceballos"}
[2025-02-11T16:34:30.746Z] INFO: Información del usuario adjuntada a la solicitud: {"id":"670fcd293f9c5f4310b80da5","role":"admin","email":"maria.ceballos@davinci.edu.ar","username":"mceballos"}
[2025-02-11T16:34:30.756Z] INFO: Información del usuario adjuntada a la solicitud: {"id":"670fcd293f9c5f4310b80da5","role":"admin","email":"maria.ceballos@davinci.edu.ar","username":"mceballos"}
[2025-02-11T16:34:30.948Z] INFO: Información del usuario adjuntada a la solicitud: {"id":"670fcd293f9c5f4310b80da5","role":"admin","email":"maria.ceballos@davinci.edu.ar","username":"mceballos"}
[2025-02-11T16:34:31.165Z] INFO: Información del usuario adjuntada a la solicitud: {"id":"670fcd293f9c5f4310b80da5","role":"admin","email":"maria.ceballos@davinci.edu.ar","username":"mceballos"}
[2025-02-11T16:34:31.336Z] INFO: Información del usuario adjuntada a la solicitud: {"id":"670fcd293f9c5f4310b80da5","role":"admin","email":"maria.ceballos@davinci.edu.ar","username":"mceballos"}
[2025-02-11T16:34:31.538Z] INFO: Información del usuario adjuntada a la solicitud: {"id":"670fcd293f9c5f4310b80da5","role":"admin","email":"maria.ceballos@davinci.edu.ar","username":"mceballos"}
[2025-02-11T16:34:31.772Z] INFO: Información del usuario adjuntada a la solicitud: {"id":"670fcd293f9c5f4310b80da5","role":"admin","email":"maria.ceballos@davinci.edu.ar","username":"mceballos"}
[2025-02-11T16:34:31.987Z] INFO: Información del usuario adjuntada a la solicitud: {"id":"670fcd293f9c5f4310b80da5","role":"admin","email":"maria.ceballos@davinci.edu.ar","username":"mceballos"}
[2025-02-11T16:34:32.150Z] INFO: Información del usuario adjuntada a la solicitud: {"id":"670fcd293f9c5f4310b80da5","role":"admin","email":"maria.ceballos@davinci.edu.ar","username":"mceballos"}
[2025-02-11T16:34:32.401Z] INFO: Información del usuario adjuntada a la solicitud: {"id":"670fcd293f9c5f4310b80da5","role":"admin","email":"maria.ceballos@davinci.edu.ar","username":"mceballos"}
[2025-02-11T16:34:32.594Z] INFO: Información del usuario adjuntada a la solicitud: {"id":"670fcd293f9c5f4310b80da5","role":"admin","email":"maria.ceballos@davinci.edu.ar","username":"mceballos"}
[2025-02-11T16:34:32.788Z] INFO: Información del usuario adjuntada a la solicitud: {"id":"670fcd293f9c5f4310b80da5","role":"admin","email":"maria.ceballos@davinci.edu.ar","username":"mceballos"}
[2025-02-11T16:34:32.976Z] INFO: Información del usuario adjuntada a la solicitud: {"id":"670fcd293f9c5f4310b80da5","role":"admin","email":"maria.ceballos@davinci.edu.ar","username":"mceballos"}
[2025-02-11T16:34:33.178Z] INFO: Información del usuario adjuntada a la solicitud: {"id":"670fcd293f9c5f4310b80da5","role":"admin","email":"maria.ceballos@davinci.edu.ar","username":"mceballos"}
[2025-02-11T16:34:33.462Z] INFO: Información del usuario adjuntada a la solicitud: {"id":"670fcd293f9c5f4310b80da5","role":"admin","email":"maria.ceballos@davinci.edu.ar","username":"mceballos"}
[2025-02-11T16:34:33.656Z] INFO: Información del usuario adjuntada a la solicitud: {"id":"670fcd293f9c5f4310b80da5","role":"admin","email":"maria.ceballos@davinci.edu.ar","username":"mceballos"}
[2025-02-11T16:34:33.857Z] INFO: Información del usuario adjuntada a la solicitud: {"id":"670fcd293f9c5f4310b80da5","role":"admin","email":"maria.ceballos@davinci.edu.ar","username":"mceballos"}
[2025-02-11T16:34:34.027Z] INFO: Información del usuario adjuntada a la solicitud: {"id":"670fcd293f9c5f4310b80da5","role":"admin","email":"maria.ceballos@davinci.edu.ar","username":"mceballos"}
[2025-02-11T16:34:34.227Z] INFO: Información del usuario adjuntada a la solicitud: {"id":"670fcd293f9c5f4310b80da5","role":"admin","email":"maria.ceballos@davinci.edu.ar","username":"mceballos"}
[2025-02-11T16:34:34.416Z] INFO: Información del usuario adjuntada a la solicitud: {"id":"670fcd293f9c5f4310b80da5","role":"admin","email":"maria.ceballos@davinci.edu.ar","username":"mceballos"}
[2025-02-11T16:34:34.632Z] INFO: Información del usuario adjuntada a la solicitud: {"id":"670fcd293f9c5f4310b80da5","role":"admin","email":"maria.ceballos@davinci.edu.ar","username":"mceballos"}
[2025-02-11T16:34:34.824Z] INFO: Información del usuario adjuntada a la solicitud: {"id":"670fcd293f9c5f4310b80da5","role":"admin","email":"maria.ceballos@davinci.edu.ar","username":"mceballos"}
[2025-02-11T16:34:35.012Z] INFO: Información del usuario adjuntada a la solicitud: {"id":"670fcd293f9c5f4310b80da5","role":"admin","email":"maria.ceballos@davinci.edu.ar","username":"mceballos"}
[2025-02-11T16:34:35.013Z] INFO: Información del usuario adjuntada a la solicitud: {"id":"670fcd293f9c5f4310b80da5","role":"admin","email":"maria.ceballos@davinci.edu.ar","username":"mceballos"}
[2025-02-11T16:34:35.195Z] INFO: Información del usuario adjuntada a la solicitud: {"id":"670fcd293f9c5f4310b80da5","role":"admin","email":"maria.ceballos@davinci.edu.ar","username":"mceballos"}
[2025-02-11T16:34:35.198Z] INFO: Información del usuario adjuntada a la solicitud: {"id":"670fcd293f9c5f4310b80da5","role":"admin","email":"maria.ceballos@davinci.edu.ar","username":"mceballos"}
[2025-02-11T16:34:35.439Z] INFO: Información del usuario adjuntada a la solicitud: {"id":"670fcd293f9c5f4310b80da5","role":"admin","email":"maria.ceballos@davinci.edu.ar","username":"mceballos"}
[2025-02-11T16:34:35.611Z] INFO: Información del usuario adjuntada a la solicitud: {"id":"670fcd293f9c5f4310b80da5","role":"admin","email":"maria.ceballos@davinci.edu.ar","username":"mceballos"}
[2025-02-11T16:34:35.799Z] INFO: Información del usuario adjuntada a la solicitud: {"id":"670fcd293f9c5f4310b80da5","role":"admin","email":"maria.ceballos@davinci.edu.ar","username":"mceballos"}
[2025-02-11T16:34:36.010Z] INFO: Información del usuario adjuntada a la solicitud: {"id":"670fcd293f9c5f4310b80da5","role":"admin","email":"maria.ceballos@davinci.edu.ar","username":"mceballos"}
[2025-02-11T16:34:36.249Z] INFO: Información del usuario adjuntada a la solicitud: {"id":"670fcd293f9c5f4310b80da5","role":"admin","email":"maria.ceballos@davinci.edu.ar","username":"mceballos"}
[2025-02-11T16:34:36.452Z] INFO: Información del usuario adjuntada a la solicitud: {"id":"670fcd293f9c5f4310b80da5","role":"admin","email":"maria.ceballos@davinci.edu.ar","username":"mceballos"}
[2025-02-11T16:34:36.624Z] INFO: Información del usuario adjuntada a la solicitud: {"id":"670fcd293f9c5f4310b80da5","role":"admin","email":"maria.ceballos@davinci.edu.ar","username":"mceballos"}
[2025-02-11T16:34:36.798Z] INFO: Información del usuario adjuntada a la solicitud: {"id":"670fcd293f9c5f4310b80da5","role":"admin","email":"maria.ceballos@davinci.edu.ar","username":"mceballos"}
[2025-02-11T16:34:37.005Z] INFO: Información del usuario adjuntada a la solicitud: {"id":"670fcd293f9c5f4310b80da5","role":"admin","email":"maria.ceballos@davinci.edu.ar","username":"mceballos"}
[2025-02-11T16:34:37.206Z] INFO: Información del usuario adjuntada a la solicitud: {"id":"670fcd293f9c5f4310b80da5","role":"admin","email":"maria.ceballos@davinci.edu.ar","username":"mceballos"}
[2025-02-11T16:34:37.378Z] INFO: Información del usuario adjuntada a la solicitud: {"id":"670fcd293f9c5f4310b80da5","role":"admin","email":"maria.ceballos@davinci.edu.ar","username":"mceballos"}
[2025-02-11T16:34:37.403Z] INFO: Información del usuario adjuntada a la solicitud: {"id":"670fcd293f9c5f4310b80da5","role":"admin","email":"maria.ceballos@davinci.edu.ar","username":"mceballos"}
[2025-02-11T16:34:37.622Z] INFO: Información del usuario adjuntada a la solicitud: {"id":"670fcd293f9c5f4310b80da5","role":"admin","email":"maria.ceballos@davinci.edu.ar","username":"mceballos"}
[2025-02-11T16:34:37.623Z] INFO: Información del usuario adjuntada a la solicitud: {"id":"670fcd293f9c5f4310b80da5","role":"admin","email":"maria.ceballos@davinci.edu.ar","username":"mceballos"}
[2025-02-11T16:34:37.856Z] INFO: Información del usuario adjuntada a la solicitud: {"id":"670fcd293f9c5f4310b80da5","role":"admin","email":"maria.ceballos@davinci.edu.ar","username":"mceballos"}
[2025-02-11T16:34:38.035Z] INFO: Información del usuario adjuntada a la solicitud: {"id":"670fcd293f9c5f4310b80da5","role":"admin","email":"maria.ceballos@davinci.edu.ar","username":"mceballos"}
[2025-02-11T16:34:38.211Z] INFO: Información del usuario adjuntada a la solicitud: {"id":"670fcd293f9c5f4310b80da5","role":"admin","email":"maria.ceballos@davinci.edu.ar","username":"mceballos"}
[2025-02-11T16:34:38.388Z] INFO: Información del usuario adjuntada a la solicitud: {"id":"670fcd293f9c5f4310b80da5","role":"admin","email":"maria.ceballos@davinci.edu.ar","username":"mceballos"}
[2025-02-11T16:34:38.570Z] INFO: Información del usuario adjuntada a la solicitud: {"id":"670fcd293f9c5f4310b80da5","role":"admin","email":"maria.ceballos@davinci.edu.ar","username":"mceballos"}
[2025-02-11T16:34:38.735Z] INFO: Información del usuario adjuntada a la solicitud: {"id":"670fcd293f9c5f4310b80da5","role":"admin","email":"maria.ceballos@davinci.edu.ar","username":"mceballos"}
[2025-02-11T16:34:38.901Z] INFO: Información del usuario adjuntada a la solicitud: {"id":"670fcd293f9c5f4310b80da5","role":"admin","email":"maria.ceballos@davinci.edu.ar","username":"mceballos"}
[2025-02-11T16:34:39.091Z] INFO: Información del usuario adjuntada a la solicitud: {"id":"670fcd293f9c5f4310b80da5","role":"admin","email":"maria.ceballos@davinci.edu.ar","username":"mceballos"}
[2025-02-11T16:34:39.153Z] INFO: Información del usuario adjuntada a la solicitud: {"id":"670fcd293f9c5f4310b80da5","role":"admin","email":"maria.ceballos@davinci.edu.ar","username":"mceballos"}
[2025-02-11T16:34:39.154Z] INFO: Información del usuario adjuntada a la solicitud: {"id":"670fcd293f9c5f4310b80da5","role":"admin","email":"maria.ceballos@davinci.edu.ar","username":"mceballos"}
[2025-02-11T16:34:39.342Z] INFO: Información del usuario adjuntada a la solicitud: {"id":"670fcd293f9c5f4310b80da5","role":"admin","email":"maria.ceballos@davinci.edu.ar","username":"mceballos"}
[2025-02-11T16:34:39.355Z] INFO: Información del usuario adjuntada a la solicitud: {"id":"670fcd293f9c5f4310b80da5","role":"admin","email":"maria.ceballos@davinci.edu.ar","username":"mceballos"}
[2025-02-11T16:34:39.356Z] INFO: Información del usuario adjuntada a la solicitud: {"id":"670fcd293f9c5f4310b80da5","role":"admin","email":"maria.ceballos@davinci.edu.ar","username":"mceballos"}
[2025-02-11T16:34:39.524Z] INFO: Información del usuario adjuntada a la solicitud: {"id":"670fcd293f9c5f4310b80da5","role":"admin","email":"maria.ceballos@davinci.edu.ar","username":"mceballos"}
[2025-02-11T16:34:39.720Z] INFO: Información del usuario adjuntada a la solicitud: {"id":"670fcd293f9c5f4310b80da5","role":"admin","email":"maria.ceballos@davinci.edu.ar","username":"mceballos"}
[2025-02-11T16:34:39.896Z] INFO: Información del usuario adjuntada a la solicitud: {"id":"670fcd293f9c5f4310b80da5","role":"admin","email":"maria.ceballos@davinci.edu.ar","username":"mceballos"}
[2025-02-11T16:34:40.062Z] INFO: Información del usuario adjuntada a la solicitud: {"id":"670fcd293f9c5f4310b80da5","role":"admin","email":"maria.ceballos@davinci.edu.ar","username":"mceballos"}
[2025-02-11T16:34:40.274Z] INFO: Información del usuario adjuntada a la solicitud: {"id":"670fcd293f9c5f4310b80da5","role":"admin","email":"maria.ceballos@davinci.edu.ar","username":"mceballos"}
[2025-02-11T16:34:40.418Z] INFO: Información del usuario adjuntada a la solicitud: {"id":"670fcd293f9c5f4310b80da5","role":"admin","email":"maria.ceballos@davinci.edu.ar","username":"mceballos"}
[2025-02-11T16:34:40.446Z] INFO: Información del usuario adjuntada a la solicitud: {"id":"670fcd293f9c5f4310b80da5","role":"admin","email":"maria.ceballos@davinci.edu.ar","username":"mceballos"}
[2025-02-11T16:34:40.537Z] INFO: Información del usuario adjuntada a la solicitud: {"id":"670fcd293f9c5f4310b80da5","role":"admin","email":"maria.ceballos@davinci.edu.ar","username":"mceballos"}
[2025-02-11T16:34:40.616Z] INFO: Información del usuario adjuntada a la solicitud: {"id":"670fcd293f9c5f4310b80da5","role":"admin","email":"maria.ceballos@davinci.edu.ar","username":"mceballos"}
[2025-02-11T16:34:40.796Z] INFO: Información del usuario adjuntada a la solicitud: {"id":"670fcd293f9c5f4310b80da5","role":"admin","email":"maria.ceballos@davinci.edu.ar","username":"mceballos"}
[2025-02-11T16:34:41.074Z] INFO: Información del usuario adjuntada a la solicitud: {"id":"670fcd293f9c5f4310b80da5","role":"admin","email":"maria.ceballos@davinci.edu.ar","username":"mceballos"}
[2025-02-11T16:34:41.239Z] INFO: Información del usuario adjuntada a la solicitud: {"id":"670fcd293f9c5f4310b80da5","role":"admin","email":"maria.ceballos@davinci.edu.ar","username":"mceballos"}
[2025-02-11T16:34:41.406Z] INFO: Información del usuario adjuntada a la solicitud: {"id":"670fcd293f9c5f4310b80da5","role":"admin","email":"maria.ceballos@davinci.edu.ar","username":"mceballos"}
[2025-02-11T16:34:41.414Z] INFO: Información del usuario adjuntada a la solicitud: {"id":"670fcd293f9c5f4310b80da5","role":"admin","email":"maria.ceballos@davinci.edu.ar","username":"mceballos"}
[2025-02-11T16:34:41.605Z] INFO: Información del usuario adjuntada a la solicitud: {"id":"670fcd293f9c5f4310b80da5","role":"admin","email":"maria.ceballos@davinci.edu.ar","username":"mceballos"}
[2025-02-11T16:34:41.607Z] INFO: Información del usuario adjuntada a la solicitud: {"id":"670fcd293f9c5f4310b80da5","role":"admin","email":"maria.ceballos@davinci.edu.ar","username":"mceballos"}
[2025-02-11T16:34:41.965Z] INFO: Información del usuario adjuntada a la solicitud: {"id":"670fcd293f9c5f4310b80da5","role":"admin","email":"maria.ceballos@davinci.edu.ar","username":"mceballos"}
[2025-02-11T16:34:41.966Z] INFO: Información del usuario adjuntada a la solicitud: {"id":"670fcd293f9c5f4310b80da5","role":"admin","email":"maria.ceballos@davinci.edu.ar","username":"mceballos"}
[2025-02-11T16:34:42.190Z] INFO: Información del usuario adjuntada a la solicitud: {"id":"670fcd293f9c5f4310b80da5","role":"admin","email":"maria.ceballos@davinci.edu.ar","username":"mceballos"}
[2025-02-11T16:34:42.226Z] INFO: Información del usuario adjuntada a la solicitud: {"id":"670fcd293f9c5f4310b80da5","role":"admin","email":"maria.ceballos@davinci.edu.ar","username":"mceballos"}
[2025-02-11T16:34:42.369Z] INFO: Información del usuario adjuntada a la solicitud: {"id":"670fcd293f9c5f4310b80da5","role":"admin","email":"maria.ceballos@davinci.edu.ar","username":"mceballos"}
[2025-02-11T16:34:42.600Z] INFO: Información del usuario adjuntada a la solicitud: {"id":"670fcd293f9c5f4310b80da5","role":"admin","email":"maria.ceballos@davinci.edu.ar","username":"mceballos"}
[2025-02-11T16:34:42.790Z] INFO: Información del usuario adjuntada a la solicitud: {"id":"670fcd293f9c5f4310b80da5","role":"admin","email":"maria.ceballos@davinci.edu.ar","username":"mceballos"}
[2025-02-11T16:34:42.976Z] INFO: Información del usuario adjuntada a la solicitud: {"id":"670fcd293f9c5f4310b80da5","role":"admin","email":"maria.ceballos@davinci.edu.ar","username":"mceballos"}
[2025-02-11T16:34:43.219Z] INFO: Información del usuario adjuntada a la solicitud: {"id":"670fcd293f9c5f4310b80da5","role":"admin","email":"maria.ceballos@davinci.edu.ar","username":"mceballos"}
[2025-02-11T16:34:43.395Z] INFO: Información del usuario adjuntada a la solicitud: {"id":"670fcd293f9c5f4310b80da5","role":"admin","email":"maria.ceballos@davinci.edu.ar","username":"mceballos"}
[2025-02-11T16:34:43.595Z] INFO: Información del usuario adjuntada a la solicitud: {"id":"670fcd293f9c5f4310b80da5","role":"admin","email":"maria.ceballos@davinci.edu.ar","username":"mceballos"}
[2025-02-11T16:34:43.822Z] INFO: Información del usuario adjuntada a la solicitud: {"id":"670fcd293f9c5f4310b80da5","role":"admin","email":"maria.ceballos@davinci.edu.ar","username":"mceballos"}
[2025-02-11T16:34:44.054Z] INFO: Información del usuario adjuntada a la solicitud: {"id":"670fcd293f9c5f4310b80da5","role":"admin","email":"maria.ceballos@davinci.edu.ar","username":"mceballos"}
[2025-02-11T16:34:44.284Z] INFO: Información del usuario adjuntada a la solicitud: {"id":"670fcd293f9c5f4310b80da5","role":"admin","email":"maria.ceballos@davinci.edu.ar","username":"mceballos"}
[2025-02-11T16:34:44.515Z] INFO: Información del usuario adjuntada a la solicitud: {"id":"670fcd293f9c5f4310b80da5","role":"admin","email":"maria.ceballos@davinci.edu.ar","username":"mceballos"}
[2025-02-11T16:34:44.714Z] INFO: Información del usuario adjuntada a la solicitud: {"id":"670fcd293f9c5f4310b80da5","role":"admin","email":"maria.ceballos@davinci.edu.ar","username":"mceballos"}
[2025-02-11T16:34:44.919Z] INFO: Información del usuario adjuntada a la solicitud: {"id":"670fcd293f9c5f4310b80da5","role":"admin","email":"maria.ceballos@davinci.edu.ar","username":"mceballos"}
[2025-02-11T16:34:45.117Z] INFO: Información del usuario adjuntada a la solicitud: {"id":"670fcd293f9c5f4310b80da5","role":"admin","email":"maria.ceballos@davinci.edu.ar","username":"mceballos"}
[2025-02-11T16:34:45.360Z] INFO: Información del usuario adjuntada a la solicitud: {"id":"670fcd293f9c5f4310b80da5","role":"admin","email":"maria.ceballos@davinci.edu.ar","username":"mceballos"}
[2025-02-11T16:34:45.593Z] INFO: Información del usuario adjuntada a la solicitud: {"id":"670fcd293f9c5f4310b80da5","role":"admin","email":"maria.ceballos@davinci.edu.ar","username":"mceballos"}
[2025-02-11T16:34:45.818Z] INFO: Información del usuario adjuntada a la solicitud: {"id":"670fcd293f9c5f4310b80da5","role":"admin","email":"maria.ceballos@davinci.edu.ar","username":"mceballos"}
[2025-02-11T16:34:46.020Z] INFO: Información del usuario adjuntada a la solicitud: {"id":"670fcd293f9c5f4310b80da5","role":"admin","email":"maria.ceballos@davinci.edu.ar","username":"mceballos"}
[2025-02-11T16:34:46.214Z] INFO: Información del usuario adjuntada a la solicitud: {"id":"670fcd293f9c5f4310b80da5","role":"admin","email":"maria.ceballos@davinci.edu.ar","username":"mceballos"}
[2025-02-11T16:34:46.395Z] INFO: Información del usuario adjuntada a la solicitud: {"id":"670fcd293f9c5f4310b80da5","role":"admin","email":"maria.ceballos@davinci.edu.ar","username":"mceballos"}
[2025-02-11T16:34:46.560Z] INFO: Información del usuario adjuntada a la solicitud: {"id":"670fcd293f9c5f4310b80da5","role":"admin","email":"maria.ceballos@davinci.edu.ar","username":"mceballos"}
[2025-02-11T16:34:46.722Z] INFO: Información del usuario adjuntada a la solicitud: {"id":"670fcd293f9c5f4310b80da5","role":"admin","email":"maria.ceballos@davinci.edu.ar","username":"mceballos"}
[2025-02-11T16:34:46.898Z] INFO: Información del usuario adjuntada a la solicitud: {"id":"670fcd293f9c5f4310b80da5","role":"admin","email":"maria.ceballos@davinci.edu.ar","username":"mceballos"}
[2025-02-11T16:34:47.121Z] INFO: Información del usuario adjuntada a la solicitud: {"id":"670fcd293f9c5f4310b80da5","role":"admin","email":"maria.ceballos@davinci.edu.ar","username":"mceballos"}
[2025-02-11T16:34:47.307Z] INFO: Información del usuario adjuntada a la solicitud: {"id":"670fcd293f9c5f4310b80da5","role":"admin","email":"maria.ceballos@davinci.edu.ar","username":"mceballos"}
[2025-02-11T16:34:47.492Z] INFO: Información del usuario adjuntada a la solicitud: {"id":"670fcd293f9c5f4310b80da5","role":"admin","email":"maria.ceballos@davinci.edu.ar","username":"mceballos"}
[2025-02-11T16:34:47.696Z] INFO: Información del usuario adjuntada a la solicitud: {"id":"670fcd293f9c5f4310b80da5","role":"admin","email":"maria.ceballos@davinci.edu.ar","username":"mceballos"}
[2025-02-11T16:34:47.910Z] INFO: Información del usuario adjuntada a la solicitud: {"id":"670fcd293f9c5f4310b80da5","role":"admin","email":"maria.ceballos@davinci.edu.ar","username":"mceballos"}
[2025-02-11T16:34:48.069Z] INFO: Información del usuario adjuntada a la solicitud: {"id":"670fcd293f9c5f4310b80da5","role":"admin","email":"maria.ceballos@davinci.edu.ar","username":"mceballos"}
[2025-02-11T16:34:48.553Z] INFO: Información del usuario adjuntada a la solicitud: {"id":"670fcd293f9c5f4310b80da5","role":"admin","email":"maria.ceballos@davinci.edu.ar","username":"mceballos"}
[2025-02-11T16:34:48.781Z] INFO: Información del usuario adjuntada a la solicitud: {"id":"670fcd293f9c5f4310b80da5","role":"admin","email":"maria.ceballos@davinci.edu.ar","username":"mceballos"}
[2025-02-11T16:34:48.961Z] INFO: Información del usuario adjuntada a la solicitud: {"id":"670fcd293f9c5f4310b80da5","role":"admin","email":"maria.ceballos@davinci.edu.ar","username":"mceballos"}
[2025-02-11T16:34:49.130Z] INFO: Información del usuario adjuntada a la solicitud: {"id":"670fcd293f9c5f4310b80da5","role":"admin","email":"maria.ceballos@davinci.edu.ar","username":"mceballos"}
[2025-02-11T16:34:49.300Z] INFO: Información del usuario adjuntada a la solicitud: {"id":"670fcd293f9c5f4310b80da5","role":"admin","email":"maria.ceballos@davinci.edu.ar","username":"mceballos"}
[2025-02-11T20:11:49.910Z] INFO: Usuario encontrado: mceballos
[2025-02-11T20:11:49.968Z] INFO: Token generado para usuario: mceballos
[2025-02-11T20:11:50.042Z] INFO: Información del usuario adjuntada a la solicitud: {"id":"670fcd293f9c5f4310b80da5","role":"admin","email":"maria.ceballos@davinci.edu.ar","username":"mceballos"}
[2025-02-11T20:11:50.159Z] INFO: Información del usuario adjuntada a la solicitud: {"id":"670fcd293f9c5f4310b80da5","role":"admin","email":"maria.ceballos@davinci.edu.ar","username":"mceballos"}
[2025-02-11T20:11:52.061Z] INFO: Información del usuario adjuntada a la solicitud: {"id":"670fcd293f9c5f4310b80da5","role":"admin","email":"maria.ceballos@davinci.edu.ar","username":"mceballos"}
[2025-02-11T20:11:52.247Z] INFO: Información del usuario adjuntada a la solicitud: {"id":"670fcd293f9c5f4310b80da5","role":"admin","email":"maria.ceballos@davinci.edu.ar","username":"mceballos"}
[2025-02-11T20:11:52.278Z] INFO: Información del usuario adjuntada a la solicitud: {"id":"670fcd293f9c5f4310b80da5","role":"admin","email":"maria.ceballos@davinci.edu.ar","username":"mceballos"}
[2025-02-11T20:11:52.520Z] INFO: Información del usuario adjuntada a la solicitud: {"id":"670fcd293f9c5f4310b80da5","role":"admin","email":"maria.ceballos@davinci.edu.ar","username":"mceballos"}
[2025-02-11T20:11:52.586Z] INFO: Información del usuario adjuntada a la solicitud: {"id":"670fcd293f9c5f4310b80da5","role":"admin","email":"maria.ceballos@davinci.edu.ar","username":"mceballos"}
[2025-02-11T20:11:52.782Z] INFO: Información del usuario adjuntada a la solicitud: {"id":"670fcd293f9c5f4310b80da5","role":"admin","email":"maria.ceballos@davinci.edu.ar","username":"mceballos"}
[2025-02-11T20:11:52.851Z] INFO: Información del usuario adjuntada a la solicitud: {"id":"670fcd293f9c5f4310b80da5","role":"admin","email":"maria.ceballos@davinci.edu.ar","username":"mceballos"}
[2025-02-11T20:11:53.026Z] INFO: Información del usuario adjuntada a la solicitud: {"id":"670fcd293f9c5f4310b80da5","role":"admin","email":"maria.ceballos@davinci.edu.ar","username":"mceballos"}
[2025-02-11T20:11:53.184Z] INFO: Información del usuario adjuntada a la solicitud: {"id":"670fcd293f9c5f4310b80da5","role":"admin","email":"maria.ceballos@davinci.edu.ar","username":"mceballos"}
[2025-02-11T20:11:53.351Z] INFO: Información del usuario adjuntada a la solicitud: {"id":"670fcd293f9c5f4310b80da5","role":"admin","email":"maria.ceballos@davinci.edu.ar","username":"mceballos"}
[2025-02-11T20:11:53.524Z] INFO: Información del usuario adjuntada a la solicitud: {"id":"670fcd293f9c5f4310b80da5","role":"admin","email":"maria.ceballos@davinci.edu.ar","username":"mceballos"}
[2025-02-11T20:11:53.688Z] INFO: Información del usuario adjuntada a la solicitud: {"id":"670fcd293f9c5f4310b80da5","role":"admin","email":"maria.ceballos@davinci.edu.ar","username":"mceballos"}
[2025-02-11T20:11:53.873Z] INFO: Información del usuario adjuntada a la solicitud: {"id":"670fcd293f9c5f4310b80da5","role":"admin","email":"maria.ceballos@davinci.edu.ar","username":"mceballos"}
[2025-02-11T20:11:54.034Z] INFO: Información del usuario adjuntada a la solicitud: {"id":"670fcd293f9c5f4310b80da5","role":"admin","email":"maria.ceballos@davinci.edu.ar","username":"mceballos"}
[2025-02-11T20:11:54.191Z] INFO: Información del usuario adjuntada a la solicitud: {"id":"670fcd293f9c5f4310b80da5","role":"admin","email":"maria.ceballos@davinci.edu.ar","username":"mceballos"}
[2025-02-11T20:11:54.350Z] INFO: Información del usuario adjuntada a la solicitud: {"id":"670fcd293f9c5f4310b80da5","role":"admin","email":"maria.ceballos@davinci.edu.ar","username":"mceballos"}
[2025-02-11T20:11:54.537Z] INFO: Información del usuario adjuntada a la solicitud: {"id":"670fcd293f9c5f4310b80da5","role":"admin","email":"maria.ceballos@davinci.edu.ar","username":"mceballos"}
[2025-02-11T20:11:54.703Z] INFO: Información del usuario adjuntada a la solicitud: {"id":"670fcd293f9c5f4310b80da5","role":"admin","email":"maria.ceballos@davinci.edu.ar","username":"mceballos"}
[2025-02-11T20:11:54.873Z] INFO: Información del usuario adjuntada a la solicitud: {"id":"670fcd293f9c5f4310b80da5","role":"admin","email":"maria.ceballos@davinci.edu.ar","username":"mceballos"}
[2025-02-11T20:11:55.044Z] INFO: Información del usuario adjuntada a la solicitud: {"id":"670fcd293f9c5f4310b80da5","role":"admin","email":"maria.ceballos@davinci.edu.ar","username":"mceballos"}
[2025-02-11T20:11:55.220Z] INFO: Información del usuario adjuntada a la solicitud: {"id":"670fcd293f9c5f4310b80da5","role":"admin","email":"maria.ceballos@davinci.edu.ar","username":"mceballos"}
[2025-02-11T20:11:55.392Z] INFO: Información del usuario adjuntada a la solicitud: {"id":"670fcd293f9c5f4310b80da5","role":"admin","email":"maria.ceballos@davinci.edu.ar","username":"mceballos"}
[2025-02-11T20:11:55.575Z] INFO: Información del usuario adjuntada a la solicitud: {"id":"670fcd293f9c5f4310b80da5","role":"admin","email":"maria.ceballos@davinci.edu.ar","username":"mceballos"}
[2025-02-11T20:11:55.752Z] INFO: Información del usuario adjuntada a la solicitud: {"id":"670fcd293f9c5f4310b80da5","role":"admin","email":"maria.ceballos@davinci.edu.ar","username":"mceballos"}
[2025-02-11T20:11:55.924Z] INFO: Información del usuario adjuntada a la solicitud: {"id":"670fcd293f9c5f4310b80da5","role":"admin","email":"maria.ceballos@davinci.edu.ar","username":"mceballos"}
[2025-02-11T20:11:56.099Z] INFO: Información del usuario adjuntada a la solicitud: {"id":"670fcd293f9c5f4310b80da5","role":"admin","email":"maria.ceballos@davinci.edu.ar","username":"mceballos"}
[2025-02-11T20:11:56.268Z] INFO: Información del usuario adjuntada a la solicitud: {"id":"670fcd293f9c5f4310b80da5","role":"admin","email":"maria.ceballos@davinci.edu.ar","username":"mceballos"}
[2025-02-11T20:11:56.445Z] INFO: Información del usuario adjuntada a la solicitud: {"id":"670fcd293f9c5f4310b80da5","role":"admin","email":"maria.ceballos@davinci.edu.ar","username":"mceballos"}
[2025-02-11T20:11:56.607Z] INFO: Información del usuario adjuntada a la solicitud: {"id":"670fcd293f9c5f4310b80da5","role":"admin","email":"maria.ceballos@davinci.edu.ar","username":"mceballos"}
[2025-02-11T20:11:56.777Z] INFO: Información del usuario adjuntada a la solicitud: {"id":"670fcd293f9c5f4310b80da5","role":"admin","email":"maria.ceballos@davinci.edu.ar","username":"mceballos"}
[2025-02-11T20:11:56.870Z] INFO: Información del usuario adjuntada a la solicitud: {"id":"670fcd293f9c5f4310b80da5","role":"admin","email":"maria.ceballos@davinci.edu.ar","username":"mceballos"}
[2025-02-11T20:11:56.952Z] INFO: Información del usuario adjuntada a la solicitud: {"id":"670fcd293f9c5f4310b80da5","role":"admin","email":"maria.ceballos@davinci.edu.ar","username":"mceballos"}
[2025-02-11T20:11:57.049Z] INFO: Información del usuario adjuntada a la solicitud: {"id":"670fcd293f9c5f4310b80da5","role":"admin","email":"maria.ceballos@davinci.edu.ar","username":"mceballos"}
[2025-02-11T20:11:57.137Z] INFO: Información del usuario adjuntada a la solicitud: {"id":"670fcd293f9c5f4310b80da5","role":"admin","email":"maria.ceballos@davinci.edu.ar","username":"mceballos"}
[2025-02-11T20:11:57.296Z] INFO: Información del usuario adjuntada a la solicitud: {"id":"670fcd293f9c5f4310b80da5","role":"admin","email":"maria.ceballos@davinci.edu.ar","username":"mceballos"}
[2025-02-11T20:11:57.456Z] INFO: Información del usuario adjuntada a la solicitud: {"id":"670fcd293f9c5f4310b80da5","role":"admin","email":"maria.ceballos@davinci.edu.ar","username":"mceballos"}
[2025-02-11T20:11:57.621Z] INFO: Información del usuario adjuntada a la solicitud: {"id":"670fcd293f9c5f4310b80da5","role":"admin","email":"maria.ceballos@davinci.edu.ar","username":"mceballos"}
[2025-02-11T20:11:57.811Z] INFO: Información del usuario adjuntada a la solicitud: {"id":"670fcd293f9c5f4310b80da5","role":"admin","email":"maria.ceballos@davinci.edu.ar","username":"mceballos"}
[2025-02-11T20:11:58.072Z] INFO: Información del usuario adjuntada a la solicitud: {"id":"670fcd293f9c5f4310b80da5","role":"admin","email":"maria.ceballos@davinci.edu.ar","username":"mceballos"}
[2025-02-11T20:11:58.237Z] INFO: Información del usuario adjuntada a la solicitud: {"id":"670fcd293f9c5f4310b80da5","role":"admin","email":"maria.ceballos@davinci.edu.ar","username":"mceballos"}
[2025-02-11T20:11:58.469Z] INFO: Información del usuario adjuntada a la solicitud: {"id":"670fcd293f9c5f4310b80da5","role":"admin","email":"maria.ceballos@davinci.edu.ar","username":"mceballos"}
[2025-02-11T20:11:58.649Z] INFO: Información del usuario adjuntada a la solicitud: {"id":"670fcd293f9c5f4310b80da5","role":"admin","email":"maria.ceballos@davinci.edu.ar","username":"mceballos"}
[2025-02-11T20:11:58.839Z] INFO: Información del usuario adjuntada a la solicitud: {"id":"670fcd293f9c5f4310b80da5","role":"admin","email":"maria.ceballos@davinci.edu.ar","username":"mceballos"}
[2025-02-11T20:11:59.069Z] INFO: Información del usuario adjuntada a la solicitud: {"id":"670fcd293f9c5f4310b80da5","role":"admin","email":"maria.ceballos@davinci.edu.ar","username":"mceballos"}
[2025-02-11T20:11:59.275Z] INFO: Información del usuario adjuntada a la solicitud: {"id":"670fcd293f9c5f4310b80da5","role":"admin","email":"maria.ceballos@davinci.edu.ar","username":"mceballos"}
[2025-02-11T20:11:59.499Z] INFO: Información del usuario adjuntada a la solicitud: {"id":"670fcd293f9c5f4310b80da5","role":"admin","email":"maria.ceballos@davinci.edu.ar","username":"mceballos"}
[2025-02-11T20:11:59.672Z] INFO: Información del usuario adjuntada a la solicitud: {"id":"670fcd293f9c5f4310b80da5","role":"admin","email":"maria.ceballos@davinci.edu.ar","username":"mceballos"}
[2025-02-11T20:11:59.886Z] INFO: Información del usuario adjuntada a la solicitud: {"id":"670fcd293f9c5f4310b80da5","role":"admin","email":"maria.ceballos@davinci.edu.ar","username":"mceballos"}
[2025-02-11T20:12:00.075Z] INFO: Información del usuario adjuntada a la solicitud: {"id":"670fcd293f9c5f4310b80da5","role":"admin","email":"maria.ceballos@davinci.edu.ar","username":"mceballos"}
[2025-02-11T20:12:00.284Z] INFO: Información del usuario adjuntada a la solicitud: {"id":"670fcd293f9c5f4310b80da5","role":"admin","email":"maria.ceballos@davinci.edu.ar","username":"mceballos"}
[2025-02-11T20:12:00.468Z] INFO: Información del usuario adjuntada a la solicitud: {"id":"670fcd293f9c5f4310b80da5","role":"admin","email":"maria.ceballos@davinci.edu.ar","username":"mceballos"}
[2025-02-11T20:12:00.660Z] INFO: Información del usuario adjuntada a la solicitud: {"id":"670fcd293f9c5f4310b80da5","role":"admin","email":"maria.ceballos@davinci.edu.ar","username":"mceballos"}
[2025-02-11T20:12:00.836Z] INFO: Información del usuario adjuntada a la solicitud: {"id":"670fcd293f9c5f4310b80da5","role":"admin","email":"maria.ceballos@davinci.edu.ar","username":"mceballos"}
[2025-02-11T20:12:00.995Z] INFO: Información del usuario adjuntada a la solicitud: {"id":"670fcd293f9c5f4310b80da5","role":"admin","email":"maria.ceballos@davinci.edu.ar","username":"mceballos"}
[2025-02-11T20:12:01.299Z] INFO: Información del usuario adjuntada a la solicitud: {"id":"670fcd293f9c5f4310b80da5","role":"admin","email":"maria.ceballos@davinci.edu.ar","username":"mceballos"}
[2025-02-11T20:12:01.487Z] INFO: Información del usuario adjuntada a la solicitud: {"id":"670fcd293f9c5f4310b80da5","role":"admin","email":"maria.ceballos@davinci.edu.ar","username":"mceballos"}
[2025-02-11T20:12:01.522Z] INFO: Información del usuario adjuntada a la solicitud: {"id":"670fcd293f9c5f4310b80da5","role":"admin","email":"maria.ceballos@davinci.edu.ar","username":"mceballos"}
[2025-02-11T20:12:01.744Z] INFO: Información del usuario adjuntada a la solicitud: {"id":"670fcd293f9c5f4310b80da5","role":"admin","email":"maria.ceballos@davinci.edu.ar","username":"mceballos"}
[2025-02-11T20:12:01.962Z] INFO: Información del usuario adjuntada a la solicitud: {"id":"670fcd293f9c5f4310b80da5","role":"admin","email":"maria.ceballos@davinci.edu.ar","username":"mceballos"}
[2025-02-11T20:12:02.127Z] INFO: Información del usuario adjuntada a la solicitud: {"id":"670fcd293f9c5f4310b80da5","role":"admin","email":"maria.ceballos@davinci.edu.ar","username":"mceballos"}
[2025-02-11T20:12:02.298Z] INFO: Información del usuario adjuntada a la solicitud: {"id":"670fcd293f9c5f4310b80da5","role":"admin","email":"maria.ceballos@davinci.edu.ar","username":"mceballos"}
[2025-02-11T20:12:02.464Z] INFO: Información del usuario adjuntada a la solicitud: {"id":"670fcd293f9c5f4310b80da5","role":"admin","email":"maria.ceballos@davinci.edu.ar","username":"mceballos"}
[2025-02-11T20:12:02.637Z] INFO: Información del usuario adjuntada a la solicitud: {"id":"670fcd293f9c5f4310b80da5","role":"admin","email":"maria.ceballos@davinci.edu.ar","username":"mceballos"}
[2025-02-11T20:12:02.883Z] INFO: Información del usuario adjuntada a la solicitud: {"id":"670fcd293f9c5f4310b80da5","role":"admin","email":"maria.ceballos@davinci.edu.ar","username":"mceballos"}
[2025-02-11T20:12:03.064Z] INFO: Información del usuario adjuntada a la solicitud: {"id":"670fcd293f9c5f4310b80da5","role":"admin","email":"maria.ceballos@davinci.edu.ar","username":"mceballos"}
[2025-02-11T20:12:03.220Z] INFO: Información del usuario adjuntada a la solicitud: {"id":"670fcd293f9c5f4310b80da5","role":"admin","email":"maria.ceballos@davinci.edu.ar","username":"mceballos"}
[2025-02-11T20:12:03.406Z] INFO: Información del usuario adjuntada a la solicitud: {"id":"670fcd293f9c5f4310b80da5","role":"admin","email":"maria.ceballos@davinci.edu.ar","username":"mceballos"}
[2025-02-11T20:12:03.564Z] INFO: Información del usuario adjuntada a la solicitud: {"id":"670fcd293f9c5f4310b80da5","role":"admin","email":"maria.ceballos@davinci.edu.ar","username":"mceballos"}
[2025-02-11T20:12:03.743Z] INFO: Información del usuario adjuntada a la solicitud: {"id":"670fcd293f9c5f4310b80da5","role":"admin","email":"maria.ceballos@davinci.edu.ar","username":"mceballos"}
[2025-02-11T20:12:03.917Z] INFO: Información del usuario adjuntada a la solicitud: {"id":"670fcd293f9c5f4310b80da5","role":"admin","email":"maria.ceballos@davinci.edu.ar","username":"mceballos"}
[2025-02-11T20:12:03.994Z] INFO: Información del usuario adjuntada a la solicitud: {"id":"670fcd293f9c5f4310b80da5","role":"admin","email":"maria.ceballos@davinci.edu.ar","username":"mceballos"}
[2025-02-11T20:12:03.995Z] INFO: Información del usuario adjuntada a la solicitud: {"id":"670fcd293f9c5f4310b80da5","role":"admin","email":"maria.ceballos@davinci.edu.ar","username":"mceballos"}
[2025-02-11T20:12:04.073Z] INFO: Información del usuario adjuntada a la solicitud: {"id":"670fcd293f9c5f4310b80da5","role":"admin","email":"maria.ceballos@davinci.edu.ar","username":"mceballos"}
[2025-02-11T20:12:04.110Z] INFO: Información del usuario adjuntada a la solicitud: {"id":"670fcd293f9c5f4310b80da5","role":"admin","email":"maria.ceballos@davinci.edu.ar","username":"mceballos"}
[2025-02-11T20:12:04.112Z] INFO: Información del usuario adjuntada a la solicitud: {"id":"670fcd293f9c5f4310b80da5","role":"admin","email":"maria.ceballos@davinci.edu.ar","username":"mceballos"}
[2025-02-11T20:12:04.266Z] INFO: Información del usuario adjuntada a la solicitud: {"id":"670fcd293f9c5f4310b80da5","role":"admin","email":"maria.ceballos@davinci.edu.ar","username":"mceballos"}
[2025-02-11T20:12:04.422Z] INFO: Información del usuario adjuntada a la solicitud: {"id":"670fcd293f9c5f4310b80da5","role":"admin","email":"maria.ceballos@davinci.edu.ar","username":"mceballos"}
[2025-02-11T20:12:04.622Z] INFO: Información del usuario adjuntada a la solicitud: {"id":"670fcd293f9c5f4310b80da5","role":"admin","email":"maria.ceballos@davinci.edu.ar","username":"mceballos"}
[2025-02-11T20:12:04.786Z] INFO: Información del usuario adjuntada a la solicitud: {"id":"670fcd293f9c5f4310b80da5","role":"admin","email":"maria.ceballos@davinci.edu.ar","username":"mceballos"}
[2025-02-11T20:12:04.971Z] INFO: Información del usuario adjuntada a la solicitud: {"id":"670fcd293f9c5f4310b80da5","role":"admin","email":"maria.ceballos@davinci.edu.ar","username":"mceballos"}
[2025-02-11T20:12:05.130Z] INFO: Información del usuario adjuntada a la solicitud: {"id":"670fcd293f9c5f4310b80da5","role":"admin","email":"maria.ceballos@davinci.edu.ar","username":"mceballos"}
[2025-02-11T20:12:05.304Z] INFO: Información del usuario adjuntada a la solicitud: {"id":"670fcd293f9c5f4310b80da5","role":"admin","email":"maria.ceballos@davinci.edu.ar","username":"mceballos"}
[2025-02-11T20:12:05.473Z] INFO: Información del usuario adjuntada a la solicitud: {"id":"670fcd293f9c5f4310b80da5","role":"admin","email":"maria.ceballos@davinci.edu.ar","username":"mceballos"}
[2025-02-11T20:12:05.686Z] INFO: Información del usuario adjuntada a la solicitud: {"id":"670fcd293f9c5f4310b80da5","role":"admin","email":"maria.ceballos@davinci.edu.ar","username":"mceballos"}
[2025-02-11T20:12:05.880Z] INFO: Información del usuario adjuntada a la solicitud: {"id":"670fcd293f9c5f4310b80da5","role":"admin","email":"maria.ceballos@davinci.edu.ar","username":"mceballos"}
[2025-02-11T20:12:06.066Z] INFO: Información del usuario adjuntada a la solicitud: {"id":"670fcd293f9c5f4310b80da5","role":"admin","email":"maria.ceballos@davinci.edu.ar","username":"mceballos"}
[2025-02-11T20:12:06.255Z] INFO: Información del usuario adjuntada a la solicitud: {"id":"670fcd293f9c5f4310b80da5","role":"admin","email":"maria.ceballos@davinci.edu.ar","username":"mceballos"}
[2025-02-11T20:12:06.295Z] INFO: Información del usuario adjuntada a la solicitud: {"id":"670fcd293f9c5f4310b80da5","role":"admin","email":"maria.ceballos@davinci.edu.ar","username":"mceballos"}
[2025-02-11T20:12:06.418Z] INFO: Información del usuario adjuntada a la solicitud: {"id":"670fcd293f9c5f4310b80da5","role":"admin","email":"maria.ceballos@davinci.edu.ar","username":"mceballos"}
[2025-02-11T20:12:06.428Z] INFO: Información del usuario adjuntada a la solicitud: {"id":"670fcd293f9c5f4310b80da5","role":"admin","email":"maria.ceballos@davinci.edu.ar","username":"mceballos"}
[2025-02-11T20:12:06.628Z] INFO: Información del usuario adjuntada a la solicitud: {"id":"670fcd293f9c5f4310b80da5","role":"admin","email":"maria.ceballos@davinci.edu.ar","username":"mceballos"}
[2025-02-11T20:12:06.803Z] INFO: Información del usuario adjuntada a la solicitud: {"id":"670fcd293f9c5f4310b80da5","role":"admin","email":"maria.ceballos@davinci.edu.ar","username":"mceballos"}
[2025-02-11T20:12:06.967Z] INFO: Información del usuario adjuntada a la solicitud: {"id":"670fcd293f9c5f4310b80da5","role":"admin","email":"maria.ceballos@davinci.edu.ar","username":"mceballos"}
[2025-02-11T20:12:07.132Z] INFO: Información del usuario adjuntada a la solicitud: {"id":"670fcd293f9c5f4310b80da5","role":"admin","email":"maria.ceballos@davinci.edu.ar","username":"mceballos"}
[2025-02-11T20:12:10.209Z] INFO: Información del usuario adjuntada a la solicitud: {"id":"670fcd293f9c5f4310b80da5","role":"admin","email":"maria.ceballos@davinci.edu.ar","username":"mceballos"}
[2025-02-11T20:12:10.373Z] INFO: Información del usuario adjuntada a la solicitud: {"id":"670fcd293f9c5f4310b80da5","role":"admin","email":"maria.ceballos@davinci.edu.ar","username":"mceballos"}
[2025-02-11T20:12:10.415Z] INFO: Información del usuario adjuntada a la solicitud: {"id":"670fcd293f9c5f4310b80da5","role":"admin","email":"maria.ceballos@davinci.edu.ar","username":"mceballos"}
[2025-02-11T20:12:10.623Z] INFO: Información del usuario adjuntada a la solicitud: {"id":"670fcd293f9c5f4310b80da5","role":"admin","email":"maria.ceballos@davinci.edu.ar","username":"mceballos"}
[2025-02-11T20:12:10.644Z] INFO: Información del usuario adjuntada a la solicitud: {"id":"670fcd293f9c5f4310b80da5","role":"admin","email":"maria.ceballos@davinci.edu.ar","username":"mceballos"}
[2025-02-11T20:12:10.795Z] INFO: Información del usuario adjuntada a la solicitud: {"id":"670fcd293f9c5f4310b80da5","role":"admin","email":"maria.ceballos@davinci.edu.ar","username":"mceballos"}
[2025-02-11T20:12:10.808Z] INFO: Información del usuario adjuntada a la solicitud: {"id":"670fcd293f9c5f4310b80da5","role":"admin","email":"maria.ceballos@davinci.edu.ar","username":"mceballos"}
[2025-02-11T20:12:11.035Z] INFO: Información del usuario adjuntada a la solicitud: {"id":"670fcd293f9c5f4310b80da5","role":"admin","email":"maria.ceballos@davinci.edu.ar","username":"mceballos"}
[2025-02-11T20:12:11.404Z] INFO: Información del usuario adjuntada a la solicitud: {"id":"670fcd293f9c5f4310b80da5","role":"admin","email":"maria.ceballos@davinci.edu.ar","username":"mceballos"}
[2025-02-11T20:12:11.564Z] INFO: Información del usuario adjuntada a la solicitud: {"id":"670fcd293f9c5f4310b80da5","role":"admin","email":"maria.ceballos@davinci.edu.ar","username":"mceballos"}
[2025-02-11T20:12:11.740Z] INFO: Información del usuario adjuntada a la solicitud: {"id":"670fcd293f9c5f4310b80da5","role":"admin","email":"maria.ceballos@davinci.edu.ar","username":"mceballos"}
[2025-02-11T20:12:11.894Z] INFO: Información del usuario adjuntada a la solicitud: {"id":"670fcd293f9c5f4310b80da5","role":"admin","email":"maria.ceballos@davinci.edu.ar","username":"mceballos"}
[2025-02-11T20:12:12.085Z] INFO: Información del usuario adjuntada a la solicitud: {"id":"670fcd293f9c5f4310b80da5","role":"admin","email":"maria.ceballos@davinci.edu.ar","username":"mceballos"}
[2025-02-11T20:12:12.242Z] INFO: Información del usuario adjuntada a la solicitud: {"id":"670fcd293f9c5f4310b80da5","role":"admin","email":"maria.ceballos@davinci.edu.ar","username":"mceballos"}
[2025-02-11T20:12:12.432Z] INFO: Información del usuario adjuntada a la solicitud: {"id":"670fcd293f9c5f4310b80da5","role":"admin","email":"maria.ceballos@davinci.edu.ar","username":"mceballos"}
[2025-02-11T20:12:12.589Z] INFO: Información del usuario adjuntada a la solicitud: {"id":"670fcd293f9c5f4310b80da5","role":"admin","email":"maria.ceballos@davinci.edu.ar","username":"mceballos"}
[2025-02-11T20:12:12.744Z] INFO: Información del usuario adjuntada a la solicitud: {"id":"670fcd293f9c5f4310b80da5","role":"admin","email":"maria.ceballos@davinci.edu.ar","username":"mceballos"}
[2025-02-11T20:12:12.927Z] INFO: Información del usuario adjuntada a la solicitud: {"id":"670fcd293f9c5f4310b80da5","role":"admin","email":"maria.ceballos@davinci.edu.ar","username":"mceballos"}
[2025-02-11T20:12:13.093Z] INFO: Información del usuario adjuntada a la solicitud: {"id":"670fcd293f9c5f4310b80da5","role":"admin","email":"maria.ceballos@davinci.edu.ar","username":"mceballos"}
[2025-02-11T20:12:13.255Z] INFO: Información del usuario adjuntada a la solicitud: {"id":"670fcd293f9c5f4310b80da5","role":"admin","email":"maria.ceballos@davinci.edu.ar","username":"mceballos"}
[2025-02-11T20:12:13.468Z] INFO: Información del usuario adjuntada a la solicitud: {"id":"670fcd293f9c5f4310b80da5","role":"admin","email":"maria.ceballos@davinci.edu.ar","username":"mceballos"}
[2025-02-11T20:12:13.627Z] INFO: Información del usuario adjuntada a la solicitud: {"id":"670fcd293f9c5f4310b80da5","role":"admin","email":"maria.ceballos@davinci.edu.ar","username":"mceballos"}
[2025-02-11T20:12:13.795Z] INFO: Información del usuario adjuntada a la solicitud: {"id":"670fcd293f9c5f4310b80da5","role":"admin","email":"maria.ceballos@davinci.edu.ar","username":"mceballos"}
[2025-02-11T20:12:13.970Z] INFO: Información del usuario adjuntada a la solicitud: {"id":"670fcd293f9c5f4310b80da5","role":"admin","email":"maria.ceballos@davinci.edu.ar","username":"mceballos"}
[2025-02-11T20:12:14.136Z] INFO: Información del usuario adjuntada a la solicitud: {"id":"670fcd293f9c5f4310b80da5","role":"admin","email":"maria.ceballos@davinci.edu.ar","username":"mceballos"}
[2025-02-11T20:12:14.321Z] INFO: Información del usuario adjuntada a la solicitud: {"id":"670fcd293f9c5f4310b80da5","role":"admin","email":"maria.ceballos@davinci.edu.ar","username":"mceballos"}
[2025-02-11T20:12:14.516Z] INFO: Información del usuario adjuntada a la solicitud: {"id":"670fcd293f9c5f4310b80da5","role":"admin","email":"maria.ceballos@davinci.edu.ar","username":"mceballos"}
[2025-02-11T20:12:14.748Z] INFO: Información del usuario adjuntada a la solicitud: {"id":"670fcd293f9c5f4310b80da5","role":"admin","email":"maria.ceballos@davinci.edu.ar","username":"mceballos"}
[2025-02-11T20:12:15.005Z] INFO: Información del usuario adjuntada a la solicitud: {"id":"670fcd293f9c5f4310b80da5","role":"admin","email":"maria.ceballos@davinci.edu.ar","username":"mceballos"}
[2025-02-11T20:12:15.206Z] INFO: Información del usuario adjuntada a la solicitud: {"id":"670fcd293f9c5f4310b80da5","role":"admin","email":"maria.ceballos@davinci.edu.ar","username":"mceballos"}
[2025-02-11T20:12:15.390Z] INFO: Información del usuario adjuntada a la solicitud: {"id":"670fcd293f9c5f4310b80da5","role":"admin","email":"maria.ceballos@davinci.edu.ar","username":"mceballos"}
[2025-02-11T20:12:15.580Z] INFO: Información del usuario adjuntada a la solicitud: {"id":"670fcd293f9c5f4310b80da5","role":"admin","email":"maria.ceballos@davinci.edu.ar","username":"mceballos"}
[2025-02-11T20:12:15.758Z] INFO: Información del usuario adjuntada a la solicitud: {"id":"670fcd293f9c5f4310b80da5","role":"admin","email":"maria.ceballos@davinci.edu.ar","username":"mceballos"}
[2025-02-11T20:12:15.931Z] INFO: Información del usuario adjuntada a la solicitud: {"id":"670fcd293f9c5f4310b80da5","role":"admin","email":"maria.ceballos@davinci.edu.ar","username":"mceballos"}
[2025-02-11T20:12:16.118Z] INFO: Información del usuario adjuntada a la solicitud: {"id":"670fcd293f9c5f4310b80da5","role":"admin","email":"maria.ceballos@davinci.edu.ar","username":"mceballos"}
[2025-02-11T20:12:16.296Z] INFO: Información del usuario adjuntada a la solicitud: {"id":"670fcd293f9c5f4310b80da5","role":"admin","email":"maria.ceballos@davinci.edu.ar","username":"mceballos"}
[2025-02-11T20:13:23.942Z] INFO: Información del usuario adjuntada a la solicitud: {"id":"670fcd293f9c5f4310b80da5","role":"admin","email":"maria.ceballos@davinci.edu.ar","username":"mceballos"}
[2025-02-11T20:13:23.944Z] INFO: Información del usuario adjuntada a la solicitud: {"id":"670fcd293f9c5f4310b80da5","role":"admin","email":"maria.ceballos@davinci.edu.ar","username":"mceballos"}
[2025-02-11T20:13:24.060Z] INFO: Información del usuario adjuntada a la solicitud: {"id":"670fcd293f9c5f4310b80da5","role":"admin","email":"maria.ceballos@davinci.edu.ar","username":"mceballos"}
[2025-02-11T20:13:24.111Z] INFO: Información del usuario adjuntada a la solicitud: {"id":"670fcd293f9c5f4310b80da5","role":"admin","email":"maria.ceballos@davinci.edu.ar","username":"mceballos"}
[2025-02-11T20:13:24.167Z] INFO: Información del usuario adjuntada a la solicitud: {"id":"670fcd293f9c5f4310b80da5","role":"admin","email":"maria.ceballos@davinci.edu.ar","username":"mceballos"}
[2025-02-11T20:13:24.251Z] INFO: Información del usuario adjuntada a la solicitud: {"id":"670fcd293f9c5f4310b80da5","role":"admin","email":"maria.ceballos@davinci.edu.ar","username":"mceballos"}
[2025-02-11T20:13:24.354Z] INFO: Información del usuario adjuntada a la solicitud: {"id":"670fcd293f9c5f4310b80da5","role":"admin","email":"maria.ceballos@davinci.edu.ar","username":"mceballos"}
[2025-02-11T20:13:24.366Z] INFO: Información del usuario adjuntada a la solicitud: {"id":"670fcd293f9c5f4310b80da5","role":"admin","email":"maria.ceballos@davinci.edu.ar","username":"mceballos"}
[2025-02-11T20:13:24.525Z] INFO: Información del usuario adjuntada a la solicitud: {"id":"670fcd293f9c5f4310b80da5","role":"admin","email":"maria.ceballos@davinci.edu.ar","username":"mceballos"}
[2025-02-11T20:13:24.604Z] INFO: Información del usuario adjuntada a la solicitud: {"id":"670fcd293f9c5f4310b80da5","role":"admin","email":"maria.ceballos@davinci.edu.ar","username":"mceballos"}
[2025-02-11T20:13:24.781Z] INFO: Información del usuario adjuntada a la solicitud: {"id":"670fcd293f9c5f4310b80da5","role":"admin","email":"maria.ceballos@davinci.edu.ar","username":"mceballos"}
[2025-02-11T20:13:24.847Z] INFO: Información del usuario adjuntada a la solicitud: {"id":"670fcd293f9c5f4310b80da5","role":"admin","email":"maria.ceballos@davinci.edu.ar","username":"mceballos"}
[2025-02-11T20:13:25.018Z] INFO: Información del usuario adjuntada a la solicitud: {"id":"670fcd293f9c5f4310b80da5","role":"admin","email":"maria.ceballos@davinci.edu.ar","username":"mceballos"}
[2025-02-11T20:13:25.086Z] INFO: Información del usuario adjuntada a la solicitud: {"id":"670fcd293f9c5f4310b80da5","role":"admin","email":"maria.ceballos@davinci.edu.ar","username":"mceballos"}
[2025-02-11T20:13:25.182Z] INFO: Información del usuario adjuntada a la solicitud: {"id":"670fcd293f9c5f4310b80da5","role":"admin","email":"maria.ceballos@davinci.edu.ar","username":"mceballos"}
[2025-02-11T20:13:25.259Z] INFO: Información del usuario adjuntada a la solicitud: {"id":"670fcd293f9c5f4310b80da5","role":"admin","email":"maria.ceballos@davinci.edu.ar","username":"mceballos"}
[2025-02-11T20:13:25.349Z] INFO: Información del usuario adjuntada a la solicitud: {"id":"670fcd293f9c5f4310b80da5","role":"admin","email":"maria.ceballos@davinci.edu.ar","username":"mceballos"}
[2025-02-11T20:13:25.420Z] INFO: Información del usuario adjuntada a la solicitud: {"id":"670fcd293f9c5f4310b80da5","role":"admin","email":"maria.ceballos@davinci.edu.ar","username":"mceballos"}
[2025-02-11T20:13:25.529Z] INFO: Información del usuario adjuntada a la solicitud: {"id":"670fcd293f9c5f4310b80da5","role":"admin","email":"maria.ceballos@davinci.edu.ar","username":"mceballos"}
[2025-02-11T20:13:25.691Z] INFO: Información del usuario adjuntada a la solicitud: {"id":"670fcd293f9c5f4310b80da5","role":"admin","email":"maria.ceballos@davinci.edu.ar","username":"mceballos"}
[2025-02-11T20:13:25.876Z] INFO: Información del usuario adjuntada a la solicitud: {"id":"670fcd293f9c5f4310b80da5","role":"admin","email":"maria.ceballos@davinci.edu.ar","username":"mceballos"}
[2025-02-11T20:13:26.097Z] INFO: Información del usuario adjuntada a la solicitud: {"id":"670fcd293f9c5f4310b80da5","role":"admin","email":"maria.ceballos@davinci.edu.ar","username":"mceballos"}
[2025-02-11T20:13:26.283Z] INFO: Información del usuario adjuntada a la solicitud: {"id":"670fcd293f9c5f4310b80da5","role":"admin","email":"maria.ceballos@davinci.edu.ar","username":"mceballos"}
[2025-02-11T20:13:26.477Z] INFO: Información del usuario adjuntada a la solicitud: {"id":"670fcd293f9c5f4310b80da5","role":"admin","email":"maria.ceballos@davinci.edu.ar","username":"mceballos"}
[2025-02-11T20:13:26.657Z] INFO: Información del usuario adjuntada a la solicitud: {"id":"670fcd293f9c5f4310b80da5","role":"admin","email":"maria.ceballos@davinci.edu.ar","username":"mceballos"}
[2025-02-11T20:13:26.857Z] INFO: Información del usuario adjuntada a la solicitud: {"id":"670fcd293f9c5f4310b80da5","role":"admin","email":"maria.ceballos@davinci.edu.ar","username":"mceballos"}
[2025-02-11T20:13:27.059Z] INFO: Información del usuario adjuntada a la solicitud: {"id":"670fcd293f9c5f4310b80da5","role":"admin","email":"maria.ceballos@davinci.edu.ar","username":"mceballos"}
[2025-02-11T20:13:27.221Z] INFO: Información del usuario adjuntada a la solicitud: {"id":"670fcd293f9c5f4310b80da5","role":"admin","email":"maria.ceballos@davinci.edu.ar","username":"mceballos"}
[2025-02-11T20:13:27.373Z] INFO: Información del usuario adjuntada a la solicitud: {"id":"670fcd293f9c5f4310b80da5","role":"admin","email":"maria.ceballos@davinci.edu.ar","username":"mceballos"}
[2025-02-11T20:13:27.543Z] INFO: Información del usuario adjuntada a la solicitud: {"id":"670fcd293f9c5f4310b80da5","role":"admin","email":"maria.ceballos@davinci.edu.ar","username":"mceballos"}
[2025-02-11T20:13:27.710Z] INFO: Información del usuario adjuntada a la solicitud: {"id":"670fcd293f9c5f4310b80da5","role":"admin","email":"maria.ceballos@davinci.edu.ar","username":"mceballos"}
[2025-02-11T20:13:27.885Z] INFO: Información del usuario adjuntada a la solicitud: {"id":"670fcd293f9c5f4310b80da5","role":"admin","email":"maria.ceballos@davinci.edu.ar","username":"mceballos"}
[2025-02-11T20:13:28.047Z] INFO: Información del usuario adjuntada a la solicitud: {"id":"670fcd293f9c5f4310b80da5","role":"admin","email":"maria.ceballos@davinci.edu.ar","username":"mceballos"}
[2025-02-11T20:13:28.206Z] INFO: Información del usuario adjuntada a la solicitud: {"id":"670fcd293f9c5f4310b80da5","role":"admin","email":"maria.ceballos@davinci.edu.ar","username":"mceballos"}
[2025-02-11T20:24:37.305Z] INFO: Información del usuario adjuntada a la solicitud: {"id":"670fcd293f9c5f4310b80da5","role":"admin","email":"maria.ceballos@davinci.edu.ar","username":"mceballos"}
[2025-02-11T20:24:37.418Z] INFO: Información del usuario adjuntada a la solicitud: {"id":"670fcd293f9c5f4310b80da5","role":"admin","email":"maria.ceballos@davinci.edu.ar","username":"mceballos"}
[2025-02-11T20:24:37.530Z] INFO: Información del usuario adjuntada a la solicitud: {"id":"670fcd293f9c5f4310b80da5","role":"admin","email":"maria.ceballos@davinci.edu.ar","username":"mceballos"}
[2025-02-11T20:24:37.637Z] INFO: Información del usuario adjuntada a la solicitud: {"id":"670fcd293f9c5f4310b80da5","role":"admin","email":"maria.ceballos@davinci.edu.ar","username":"mceballos"}
[2025-02-11T20:24:46.468Z] INFO: Información del usuario adjuntada a la solicitud: {"id":"670fcd293f9c5f4310b80da5","role":"admin","email":"maria.ceballos@davinci.edu.ar","username":"mceballos"}
[2025-02-11T20:24:46.644Z] INFO: Información del usuario adjuntada a la solicitud: {"id":"670fcd293f9c5f4310b80da5","role":"admin","email":"maria.ceballos@davinci.edu.ar","username":"mceballos"}
[2025-02-11T20:24:46.723Z] INFO: Información del usuario adjuntada a la solicitud: {"id":"670fcd293f9c5f4310b80da5","role":"admin","email":"maria.ceballos@davinci.edu.ar","username":"mceballos"}
[2025-02-11T20:24:46.901Z] INFO: Información del usuario adjuntada a la solicitud: {"id":"670fcd293f9c5f4310b80da5","role":"admin","email":"maria.ceballos@davinci.edu.ar","username":"mceballos"}
[2025-02-11T20:24:46.958Z] INFO: Información del usuario adjuntada a la solicitud: {"id":"670fcd293f9c5f4310b80da5","role":"admin","email":"maria.ceballos@davinci.edu.ar","username":"mceballos"}
[2025-02-11T20:24:47.079Z] INFO: Información del usuario adjuntada a la solicitud: {"id":"670fcd293f9c5f4310b80da5","role":"admin","email":"maria.ceballos@davinci.edu.ar","username":"mceballos"}
[2025-02-11T20:24:47.117Z] INFO: Información del usuario adjuntada a la solicitud: {"id":"670fcd293f9c5f4310b80da5","role":"admin","email":"maria.ceballos@davinci.edu.ar","username":"mceballos"}
[2025-02-11T20:24:47.274Z] INFO: Información del usuario adjuntada a la solicitud: {"id":"670fcd293f9c5f4310b80da5","role":"admin","email":"maria.ceballos@davinci.edu.ar","username":"mceballos"}
[2025-02-11T20:24:47.450Z] INFO: Información del usuario adjuntada a la solicitud: {"id":"670fcd293f9c5f4310b80da5","role":"admin","email":"maria.ceballos@davinci.edu.ar","username":"mceballos"}
[2025-02-11T20:24:47.646Z] INFO: Información del usuario adjuntada a la solicitud: {"id":"670fcd293f9c5f4310b80da5","role":"admin","email":"maria.ceballos@davinci.edu.ar","username":"mceballos"}
[2025-02-11T20:24:47.826Z] INFO: Información del usuario adjuntada a la solicitud: {"id":"670fcd293f9c5f4310b80da5","role":"admin","email":"maria.ceballos@davinci.edu.ar","username":"mceballos"}
[2025-02-11T20:24:48.083Z] INFO: Información del usuario adjuntada a la solicitud: {"id":"670fcd293f9c5f4310b80da5","role":"admin","email":"maria.ceballos@davinci.edu.ar","username":"mceballos"}
[2025-02-11T20:24:48.262Z] INFO: Información del usuario adjuntada a la solicitud: {"id":"670fcd293f9c5f4310b80da5","role":"admin","email":"maria.ceballos@davinci.edu.ar","username":"mceballos"}
[2025-02-11T20:24:48.429Z] INFO: Información del usuario adjuntada a la solicitud: {"id":"670fcd293f9c5f4310b80da5","role":"admin","email":"maria.ceballos@davinci.edu.ar","username":"mceballos"}
[2025-02-11T20:24:48.650Z] INFO: Información del usuario adjuntada a la solicitud: {"id":"670fcd293f9c5f4310b80da5","role":"admin","email":"maria.ceballos@davinci.edu.ar","username":"mceballos"}
[2025-02-11T20:24:48.829Z] INFO: Información del usuario adjuntada a la solicitud: {"id":"670fcd293f9c5f4310b80da5","role":"admin","email":"maria.ceballos@davinci.edu.ar","username":"mceballos"}
[2025-02-11T20:24:49.041Z] INFO: Información del usuario adjuntada a la solicitud: {"id":"670fcd293f9c5f4310b80da5","role":"admin","email":"maria.ceballos@davinci.edu.ar","username":"mceballos"}
[2025-02-11T20:24:49.205Z] INFO: Información del usuario adjuntada a la solicitud: {"id":"670fcd293f9c5f4310b80da5","role":"admin","email":"maria.ceballos@davinci.edu.ar","username":"mceballos"}
[2025-02-11T20:24:49.363Z] INFO: Información del usuario adjuntada a la solicitud: {"id":"670fcd293f9c5f4310b80da5","role":"admin","email":"maria.ceballos@davinci.edu.ar","username":"mceballos"}
[2025-02-11T20:24:49.522Z] INFO: Información del usuario adjuntada a la solicitud: {"id":"670fcd293f9c5f4310b80da5","role":"admin","email":"maria.ceballos@davinci.edu.ar","username":"mceballos"}
[2025-02-11T20:24:49.703Z] INFO: Información del usuario adjuntada a la solicitud: {"id":"670fcd293f9c5f4310b80da5","role":"admin","email":"maria.ceballos@davinci.edu.ar","username":"mceballos"}
[2025-02-11T20:24:49.877Z] INFO: Información del usuario adjuntada a la solicitud: {"id":"670fcd293f9c5f4310b80da5","role":"admin","email":"maria.ceballos@davinci.edu.ar","username":"mceballos"}
[2025-02-11T20:24:50.032Z] INFO: Información del usuario adjuntada a la solicitud: {"id":"670fcd293f9c5f4310b80da5","role":"admin","email":"maria.ceballos@davinci.edu.ar","username":"mceballos"}
[2025-02-11T20:24:50.207Z] INFO: Información del usuario adjuntada a la solicitud: {"id":"670fcd293f9c5f4310b80da5","role":"admin","email":"maria.ceballos@davinci.edu.ar","username":"mceballos"}
[2025-02-11T20:24:50.384Z] INFO: Información del usuario adjuntada a la solicitud: {"id":"670fcd293f9c5f4310b80da5","role":"admin","email":"maria.ceballos@davinci.edu.ar","username":"mceballos"}
[2025-02-11T20:24:50.412Z] INFO: Información del usuario adjuntada a la solicitud: {"id":"670fcd293f9c5f4310b80da5","role":"admin","email":"maria.ceballos@davinci.edu.ar","username":"mceballos"}
[2025-02-11T20:24:50.419Z] INFO: Información del usuario adjuntada a la solicitud: {"id":"670fcd293f9c5f4310b80da5","role":"admin","email":"maria.ceballos@davinci.edu.ar","username":"mceballos"}
[2025-02-11T20:24:50.538Z] INFO: Información del usuario adjuntada a la solicitud: {"id":"670fcd293f9c5f4310b80da5","role":"admin","email":"maria.ceballos@davinci.edu.ar","username":"mceballos"}
[2025-02-11T20:24:50.539Z] INFO: Información del usuario adjuntada a la solicitud: {"id":"670fcd293f9c5f4310b80da5","role":"admin","email":"maria.ceballos@davinci.edu.ar","username":"mceballos"}
[2025-02-11T20:24:50.540Z] INFO: Información del usuario adjuntada a la solicitud: {"id":"670fcd293f9c5f4310b80da5","role":"admin","email":"maria.ceballos@davinci.edu.ar","username":"mceballos"}
[2025-02-11T20:24:50.715Z] INFO: Información del usuario adjuntada a la solicitud: {"id":"670fcd293f9c5f4310b80da5","role":"admin","email":"maria.ceballos@davinci.edu.ar","username":"mceballos"}
[2025-02-11T20:24:50.875Z] INFO: Información del usuario adjuntada a la solicitud: {"id":"670fcd293f9c5f4310b80da5","role":"admin","email":"maria.ceballos@davinci.edu.ar","username":"mceballos"}
[2025-02-11T20:24:51.033Z] INFO: Información del usuario adjuntada a la solicitud: {"id":"670fcd293f9c5f4310b80da5","role":"admin","email":"maria.ceballos@davinci.edu.ar","username":"mceballos"}
[2025-02-11T20:24:51.194Z] INFO: Información del usuario adjuntada a la solicitud: {"id":"670fcd293f9c5f4310b80da5","role":"admin","email":"maria.ceballos@davinci.edu.ar","username":"mceballos"}
[2025-02-11T20:24:51.357Z] INFO: Información del usuario adjuntada a la solicitud: {"id":"670fcd293f9c5f4310b80da5","role":"admin","email":"maria.ceballos@davinci.edu.ar","username":"mceballos"}
[2025-02-11T20:24:51.450Z] INFO: Información del usuario adjuntada a la solicitud: {"id":"670fcd293f9c5f4310b80da5","role":"admin","email":"maria.ceballos@davinci.edu.ar","username":"mceballos"}
[2025-02-11T20:24:51.516Z] INFO: Información del usuario adjuntada a la solicitud: {"id":"670fcd293f9c5f4310b80da5","role":"admin","email":"maria.ceballos@davinci.edu.ar","username":"mceballos"}
[2025-02-11T20:24:51.566Z] INFO: Información del usuario adjuntada a la solicitud: {"id":"670fcd293f9c5f4310b80da5","role":"admin","email":"maria.ceballos@davinci.edu.ar","username":"mceballos"}
[2025-02-11T20:24:51.686Z] INFO: Información del usuario adjuntada a la solicitud: {"id":"670fcd293f9c5f4310b80da5","role":"admin","email":"maria.ceballos@davinci.edu.ar","username":"mceballos"}
[2025-02-11T20:24:51.886Z] INFO: Información del usuario adjuntada a la solicitud: {"id":"670fcd293f9c5f4310b80da5","role":"admin","email":"maria.ceballos@davinci.edu.ar","username":"mceballos"}
[2025-02-11T20:24:52.073Z] INFO: Información del usuario adjuntada a la solicitud: {"id":"670fcd293f9c5f4310b80da5","role":"admin","email":"maria.ceballos@davinci.edu.ar","username":"mceballos"}
[2025-02-11T20:24:52.232Z] INFO: Información del usuario adjuntada a la solicitud: {"id":"670fcd293f9c5f4310b80da5","role":"admin","email":"maria.ceballos@davinci.edu.ar","username":"mceballos"}
[2025-02-11T20:24:52.934Z] INFO: Información del usuario adjuntada a la solicitud: {"id":"670fcd293f9c5f4310b80da5","role":"admin","email":"maria.ceballos@davinci.edu.ar","username":"mceballos"}
[2025-02-11T20:24:53.109Z] INFO: Información del usuario adjuntada a la solicitud: {"id":"670fcd293f9c5f4310b80da5","role":"admin","email":"maria.ceballos@davinci.edu.ar","username":"mceballos"}
[2025-02-11T20:24:53.148Z] INFO: Información del usuario adjuntada a la solicitud: {"id":"670fcd293f9c5f4310b80da5","role":"admin","email":"maria.ceballos@davinci.edu.ar","username":"mceballos"}
[2025-02-11T20:24:53.336Z] INFO: Información del usuario adjuntada a la solicitud: {"id":"670fcd293f9c5f4310b80da5","role":"admin","email":"maria.ceballos@davinci.edu.ar","username":"mceballos"}
[2025-02-11T20:24:53.378Z] INFO: Información del usuario adjuntada a la solicitud: {"id":"670fcd293f9c5f4310b80da5","role":"admin","email":"maria.ceballos@davinci.edu.ar","username":"mceballos"}
[2025-02-11T20:24:53.505Z] INFO: Información del usuario adjuntada a la solicitud: {"id":"670fcd293f9c5f4310b80da5","role":"admin","email":"maria.ceballos@davinci.edu.ar","username":"mceballos"}
[2025-02-11T20:24:53.534Z] INFO: Información del usuario adjuntada a la solicitud: {"id":"670fcd293f9c5f4310b80da5","role":"admin","email":"maria.ceballos@davinci.edu.ar","username":"mceballos"}
[2025-02-11T20:24:53.701Z] INFO: Información del usuario adjuntada a la solicitud: {"id":"670fcd293f9c5f4310b80da5","role":"admin","email":"maria.ceballos@davinci.edu.ar","username":"mceballos"}
[2025-02-11T20:24:53.870Z] INFO: Información del usuario adjuntada a la solicitud: {"id":"670fcd293f9c5f4310b80da5","role":"admin","email":"maria.ceballos@davinci.edu.ar","username":"mceballos"}
[2025-02-11T20:24:54.029Z] INFO: Información del usuario adjuntada a la solicitud: {"id":"670fcd293f9c5f4310b80da5","role":"admin","email":"maria.ceballos@davinci.edu.ar","username":"mceballos"}
[2025-02-11T20:24:54.198Z] INFO: Información del usuario adjuntada a la solicitud: {"id":"670fcd293f9c5f4310b80da5","role":"admin","email":"maria.ceballos@davinci.edu.ar","username":"mceballos"}
[2025-02-11T20:24:54.377Z] INFO: Información del usuario adjuntada a la solicitud: {"id":"670fcd293f9c5f4310b80da5","role":"admin","email":"maria.ceballos@davinci.edu.ar","username":"mceballos"}
[2025-02-11T20:24:54.539Z] INFO: Información del usuario adjuntada a la solicitud: {"id":"670fcd293f9c5f4310b80da5","role":"admin","email":"maria.ceballos@davinci.edu.ar","username":"mceballos"}
[2025-02-11T20:24:54.744Z] INFO: Información del usuario adjuntada a la solicitud: {"id":"670fcd293f9c5f4310b80da5","role":"admin","email":"maria.ceballos@davinci.edu.ar","username":"mceballos"}
[2025-02-11T20:24:54.893Z] INFO: Información del usuario adjuntada a la solicitud: {"id":"670fcd293f9c5f4310b80da5","role":"admin","email":"maria.ceballos@davinci.edu.ar","username":"mceballos"}
[2025-02-11T20:24:55.048Z] INFO: Información del usuario adjuntada a la solicitud: {"id":"670fcd293f9c5f4310b80da5","role":"admin","email":"maria.ceballos@davinci.edu.ar","username":"mceballos"}
[2025-02-11T20:24:55.201Z] INFO: Información del usuario adjuntada a la solicitud: {"id":"670fcd293f9c5f4310b80da5","role":"admin","email":"maria.ceballos@davinci.edu.ar","username":"mceballos"}
[2025-02-11T20:24:55.375Z] INFO: Información del usuario adjuntada a la solicitud: {"id":"670fcd293f9c5f4310b80da5","role":"admin","email":"maria.ceballos@davinci.edu.ar","username":"mceballos"}
[2025-02-11T20:24:55.555Z] INFO: Información del usuario adjuntada a la solicitud: {"id":"670fcd293f9c5f4310b80da5","role":"admin","email":"maria.ceballos@davinci.edu.ar","username":"mceballos"}
[2025-02-11T20:24:55.743Z] INFO: Información del usuario adjuntada a la solicitud: {"id":"670fcd293f9c5f4310b80da5","role":"admin","email":"maria.ceballos@davinci.edu.ar","username":"mceballos"}
[2025-02-11T20:24:55.944Z] INFO: Información del usuario adjuntada a la solicitud: {"id":"670fcd293f9c5f4310b80da5","role":"admin","email":"maria.ceballos@davinci.edu.ar","username":"mceballos"}
[2025-02-11T20:24:56.109Z] INFO: Información del usuario adjuntada a la solicitud: {"id":"670fcd293f9c5f4310b80da5","role":"admin","email":"maria.ceballos@davinci.edu.ar","username":"mceballos"}
[2025-02-11T20:24:56.424Z] INFO: Información del usuario adjuntada a la solicitud: {"id":"670fcd293f9c5f4310b80da5","role":"admin","email":"maria.ceballos@davinci.edu.ar","username":"mceballos"}
[2025-02-11T20:24:56.593Z] INFO: Información del usuario adjuntada a la solicitud: {"id":"670fcd293f9c5f4310b80da5","role":"admin","email":"maria.ceballos@davinci.edu.ar","username":"mceballos"}
[2025-02-11T20:24:56.770Z] INFO: Información del usuario adjuntada a la solicitud: {"id":"670fcd293f9c5f4310b80da5","role":"admin","email":"maria.ceballos@davinci.edu.ar","username":"mceballos"}
[2025-02-11T20:24:56.941Z] INFO: Información del usuario adjuntada a la solicitud: {"id":"670fcd293f9c5f4310b80da5","role":"admin","email":"maria.ceballos@davinci.edu.ar","username":"mceballos"}
[2025-02-11T20:24:57.100Z] INFO: Información del usuario adjuntada a la solicitud: {"id":"670fcd293f9c5f4310b80da5","role":"admin","email":"maria.ceballos@davinci.edu.ar","username":"mceballos"}
[2025-02-11T20:24:57.275Z] INFO: Información del usuario adjuntada a la solicitud: {"id":"670fcd293f9c5f4310b80da5","role":"admin","email":"maria.ceballos@davinci.edu.ar","username":"mceballos"}
[2025-02-11T20:24:57.444Z] INFO: Información del usuario adjuntada a la solicitud: {"id":"670fcd293f9c5f4310b80da5","role":"admin","email":"maria.ceballos@davinci.edu.ar","username":"mceballos"}
[2025-02-11T20:24:57.669Z] INFO: Información del usuario adjuntada a la solicitud: {"id":"670fcd293f9c5f4310b80da5","role":"admin","email":"maria.ceballos@davinci.edu.ar","username":"mceballos"}
[2025-02-11T20:24:57.869Z] INFO: Información del usuario adjuntada a la solicitud: {"id":"670fcd293f9c5f4310b80da5","role":"admin","email":"maria.ceballos@davinci.edu.ar","username":"mceballos"}
[2025-02-11T20:24:58.037Z] INFO: Información del usuario adjuntada a la solicitud: {"id":"670fcd293f9c5f4310b80da5","role":"admin","email":"maria.ceballos@davinci.edu.ar","username":"mceballos"}
[2025-02-11T20:24:58.280Z] INFO: Información del usuario adjuntada a la solicitud: {"id":"670fcd293f9c5f4310b80da5","role":"admin","email":"maria.ceballos@davinci.edu.ar","username":"mceballos"}
[2025-02-11T20:24:58.463Z] INFO: Información del usuario adjuntada a la solicitud: {"id":"670fcd293f9c5f4310b80da5","role":"admin","email":"maria.ceballos@davinci.edu.ar","username":"mceballos"}
[2025-02-11T20:24:58.622Z] INFO: Información del usuario adjuntada a la solicitud: {"id":"670fcd293f9c5f4310b80da5","role":"admin","email":"maria.ceballos@davinci.edu.ar","username":"mceballos"}
[2025-02-11T20:24:58.790Z] INFO: Información del usuario adjuntada a la solicitud: {"id":"670fcd293f9c5f4310b80da5","role":"admin","email":"maria.ceballos@davinci.edu.ar","username":"mceballos"}
[2025-02-11T20:25:10.940Z] INFO: Información del usuario adjuntada a la solicitud: {"id":"670fcd293f9c5f4310b80da5","role":"admin","email":"maria.ceballos@davinci.edu.ar","username":"mceballos"}
[2025-02-11T20:25:11.121Z] INFO: Información del usuario adjuntada a la solicitud: {"id":"670fcd293f9c5f4310b80da5","role":"admin","email":"maria.ceballos@davinci.edu.ar","username":"mceballos"}
[2025-02-11T20:25:11.172Z] INFO: Información del usuario adjuntada a la solicitud: {"id":"670fcd293f9c5f4310b80da5","role":"admin","email":"maria.ceballos@davinci.edu.ar","username":"mceballos"}
[2025-02-11T20:25:11.392Z] INFO: Información del usuario adjuntada a la solicitud: {"id":"670fcd293f9c5f4310b80da5","role":"admin","email":"maria.ceballos@davinci.edu.ar","username":"mceballos"}
[2025-02-11T20:25:11.565Z] INFO: Información del usuario adjuntada a la solicitud: {"id":"670fcd293f9c5f4310b80da5","role":"admin","email":"maria.ceballos@davinci.edu.ar","username":"mceballos"}
[2025-02-11T20:25:11.736Z] INFO: Información del usuario adjuntada a la solicitud: {"id":"670fcd293f9c5f4310b80da5","role":"admin","email":"maria.ceballos@davinci.edu.ar","username":"mceballos"}
[2025-02-11T20:25:11.899Z] INFO: Información del usuario adjuntada a la solicitud: {"id":"670fcd293f9c5f4310b80da5","role":"admin","email":"maria.ceballos@davinci.edu.ar","username":"mceballos"}
[2025-02-11T20:25:12.053Z] INFO: Información del usuario adjuntada a la solicitud: {"id":"670fcd293f9c5f4310b80da5","role":"admin","email":"maria.ceballos@davinci.edu.ar","username":"mceballos"}
[2025-02-11T20:25:12.259Z] INFO: Información del usuario adjuntada a la solicitud: {"id":"670fcd293f9c5f4310b80da5","role":"admin","email":"maria.ceballos@davinci.edu.ar","username":"mceballos"}
[2025-02-11T20:25:12.451Z] INFO: Información del usuario adjuntada a la solicitud: {"id":"670fcd293f9c5f4310b80da5","role":"admin","email":"maria.ceballos@davinci.edu.ar","username":"mceballos"}
[2025-02-11T20:25:12.632Z] INFO: Información del usuario adjuntada a la solicitud: {"id":"670fcd293f9c5f4310b80da5","role":"admin","email":"maria.ceballos@davinci.edu.ar","username":"mceballos"}
[2025-02-11T20:25:12.814Z] INFO: Información del usuario adjuntada a la solicitud: {"id":"670fcd293f9c5f4310b80da5","role":"admin","email":"maria.ceballos@davinci.edu.ar","username":"mceballos"}
[2025-02-11T20:25:12.980Z] INFO: Información del usuario adjuntada a la solicitud: {"id":"670fcd293f9c5f4310b80da5","role":"admin","email":"maria.ceballos@davinci.edu.ar","username":"mceballos"}
[2025-02-11T20:25:13.167Z] INFO: Información del usuario adjuntada a la solicitud: {"id":"670fcd293f9c5f4310b80da5","role":"admin","email":"maria.ceballos@davinci.edu.ar","username":"mceballos"}
[2025-02-11T20:25:13.327Z] INFO: Información del usuario adjuntada a la solicitud: {"id":"670fcd293f9c5f4310b80da5","role":"admin","email":"maria.ceballos@davinci.edu.ar","username":"mceballos"}
[2025-02-11T20:25:13.484Z] INFO: Información del usuario adjuntada a la solicitud: {"id":"670fcd293f9c5f4310b80da5","role":"admin","email":"maria.ceballos@davinci.edu.ar","username":"mceballos"}
[2025-02-11T20:25:13.658Z] INFO: Información del usuario adjuntada a la solicitud: {"id":"670fcd293f9c5f4310b80da5","role":"admin","email":"maria.ceballos@davinci.edu.ar","username":"mceballos"}
[2025-02-11T20:25:13.824Z] INFO: Información del usuario adjuntada a la solicitud: {"id":"670fcd293f9c5f4310b80da5","role":"admin","email":"maria.ceballos@davinci.edu.ar","username":"mceballos"}
[2025-02-11T20:25:13.999Z] INFO: Información del usuario adjuntada a la solicitud: {"id":"670fcd293f9c5f4310b80da5","role":"admin","email":"maria.ceballos@davinci.edu.ar","username":"mceballos"}
[2025-02-11T20:25:14.175Z] INFO: Información del usuario adjuntada a la solicitud: {"id":"670fcd293f9c5f4310b80da5","role":"admin","email":"maria.ceballos@davinci.edu.ar","username":"mceballos"}
[2025-02-11T20:25:14.353Z] INFO: Información del usuario adjuntada a la solicitud: {"id":"670fcd293f9c5f4310b80da5","role":"admin","email":"maria.ceballos@davinci.edu.ar","username":"mceballos"}
[2025-02-11T20:25:14.540Z] INFO: Información del usuario adjuntada a la solicitud: {"id":"670fcd293f9c5f4310b80da5","role":"admin","email":"maria.ceballos@davinci.edu.ar","username":"mceballos"}
[2025-02-11T20:25:14.729Z] INFO: Información del usuario adjuntada a la solicitud: {"id":"670fcd293f9c5f4310b80da5","role":"admin","email":"maria.ceballos@davinci.edu.ar","username":"mceballos"}
[2025-02-11T20:25:14.904Z] INFO: Información del usuario adjuntada a la solicitud: {"id":"670fcd293f9c5f4310b80da5","role":"admin","email":"maria.ceballos@davinci.edu.ar","username":"mceballos"}
[2025-02-11T20:25:48.978Z] INFO: Información del usuario adjuntada a la solicitud: {"id":"670fcd293f9c5f4310b80da5","role":"admin","email":"maria.ceballos@davinci.edu.ar","username":"mceballos"}
[2025-02-11T20:25:49.155Z] INFO: Información del usuario adjuntada a la solicitud: {"id":"670fcd293f9c5f4310b80da5","role":"admin","email":"maria.ceballos@davinci.edu.ar","username":"mceballos"}
[2025-02-11T20:25:49.192Z] INFO: Información del usuario adjuntada a la solicitud: {"id":"670fcd293f9c5f4310b80da5","role":"admin","email":"maria.ceballos@davinci.edu.ar","username":"mceballos"}
[2025-02-11T20:25:49.458Z] INFO: Información del usuario adjuntada a la solicitud: {"id":"670fcd293f9c5f4310b80da5","role":"admin","email":"maria.ceballos@davinci.edu.ar","username":"mceballos"}
[2025-02-11T20:25:49.478Z] INFO: Información del usuario adjuntada a la solicitud: {"id":"670fcd293f9c5f4310b80da5","role":"admin","email":"maria.ceballos@davinci.edu.ar","username":"mceballos"}
[2025-02-11T20:25:49.618Z] INFO: Información del usuario adjuntada a la solicitud: {"id":"670fcd293f9c5f4310b80da5","role":"admin","email":"maria.ceballos@davinci.edu.ar","username":"mceballos"}
[2025-02-11T20:25:49.657Z] INFO: Información del usuario adjuntada a la solicitud: {"id":"670fcd293f9c5f4310b80da5","role":"admin","email":"maria.ceballos@davinci.edu.ar","username":"mceballos"}
[2025-02-11T20:25:49.833Z] INFO: Información del usuario adjuntada a la solicitud: {"id":"670fcd293f9c5f4310b80da5","role":"admin","email":"maria.ceballos@davinci.edu.ar","username":"mceballos"}
[2025-02-11T20:25:50.007Z] INFO: Información del usuario adjuntada a la solicitud: {"id":"670fcd293f9c5f4310b80da5","role":"admin","email":"maria.ceballos@davinci.edu.ar","username":"mceballos"}
[2025-02-11T20:25:50.170Z] INFO: Información del usuario adjuntada a la solicitud: {"id":"670fcd293f9c5f4310b80da5","role":"admin","email":"maria.ceballos@davinci.edu.ar","username":"mceballos"}
[2025-02-11T20:25:50.341Z] INFO: Información del usuario adjuntada a la solicitud: {"id":"670fcd293f9c5f4310b80da5","role":"admin","email":"maria.ceballos@davinci.edu.ar","username":"mceballos"}
[2025-02-11T20:26:35.439Z] INFO: Información del usuario adjuntada a la solicitud: {"id":"670fcd293f9c5f4310b80da5","role":"admin","email":"maria.ceballos@davinci.edu.ar","username":"mceballos"}
[2025-02-11T20:26:35.689Z] INFO: Información del usuario adjuntada a la solicitud: {"id":"670fcd293f9c5f4310b80da5","role":"admin","email":"maria.ceballos@davinci.edu.ar","username":"mceballos"}
[2025-02-11T20:26:35.731Z] INFO: Información del usuario adjuntada a la solicitud: {"id":"670fcd293f9c5f4310b80da5","role":"admin","email":"maria.ceballos@davinci.edu.ar","username":"mceballos"}
[2025-02-11T20:26:35.962Z] INFO: Información del usuario adjuntada a la solicitud: {"id":"670fcd293f9c5f4310b80da5","role":"admin","email":"maria.ceballos@davinci.edu.ar","username":"mceballos"}
[2025-02-11T20:26:35.969Z] INFO: Información del usuario adjuntada a la solicitud: {"id":"670fcd293f9c5f4310b80da5","role":"admin","email":"maria.ceballos@davinci.edu.ar","username":"mceballos"}
[2025-02-11T20:26:42.533Z] INFO: Información del usuario adjuntada a la solicitud: {"id":"670fcd293f9c5f4310b80da5","role":"admin","email":"maria.ceballos@davinci.edu.ar","username":"mceballos"}
[2025-02-11T20:26:42.707Z] INFO: Información del usuario adjuntada a la solicitud: {"id":"670fcd293f9c5f4310b80da5","role":"admin","email":"maria.ceballos@davinci.edu.ar","username":"mceballos"}
[2025-02-11T20:26:42.757Z] INFO: Información del usuario adjuntada a la solicitud: {"id":"670fcd293f9c5f4310b80da5","role":"admin","email":"maria.ceballos@davinci.edu.ar","username":"mceballos"}
[2025-02-11T20:26:42.979Z] INFO: Información del usuario adjuntada a la solicitud: {"id":"670fcd293f9c5f4310b80da5","role":"admin","email":"maria.ceballos@davinci.edu.ar","username":"mceballos"}
[2025-02-11T20:26:43.158Z] INFO: Información del usuario adjuntada a la solicitud: {"id":"670fcd293f9c5f4310b80da5","role":"admin","email":"maria.ceballos@davinci.edu.ar","username":"mceballos"}
[2025-02-11T20:26:43.371Z] INFO: Información del usuario adjuntada a la solicitud: {"id":"670fcd293f9c5f4310b80da5","role":"admin","email":"maria.ceballos@davinci.edu.ar","username":"mceballos"}
[2025-02-11T20:26:43.543Z] INFO: Información del usuario adjuntada a la solicitud: {"id":"670fcd293f9c5f4310b80da5","role":"admin","email":"maria.ceballos@davinci.edu.ar","username":"mceballos"}
[2025-02-11T20:26:43.703Z] INFO: Información del usuario adjuntada a la solicitud: {"id":"670fcd293f9c5f4310b80da5","role":"admin","email":"maria.ceballos@davinci.edu.ar","username":"mceballos"}
[2025-02-11T20:26:43.895Z] INFO: Información del usuario adjuntada a la solicitud: {"id":"670fcd293f9c5f4310b80da5","role":"admin","email":"maria.ceballos@davinci.edu.ar","username":"mceballos"}
[2025-02-11T20:26:44.057Z] INFO: Información del usuario adjuntada a la solicitud: {"id":"670fcd293f9c5f4310b80da5","role":"admin","email":"maria.ceballos@davinci.edu.ar","username":"mceballos"}
[2025-02-11T20:26:44.244Z] INFO: Información del usuario adjuntada a la solicitud: {"id":"670fcd293f9c5f4310b80da5","role":"admin","email":"maria.ceballos@davinci.edu.ar","username":"mceballos"}
[2025-02-11T20:26:44.396Z] INFO: Información del usuario adjuntada a la solicitud: {"id":"670fcd293f9c5f4310b80da5","role":"admin","email":"maria.ceballos@davinci.edu.ar","username":"mceballos"}
[2025-02-11T20:26:44.566Z] INFO: Información del usuario adjuntada a la solicitud: {"id":"670fcd293f9c5f4310b80da5","role":"admin","email":"maria.ceballos@davinci.edu.ar","username":"mceballos"}
[2025-02-11T20:26:44.733Z] INFO: Información del usuario adjuntada a la solicitud: {"id":"670fcd293f9c5f4310b80da5","role":"admin","email":"maria.ceballos@davinci.edu.ar","username":"mceballos"}
[2025-02-11T20:26:44.920Z] INFO: Información del usuario adjuntada a la solicitud: {"id":"670fcd293f9c5f4310b80da5","role":"admin","email":"maria.ceballos@davinci.edu.ar","username":"mceballos"}
[2025-02-11T20:26:45.081Z] INFO: Información del usuario adjuntada a la solicitud: {"id":"670fcd293f9c5f4310b80da5","role":"admin","email":"maria.ceballos@davinci.edu.ar","username":"mceballos"}
[2025-02-11T20:26:45.253Z] INFO: Información del usuario adjuntada a la solicitud: {"id":"670fcd293f9c5f4310b80da5","role":"admin","email":"maria.ceballos@davinci.edu.ar","username":"mceballos"}
[2025-02-11T20:26:45.431Z] INFO: Información del usuario adjuntada a la solicitud: {"id":"670fcd293f9c5f4310b80da5","role":"admin","email":"maria.ceballos@davinci.edu.ar","username":"mceballos"}
[2025-02-11T20:26:45.607Z] INFO: Información del usuario adjuntada a la solicitud: {"id":"670fcd293f9c5f4310b80da5","role":"admin","email":"maria.ceballos@davinci.edu.ar","username":"mceballos"}
[2025-02-11T20:26:45.781Z] INFO: Información del usuario adjuntada a la solicitud: {"id":"670fcd293f9c5f4310b80da5","role":"admin","email":"maria.ceballos@davinci.edu.ar","username":"mceballos"}
[2025-02-11T20:26:46.085Z] INFO: Información del usuario adjuntada a la solicitud: {"id":"670fcd293f9c5f4310b80da5","role":"admin","email":"maria.ceballos@davinci.edu.ar","username":"mceballos"}
[2025-02-11T20:26:46.270Z] INFO: Información del usuario adjuntada a la solicitud: {"id":"670fcd293f9c5f4310b80da5","role":"admin","email":"maria.ceballos@davinci.edu.ar","username":"mceballos"}
[2025-02-11T20:26:46.432Z] INFO: Información del usuario adjuntada a la solicitud: {"id":"670fcd293f9c5f4310b80da5","role":"admin","email":"maria.ceballos@davinci.edu.ar","username":"mceballos"}
[2025-02-11T20:26:46.614Z] INFO: Información del usuario adjuntada a la solicitud: {"id":"670fcd293f9c5f4310b80da5","role":"admin","email":"maria.ceballos@davinci.edu.ar","username":"mceballos"}
[2025-02-11T20:26:46.768Z] INFO: Información del usuario adjuntada a la solicitud: {"id":"670fcd293f9c5f4310b80da5","role":"admin","email":"maria.ceballos@davinci.edu.ar","username":"mceballos"}
[2025-02-11T20:26:46.939Z] INFO: Información del usuario adjuntada a la solicitud: {"id":"670fcd293f9c5f4310b80da5","role":"admin","email":"maria.ceballos@davinci.edu.ar","username":"mceballos"}
[2025-02-11T20:26:47.102Z] INFO: Información del usuario adjuntada a la solicitud: {"id":"670fcd293f9c5f4310b80da5","role":"admin","email":"maria.ceballos@davinci.edu.ar","username":"mceballos"}
[2025-02-11T20:26:47.274Z] INFO: Información del usuario adjuntada a la solicitud: {"id":"670fcd293f9c5f4310b80da5","role":"admin","email":"maria.ceballos@davinci.edu.ar","username":"mceballos"}
[2025-02-11T20:26:47.432Z] INFO: Información del usuario adjuntada a la solicitud: {"id":"670fcd293f9c5f4310b80da5","role":"admin","email":"maria.ceballos@davinci.edu.ar","username":"mceballos"}
[2025-02-11T20:26:47.583Z] INFO: Información del usuario adjuntada a la solicitud: {"id":"670fcd293f9c5f4310b80da5","role":"admin","email":"maria.ceballos@davinci.edu.ar","username":"mceballos"}
[2025-02-11T20:26:47.744Z] INFO: Información del usuario adjuntada a la solicitud: {"id":"670fcd293f9c5f4310b80da5","role":"admin","email":"maria.ceballos@davinci.edu.ar","username":"mceballos"}
[2025-02-11T20:26:47.918Z] INFO: Información del usuario adjuntada a la solicitud: {"id":"670fcd293f9c5f4310b80da5","role":"admin","email":"maria.ceballos@davinci.edu.ar","username":"mceballos"}
[2025-02-11T20:26:48.084Z] INFO: Información del usuario adjuntada a la solicitud: {"id":"670fcd293f9c5f4310b80da5","role":"admin","email":"maria.ceballos@davinci.edu.ar","username":"mceballos"}
[2025-02-11T20:26:48.267Z] INFO: Información del usuario adjuntada a la solicitud: {"id":"670fcd293f9c5f4310b80da5","role":"admin","email":"maria.ceballos@davinci.edu.ar","username":"mceballos"}
[2025-02-11T20:27:00.969Z] INFO: Información del usuario adjuntada a la solicitud: {"id":"670fcd293f9c5f4310b80da5","role":"admin","email":"maria.ceballos@davinci.edu.ar","username":"mceballos"}
[2025-02-11T20:27:01.306Z] INFO: Información del usuario adjuntada a la solicitud: {"id":"670fcd293f9c5f4310b80da5","role":"admin","email":"maria.ceballos@davinci.edu.ar","username":"mceballos"}
[2025-02-11T20:27:01.571Z] INFO: Información del usuario adjuntada a la solicitud: {"id":"670fcd293f9c5f4310b80da5","role":"admin","email":"maria.ceballos@davinci.edu.ar","username":"mceballos"}
[2025-02-11T20:27:01.766Z] INFO: Información del usuario adjuntada a la solicitud: {"id":"670fcd293f9c5f4310b80da5","role":"admin","email":"maria.ceballos@davinci.edu.ar","username":"mceballos"}
[2025-02-11T20:27:01.767Z] INFO: Información del usuario adjuntada a la solicitud: {"id":"670fcd293f9c5f4310b80da5","role":"admin","email":"maria.ceballos@davinci.edu.ar","username":"mceballos"}
[2025-02-11T20:27:01.921Z] INFO: Información del usuario adjuntada a la solicitud: {"id":"670fcd293f9c5f4310b80da5","role":"admin","email":"maria.ceballos@davinci.edu.ar","username":"mceballos"}
[2025-02-11T20:27:02.077Z] INFO: Información del usuario adjuntada a la solicitud: {"id":"670fcd293f9c5f4310b80da5","role":"admin","email":"maria.ceballos@davinci.edu.ar","username":"mceballos"}
[2025-02-11T20:27:02.350Z] INFO: Información del usuario adjuntada a la solicitud: {"id":"670fcd293f9c5f4310b80da5","role":"admin","email":"maria.ceballos@davinci.edu.ar","username":"mceballos"}
[2025-02-11T20:27:02.434Z] INFO: Información del usuario adjuntada a la solicitud: {"id":"670fcd293f9c5f4310b80da5","role":"admin","email":"maria.ceballos@davinci.edu.ar","username":"mceballos"}
[2025-02-11T20:27:02.535Z] INFO: Información del usuario adjuntada a la solicitud: {"id":"670fcd293f9c5f4310b80da5","role":"admin","email":"maria.ceballos@davinci.edu.ar","username":"mceballos"}
[2025-02-11T20:27:02.619Z] INFO: Información del usuario adjuntada a la solicitud: {"id":"670fcd293f9c5f4310b80da5","role":"admin","email":"maria.ceballos@davinci.edu.ar","username":"mceballos"}
[2025-02-11T20:27:02.789Z] INFO: Información del usuario adjuntada a la solicitud: {"id":"670fcd293f9c5f4310b80da5","role":"admin","email":"maria.ceballos@davinci.edu.ar","username":"mceballos"}
[2025-02-11T20:27:02.853Z] INFO: Información del usuario adjuntada a la solicitud: {"id":"670fcd293f9c5f4310b80da5","role":"admin","email":"maria.ceballos@davinci.edu.ar","username":"mceballos"}
[2025-02-11T20:27:03.033Z] INFO: Información del usuario adjuntada a la solicitud: {"id":"670fcd293f9c5f4310b80da5","role":"admin","email":"maria.ceballos@davinci.edu.ar","username":"mceballos"}
[2025-02-11T20:27:03.200Z] INFO: Información del usuario adjuntada a la solicitud: {"id":"670fcd293f9c5f4310b80da5","role":"admin","email":"maria.ceballos@davinci.edu.ar","username":"mceballos"}
[2025-02-11T20:27:03.272Z] INFO: Información del usuario adjuntada a la solicitud: {"id":"670fcd293f9c5f4310b80da5","role":"admin","email":"maria.ceballos@davinci.edu.ar","username":"mceballos"}
[2025-02-11T20:27:03.395Z] INFO: Información del usuario adjuntada a la solicitud: {"id":"670fcd293f9c5f4310b80da5","role":"admin","email":"maria.ceballos@davinci.edu.ar","username":"mceballos"}
[2025-02-11T20:27:03.441Z] INFO: Información del usuario adjuntada a la solicitud: {"id":"670fcd293f9c5f4310b80da5","role":"admin","email":"maria.ceballos@davinci.edu.ar","username":"mceballos"}
[2025-02-11T20:27:03.597Z] INFO: Información del usuario adjuntada a la solicitud: {"id":"670fcd293f9c5f4310b80da5","role":"admin","email":"maria.ceballos@davinci.edu.ar","username":"mceballos"}
[2025-02-11T20:27:03.752Z] INFO: Información del usuario adjuntada a la solicitud: {"id":"670fcd293f9c5f4310b80da5","role":"admin","email":"maria.ceballos@davinci.edu.ar","username":"mceballos"}
[2025-02-11T20:27:03.944Z] INFO: Información del usuario adjuntada a la solicitud: {"id":"670fcd293f9c5f4310b80da5","role":"admin","email":"maria.ceballos@davinci.edu.ar","username":"mceballos"}
[2025-02-11T20:27:04.120Z] INFO: Información del usuario adjuntada a la solicitud: {"id":"670fcd293f9c5f4310b80da5","role":"admin","email":"maria.ceballos@davinci.edu.ar","username":"mceballos"}
[2025-02-11T20:27:04.325Z] INFO: Información del usuario adjuntada a la solicitud: {"id":"670fcd293f9c5f4310b80da5","role":"admin","email":"maria.ceballos@davinci.edu.ar","username":"mceballos"}
[2025-02-11T20:27:04.558Z] INFO: Información del usuario adjuntada a la solicitud: {"id":"670fcd293f9c5f4310b80da5","role":"admin","email":"maria.ceballos@davinci.edu.ar","username":"mceballos"}
[2025-02-11T20:27:04.747Z] INFO: Información del usuario adjuntada a la solicitud: {"id":"670fcd293f9c5f4310b80da5","role":"admin","email":"maria.ceballos@davinci.edu.ar","username":"mceballos"}
[2025-02-11T20:27:04.913Z] INFO: Información del usuario adjuntada a la solicitud: {"id":"670fcd293f9c5f4310b80da5","role":"admin","email":"maria.ceballos@davinci.edu.ar","username":"mceballos"}
[2025-02-11T20:27:05.079Z] INFO: Información del usuario adjuntada a la solicitud: {"id":"670fcd293f9c5f4310b80da5","role":"admin","email":"maria.ceballos@davinci.edu.ar","username":"mceballos"}
[2025-02-11T20:27:05.231Z] INFO: Información del usuario adjuntada a la solicitud: {"id":"670fcd293f9c5f4310b80da5","role":"admin","email":"maria.ceballos@davinci.edu.ar","username":"mceballos"}
[2025-02-11T20:27:05.403Z] INFO: Información del usuario adjuntada a la solicitud: {"id":"670fcd293f9c5f4310b80da5","role":"admin","email":"maria.ceballos@davinci.edu.ar","username":"mceballos"}
[2025-02-11T20:27:05.558Z] INFO: Información del usuario adjuntada a la solicitud: {"id":"670fcd293f9c5f4310b80da5","role":"admin","email":"maria.ceballos@davinci.edu.ar","username":"mceballos"}
[2025-02-11T20:27:05.730Z] INFO: Información del usuario adjuntada a la solicitud: {"id":"670fcd293f9c5f4310b80da5","role":"admin","email":"maria.ceballos@davinci.edu.ar","username":"mceballos"}
[2025-02-11T20:27:05.913Z] INFO: Información del usuario adjuntada a la solicitud: {"id":"670fcd293f9c5f4310b80da5","role":"admin","email":"maria.ceballos@davinci.edu.ar","username":"mceballos"}
[2025-02-11T20:27:06.073Z] INFO: Información del usuario adjuntada a la solicitud: {"id":"670fcd293f9c5f4310b80da5","role":"admin","email":"maria.ceballos@davinci.edu.ar","username":"mceballos"}
[2025-02-11T20:27:06.238Z] INFO: Información del usuario adjuntada a la solicitud: {"id":"670fcd293f9c5f4310b80da5","role":"admin","email":"maria.ceballos@davinci.edu.ar","username":"mceballos"}
[2025-02-11T20:27:06.407Z] INFO: Información del usuario adjuntada a la solicitud: {"id":"670fcd293f9c5f4310b80da5","role":"admin","email":"maria.ceballos@davinci.edu.ar","username":"mceballos"}
[2025-02-11T20:27:06.571Z] INFO: Información del usuario adjuntada a la solicitud: {"id":"670fcd293f9c5f4310b80da5","role":"admin","email":"maria.ceballos@davinci.edu.ar","username":"mceballos"}
[2025-02-11T20:27:06.735Z] INFO: Información del usuario adjuntada a la solicitud: {"id":"670fcd293f9c5f4310b80da5","role":"admin","email":"maria.ceballos@davinci.edu.ar","username":"mceballos"}
[2025-02-11T20:27:06.891Z] INFO: Información del usuario adjuntada a la solicitud: {"id":"670fcd293f9c5f4310b80da5","role":"admin","email":"maria.ceballos@davinci.edu.ar","username":"mceballos"}
[2025-02-11T20:27:07.074Z] INFO: Información del usuario adjuntada a la solicitud: {"id":"670fcd293f9c5f4310b80da5","role":"admin","email":"maria.ceballos@davinci.edu.ar","username":"mceballos"}
[2025-02-11T20:27:07.229Z] INFO: Información del usuario adjuntada a la solicitud: {"id":"670fcd293f9c5f4310b80da5","role":"admin","email":"maria.ceballos@davinci.edu.ar","username":"mceballos"}
[2025-02-11T20:27:07.382Z] INFO: Información del usuario adjuntada a la solicitud: {"id":"670fcd293f9c5f4310b80da5","role":"admin","email":"maria.ceballos@davinci.edu.ar","username":"mceballos"}
[2025-02-11T20:27:07.539Z] INFO: Información del usuario adjuntada a la solicitud: {"id":"670fcd293f9c5f4310b80da5","role":"admin","email":"maria.ceballos@davinci.edu.ar","username":"mceballos"}
[2025-02-11T20:27:07.710Z] INFO: Información del usuario adjuntada a la solicitud: {"id":"670fcd293f9c5f4310b80da5","role":"admin","email":"maria.ceballos@davinci.edu.ar","username":"mceballos"}
[2025-02-11T20:27:07.874Z] INFO: Información del usuario adjuntada a la solicitud: {"id":"670fcd293f9c5f4310b80da5","role":"admin","email":"maria.ceballos@davinci.edu.ar","username":"mceballos"}
[2025-02-11T20:27:08.063Z] INFO: Información del usuario adjuntada a la solicitud: {"id":"670fcd293f9c5f4310b80da5","role":"admin","email":"maria.ceballos@davinci.edu.ar","username":"mceballos"}
[2025-02-11T20:27:08.223Z] INFO: Información del usuario adjuntada a la solicitud: {"id":"670fcd293f9c5f4310b80da5","role":"admin","email":"maria.ceballos@davinci.edu.ar","username":"mceballos"}
[2025-02-11T20:27:08.390Z] INFO: Información del usuario adjuntada a la solicitud: {"id":"670fcd293f9c5f4310b80da5","role":"admin","email":"maria.ceballos@davinci.edu.ar","username":"mceballos"}
[2025-02-11T20:27:08.563Z] INFO: Información del usuario adjuntada a la solicitud: {"id":"670fcd293f9c5f4310b80da5","role":"admin","email":"maria.ceballos@davinci.edu.ar","username":"mceballos"}
[2025-02-11T20:27:08.733Z] INFO: Información del usuario adjuntada a la solicitud: {"id":"670fcd293f9c5f4310b80da5","role":"admin","email":"maria.ceballos@davinci.edu.ar","username":"mceballos"}
[2025-02-11T20:27:08.894Z] INFO: Información del usuario adjuntada a la solicitud: {"id":"670fcd293f9c5f4310b80da5","role":"admin","email":"maria.ceballos@davinci.edu.ar","username":"mceballos"}
[2025-02-11T20:27:09.075Z] INFO: Información del usuario adjuntada a la solicitud: {"id":"670fcd293f9c5f4310b80da5","role":"admin","email":"maria.ceballos@davinci.edu.ar","username":"mceballos"}
[2025-02-11T20:27:09.245Z] INFO: Información del usuario adjuntada a la solicitud: {"id":"670fcd293f9c5f4310b80da5","role":"admin","email":"maria.ceballos@davinci.edu.ar","username":"mceballos"}
[2025-02-11T20:27:09.401Z] INFO: Información del usuario adjuntada a la solicitud: {"id":"670fcd293f9c5f4310b80da5","role":"admin","email":"maria.ceballos@davinci.edu.ar","username":"mceballos"}
[2025-02-11T20:27:09.554Z] INFO: Información del usuario adjuntada a la solicitud: {"id":"670fcd293f9c5f4310b80da5","role":"admin","email":"maria.ceballos@davinci.edu.ar","username":"mceballos"}
[2025-02-11T20:27:09.713Z] INFO: Información del usuario adjuntada a la solicitud: {"id":"670fcd293f9c5f4310b80da5","role":"admin","email":"maria.ceballos@davinci.edu.ar","username":"mceballos"}
[2025-02-11T20:27:09.949Z] INFO: Información del usuario adjuntada a la solicitud: {"id":"670fcd293f9c5f4310b80da5","role":"admin","email":"maria.ceballos@davinci.edu.ar","username":"mceballos"}
[2025-02-11T20:27:10.123Z] INFO: Información del usuario adjuntada a la solicitud: {"id":"670fcd293f9c5f4310b80da5","role":"admin","email":"maria.ceballos@davinci.edu.ar","username":"mceballos"}
[2025-02-11T20:27:10.279Z] INFO: Información del usuario adjuntada a la solicitud: {"id":"670fcd293f9c5f4310b80da5","role":"admin","email":"maria.ceballos@davinci.edu.ar","username":"mceballos"}
[2025-02-11T20:27:10.468Z] INFO: Información del usuario adjuntada a la solicitud: {"id":"670fcd293f9c5f4310b80da5","role":"admin","email":"maria.ceballos@davinci.edu.ar","username":"mceballos"}
[2025-02-11T20:27:10.729Z] INFO: Información del usuario adjuntada a la solicitud: {"id":"670fcd293f9c5f4310b80da5","role":"admin","email":"maria.ceballos@davinci.edu.ar","username":"mceballos"}
[2025-02-11T20:27:10.912Z] INFO: Información del usuario adjuntada a la solicitud: {"id":"670fcd293f9c5f4310b80da5","role":"admin","email":"maria.ceballos@davinci.edu.ar","username":"mceballos"}
[2025-02-11T20:27:11.108Z] INFO: Información del usuario adjuntada a la solicitud: {"id":"670fcd293f9c5f4310b80da5","role":"admin","email":"maria.ceballos@davinci.edu.ar","username":"mceballos"}
[2025-02-11T20:27:11.289Z] INFO: Información del usuario adjuntada a la solicitud: {"id":"670fcd293f9c5f4310b80da5","role":"admin","email":"maria.ceballos@davinci.edu.ar","username":"mceballos"}
[2025-02-11T20:27:11.467Z] INFO: Información del usuario adjuntada a la solicitud: {"id":"670fcd293f9c5f4310b80da5","role":"admin","email":"maria.ceballos@davinci.edu.ar","username":"mceballos"}
[2025-02-11T20:27:11.648Z] INFO: Información del usuario adjuntada a la solicitud: {"id":"670fcd293f9c5f4310b80da5","role":"admin","email":"maria.ceballos@davinci.edu.ar","username":"mceballos"}
[2025-02-11T20:27:11.807Z] INFO: Información del usuario adjuntada a la solicitud: {"id":"670fcd293f9c5f4310b80da5","role":"admin","email":"maria.ceballos@davinci.edu.ar","username":"mceballos"}
[2025-02-11T20:27:11.998Z] INFO: Información del usuario adjuntada a la solicitud: {"id":"670fcd293f9c5f4310b80da5","role":"admin","email":"maria.ceballos@davinci.edu.ar","username":"mceballos"}
[2025-02-11T20:27:12.171Z] INFO: Información del usuario adjuntada a la solicitud: {"id":"670fcd293f9c5f4310b80da5","role":"admin","email":"maria.ceballos@davinci.edu.ar","username":"mceballos"}
[2025-02-11T20:27:12.366Z] INFO: Información del usuario adjuntada a la solicitud: {"id":"670fcd293f9c5f4310b80da5","role":"admin","email":"maria.ceballos@davinci.edu.ar","username":"mceballos"}
[2025-02-11T20:27:12.523Z] INFO: Información del usuario adjuntada a la solicitud: {"id":"670fcd293f9c5f4310b80da5","role":"admin","email":"maria.ceballos@davinci.edu.ar","username":"mceballos"}
[2025-02-11T20:27:12.709Z] INFO: Información del usuario adjuntada a la solicitud: {"id":"670fcd293f9c5f4310b80da5","role":"admin","email":"maria.ceballos@davinci.edu.ar","username":"mceballos"}
[2025-02-11T20:27:12.911Z] INFO: Información del usuario adjuntada a la solicitud: {"id":"670fcd293f9c5f4310b80da5","role":"admin","email":"maria.ceballos@davinci.edu.ar","username":"mceballos"}
[2025-02-11T20:27:13.090Z] INFO: Información del usuario adjuntada a la solicitud: {"id":"670fcd293f9c5f4310b80da5","role":"admin","email":"maria.ceballos@davinci.edu.ar","username":"mceballos"}
[2025-02-11T20:27:13.272Z] INFO: Información del usuario adjuntada a la solicitud: {"id":"670fcd293f9c5f4310b80da5","role":"admin","email":"maria.ceballos@davinci.edu.ar","username":"mceballos"}
[2025-02-11T20:27:13.440Z] INFO: Información del usuario adjuntada a la solicitud: {"id":"670fcd293f9c5f4310b80da5","role":"admin","email":"maria.ceballos@davinci.edu.ar","username":"mceballos"}
[2025-02-11T20:27:13.598Z] INFO: Información del usuario adjuntada a la solicitud: {"id":"670fcd293f9c5f4310b80da5","role":"admin","email":"maria.ceballos@davinci.edu.ar","username":"mceballos"}
[2025-02-11T20:27:13.786Z] INFO: Información del usuario adjuntada a la solicitud: {"id":"670fcd293f9c5f4310b80da5","role":"admin","email":"maria.ceballos@davinci.edu.ar","username":"mceballos"}
[2025-02-11T20:27:13.956Z] INFO: Información del usuario adjuntada a la solicitud: {"id":"670fcd293f9c5f4310b80da5","role":"admin","email":"maria.ceballos@davinci.edu.ar","username":"mceballos"}
[2025-02-11T20:27:14.116Z] INFO: Información del usuario adjuntada a la solicitud: {"id":"670fcd293f9c5f4310b80da5","role":"admin","email":"maria.ceballos@davinci.edu.ar","username":"mceballos"}
[2025-02-11T20:27:14.311Z] INFO: Información del usuario adjuntada a la solicitud: {"id":"670fcd293f9c5f4310b80da5","role":"admin","email":"maria.ceballos@davinci.edu.ar","username":"mceballos"}
[2025-02-11T20:27:14.472Z] INFO: Información del usuario adjuntada a la solicitud: {"id":"670fcd293f9c5f4310b80da5","role":"admin","email":"maria.ceballos@davinci.edu.ar","username":"mceballos"}
[2025-02-11T20:27:14.656Z] INFO: Información del usuario adjuntada a la solicitud: {"id":"670fcd293f9c5f4310b80da5","role":"admin","email":"maria.ceballos@davinci.edu.ar","username":"mceballos"}
[2025-02-11T20:27:14.843Z] INFO: Información del usuario adjuntada a la solicitud: {"id":"670fcd293f9c5f4310b80da5","role":"admin","email":"maria.ceballos@davinci.edu.ar","username":"mceballos"}
[2025-02-11T20:27:15.004Z] INFO: Información del usuario adjuntada a la solicitud: {"id":"670fcd293f9c5f4310b80da5","role":"admin","email":"maria.ceballos@davinci.edu.ar","username":"mceballos"}
[2025-02-11T20:27:15.178Z] INFO: Información del usuario adjuntada a la solicitud: {"id":"670fcd293f9c5f4310b80da5","role":"admin","email":"maria.ceballos@davinci.edu.ar","username":"mceballos"}
[2025-02-11T20:27:15.345Z] INFO: Información del usuario adjuntada a la solicitud: {"id":"670fcd293f9c5f4310b80da5","role":"admin","email":"maria.ceballos@davinci.edu.ar","username":"mceballos"}
[2025-02-11T20:27:15.625Z] INFO: Información del usuario adjuntada a la solicitud: {"id":"670fcd293f9c5f4310b80da5","role":"admin","email":"maria.ceballos@davinci.edu.ar","username":"mceballos"}
[2025-02-11T20:27:15.870Z] INFO: Información del usuario adjuntada a la solicitud: {"id":"670fcd293f9c5f4310b80da5","role":"admin","email":"maria.ceballos@davinci.edu.ar","username":"mceballos"}
[2025-02-11T20:27:16.110Z] INFO: Información del usuario adjuntada a la solicitud: {"id":"670fcd293f9c5f4310b80da5","role":"admin","email":"maria.ceballos@davinci.edu.ar","username":"mceballos"}
[2025-02-11T20:27:16.299Z] INFO: Información del usuario adjuntada a la solicitud: {"id":"670fcd293f9c5f4310b80da5","role":"admin","email":"maria.ceballos@davinci.edu.ar","username":"mceballos"}
[2025-02-11T20:27:16.471Z] INFO: Información del usuario adjuntada a la solicitud: {"id":"670fcd293f9c5f4310b80da5","role":"admin","email":"maria.ceballos@davinci.edu.ar","username":"mceballos"}
[2025-02-11T20:27:16.638Z] INFO: Información del usuario adjuntada a la solicitud: {"id":"670fcd293f9c5f4310b80da5","role":"admin","email":"maria.ceballos@davinci.edu.ar","username":"mceballos"}
[2025-02-11T20:27:16.818Z] INFO: Información del usuario adjuntada a la solicitud: {"id":"670fcd293f9c5f4310b80da5","role":"admin","email":"maria.ceballos@davinci.edu.ar","username":"mceballos"}
[2025-02-11T20:27:16.982Z] INFO: Información del usuario adjuntada a la solicitud: {"id":"670fcd293f9c5f4310b80da5","role":"admin","email":"maria.ceballos@davinci.edu.ar","username":"mceballos"}
[2025-02-11T20:27:17.134Z] INFO: Información del usuario adjuntada a la solicitud: {"id":"670fcd293f9c5f4310b80da5","role":"admin","email":"maria.ceballos@davinci.edu.ar","username":"mceballos"}
[2025-02-11T20:27:17.304Z] INFO: Información del usuario adjuntada a la solicitud: {"id":"670fcd293f9c5f4310b80da5","role":"admin","email":"maria.ceballos@davinci.edu.ar","username":"mceballos"}
[2025-02-11T20:27:17.475Z] INFO: Información del usuario adjuntada a la solicitud: {"id":"670fcd293f9c5f4310b80da5","role":"admin","email":"maria.ceballos@davinci.edu.ar","username":"mceballos"}
[2025-02-11T20:27:17.642Z] INFO: Información del usuario adjuntada a la solicitud: {"id":"670fcd293f9c5f4310b80da5","role":"admin","email":"maria.ceballos@davinci.edu.ar","username":"mceballos"}
[2025-02-11T20:27:17.797Z] INFO: Información del usuario adjuntada a la solicitud: {"id":"670fcd293f9c5f4310b80da5","role":"admin","email":"maria.ceballos@davinci.edu.ar","username":"mceballos"}
[2025-02-11T20:27:17.948Z] INFO: Información del usuario adjuntada a la solicitud: {"id":"670fcd293f9c5f4310b80da5","role":"admin","email":"maria.ceballos@davinci.edu.ar","username":"mceballos"}
[2025-02-11T20:27:18.108Z] INFO: Información del usuario adjuntada a la solicitud: {"id":"670fcd293f9c5f4310b80da5","role":"admin","email":"maria.ceballos@davinci.edu.ar","username":"mceballos"}
[2025-02-11T20:27:18.256Z] INFO: Información del usuario adjuntada a la solicitud: {"id":"670fcd293f9c5f4310b80da5","role":"admin","email":"maria.ceballos@davinci.edu.ar","username":"mceballos"}
[2025-02-11T20:27:18.449Z] INFO: Información del usuario adjuntada a la solicitud: {"id":"670fcd293f9c5f4310b80da5","role":"admin","email":"maria.ceballos@davinci.edu.ar","username":"mceballos"}
[2025-02-11T20:27:18.632Z] INFO: Información del usuario adjuntada a la solicitud: {"id":"670fcd293f9c5f4310b80da5","role":"admin","email":"maria.ceballos@davinci.edu.ar","username":"mceballos"}
[2025-02-11T20:27:18.803Z] INFO: Información del usuario adjuntada a la solicitud: {"id":"670fcd293f9c5f4310b80da5","role":"admin","email":"maria.ceballos@davinci.edu.ar","username":"mceballos"}
[2025-02-11T20:27:18.970Z] INFO: Información del usuario adjuntada a la solicitud: {"id":"670fcd293f9c5f4310b80da5","role":"admin","email":"maria.ceballos@davinci.edu.ar","username":"mceballos"}
[2025-02-11T20:27:19.133Z] INFO: Información del usuario adjuntada a la solicitud: {"id":"670fcd293f9c5f4310b80da5","role":"admin","email":"maria.ceballos@davinci.edu.ar","username":"mceballos"}
[2025-02-11T20:27:19.310Z] INFO: Información del usuario adjuntada a la solicitud: {"id":"670fcd293f9c5f4310b80da5","role":"admin","email":"maria.ceballos@davinci.edu.ar","username":"mceballos"}
[2025-02-11T20:27:19.470Z] INFO: Información del usuario adjuntada a la solicitud: {"id":"670fcd293f9c5f4310b80da5","role":"admin","email":"maria.ceballos@davinci.edu.ar","username":"mceballos"}
[2025-02-11T20:27:19.637Z] INFO: Información del usuario adjuntada a la solicitud: {"id":"670fcd293f9c5f4310b80da5","role":"admin","email":"maria.ceballos@davinci.edu.ar","username":"mceballos"}
[2025-02-11T20:27:19.795Z] INFO: Información del usuario adjuntada a la solicitud: {"id":"670fcd293f9c5f4310b80da5","role":"admin","email":"maria.ceballos@davinci.edu.ar","username":"mceballos"}
[2025-02-11T20:27:19.991Z] INFO: Información del usuario adjuntada a la solicitud: {"id":"670fcd293f9c5f4310b80da5","role":"admin","email":"maria.ceballos@davinci.edu.ar","username":"mceballos"}
[2025-02-11T20:27:20.156Z] INFO: Información del usuario adjuntada a la solicitud: {"id":"670fcd293f9c5f4310b80da5","role":"admin","email":"maria.ceballos@davinci.edu.ar","username":"mceballos"}
[2025-02-11T20:27:20.333Z] INFO: Información del usuario adjuntada a la solicitud: {"id":"670fcd293f9c5f4310b80da5","role":"admin","email":"maria.ceballos@davinci.edu.ar","username":"mceballos"}
[2025-02-11T20:27:20.488Z] INFO: Información del usuario adjuntada a la solicitud: {"id":"670fcd293f9c5f4310b80da5","role":"admin","email":"maria.ceballos@davinci.edu.ar","username":"mceballos"}
[2025-02-11T20:27:20.659Z] INFO: Información del usuario adjuntada a la solicitud: {"id":"670fcd293f9c5f4310b80da5","role":"admin","email":"maria.ceballos@davinci.edu.ar","username":"mceballos"}
[2025-02-11T20:27:26.791Z] INFO: Usuario encontrado: mceballos
[2025-02-11T20:27:26.847Z] INFO: Token generado para usuario: mceballos
[2025-02-11T20:27:26.911Z] INFO: Información del usuario adjuntada a la solicitud: {"id":"670fcd293f9c5f4310b80da5","role":"admin","email":"maria.ceballos@davinci.edu.ar","username":"mceballos"}
[2025-02-11T20:27:27.054Z] INFO: Información del usuario adjuntada a la solicitud: {"id":"670fcd293f9c5f4310b80da5","role":"admin","email":"maria.ceballos@davinci.edu.ar","username":"mceballos"}
[2025-02-11T20:27:28.941Z] INFO: Información del usuario adjuntada a la solicitud: {"id":"670fcd293f9c5f4310b80da5","role":"admin","email":"maria.ceballos@davinci.edu.ar","username":"mceballos"}
[2025-02-11T20:27:29.141Z] INFO: Información del usuario adjuntada a la solicitud: {"id":"670fcd293f9c5f4310b80da5","role":"admin","email":"maria.ceballos@davinci.edu.ar","username":"mceballos"}
[2025-02-11T20:27:29.175Z] INFO: Información del usuario adjuntada a la solicitud: {"id":"670fcd293f9c5f4310b80da5","role":"admin","email":"maria.ceballos@davinci.edu.ar","username":"mceballos"}
[2025-02-11T20:27:29.450Z] INFO: Información del usuario adjuntada a la solicitud: {"id":"670fcd293f9c5f4310b80da5","role":"admin","email":"maria.ceballos@davinci.edu.ar","username":"mceballos"}
[2025-02-11T20:27:29.454Z] INFO: Información del usuario adjuntada a la solicitud: {"id":"670fcd293f9c5f4310b80da5","role":"admin","email":"maria.ceballos@davinci.edu.ar","username":"mceballos"}
[2025-02-11T20:27:29.774Z] INFO: Información del usuario adjuntada a la solicitud: {"id":"670fcd293f9c5f4310b80da5","role":"admin","email":"maria.ceballos@davinci.edu.ar","username":"mceballos"}
[2025-02-11T20:27:29.799Z] INFO: Información del usuario adjuntada a la solicitud: {"id":"670fcd293f9c5f4310b80da5","role":"admin","email":"maria.ceballos@davinci.edu.ar","username":"mceballos"}
[2025-02-11T20:27:30.020Z] INFO: Información del usuario adjuntada a la solicitud: {"id":"670fcd293f9c5f4310b80da5","role":"admin","email":"maria.ceballos@davinci.edu.ar","username":"mceballos"}
[2025-02-11T20:27:30.199Z] INFO: Información del usuario adjuntada a la solicitud: {"id":"670fcd293f9c5f4310b80da5","role":"admin","email":"maria.ceballos@davinci.edu.ar","username":"mceballos"}
[2025-02-11T20:27:30.424Z] INFO: Información del usuario adjuntada a la solicitud: {"id":"670fcd293f9c5f4310b80da5","role":"admin","email":"maria.ceballos@davinci.edu.ar","username":"mceballos"}
[2025-02-11T20:27:30.596Z] INFO: Información del usuario adjuntada a la solicitud: {"id":"670fcd293f9c5f4310b80da5","role":"admin","email":"maria.ceballos@davinci.edu.ar","username":"mceballos"}
[2025-02-11T20:27:30.753Z] INFO: Información del usuario adjuntada a la solicitud: {"id":"670fcd293f9c5f4310b80da5","role":"admin","email":"maria.ceballos@davinci.edu.ar","username":"mceballos"}
[2025-02-11T20:27:30.940Z] INFO: Información del usuario adjuntada a la solicitud: {"id":"670fcd293f9c5f4310b80da5","role":"admin","email":"maria.ceballos@davinci.edu.ar","username":"mceballos"}
[2025-02-11T20:27:31.149Z] INFO: Información del usuario adjuntada a la solicitud: {"id":"670fcd293f9c5f4310b80da5","role":"admin","email":"maria.ceballos@davinci.edu.ar","username":"mceballos"}
[2025-02-11T20:27:31.323Z] INFO: Información del usuario adjuntada a la solicitud: {"id":"670fcd293f9c5f4310b80da5","role":"admin","email":"maria.ceballos@davinci.edu.ar","username":"mceballos"}
[2025-02-11T20:27:31.496Z] INFO: Información del usuario adjuntada a la solicitud: {"id":"670fcd293f9c5f4310b80da5","role":"admin","email":"maria.ceballos@davinci.edu.ar","username":"mceballos"}
[2025-02-11T20:27:31.662Z] INFO: Información del usuario adjuntada a la solicitud: {"id":"670fcd293f9c5f4310b80da5","role":"admin","email":"maria.ceballos@davinci.edu.ar","username":"mceballos"}
[2025-02-11T20:27:31.878Z] INFO: Información del usuario adjuntada a la solicitud: {"id":"670fcd293f9c5f4310b80da5","role":"admin","email":"maria.ceballos@davinci.edu.ar","username":"mceballos"}
[2025-02-11T20:27:32.060Z] INFO: Información del usuario adjuntada a la solicitud: {"id":"670fcd293f9c5f4310b80da5","role":"admin","email":"maria.ceballos@davinci.edu.ar","username":"mceballos"}
[2025-02-11T20:27:32.217Z] INFO: Información del usuario adjuntada a la solicitud: {"id":"670fcd293f9c5f4310b80da5","role":"admin","email":"maria.ceballos@davinci.edu.ar","username":"mceballos"}
[2025-02-11T20:27:32.383Z] INFO: Información del usuario adjuntada a la solicitud: {"id":"670fcd293f9c5f4310b80da5","role":"admin","email":"maria.ceballos@davinci.edu.ar","username":"mceballos"}
[2025-02-11T20:27:32.553Z] INFO: Información del usuario adjuntada a la solicitud: {"id":"670fcd293f9c5f4310b80da5","role":"admin","email":"maria.ceballos@davinci.edu.ar","username":"mceballos"}
[2025-02-11T20:27:32.724Z] INFO: Información del usuario adjuntada a la solicitud: {"id":"670fcd293f9c5f4310b80da5","role":"admin","email":"maria.ceballos@davinci.edu.ar","username":"mceballos"}
[2025-02-11T20:27:32.888Z] INFO: Información del usuario adjuntada a la solicitud: {"id":"670fcd293f9c5f4310b80da5","role":"admin","email":"maria.ceballos@davinci.edu.ar","username":"mceballos"}
[2025-02-11T20:27:33.060Z] INFO: Información del usuario adjuntada a la solicitud: {"id":"670fcd293f9c5f4310b80da5","role":"admin","email":"maria.ceballos@davinci.edu.ar","username":"mceballos"}
[2025-02-11T20:27:33.237Z] INFO: Información del usuario adjuntada a la solicitud: {"id":"670fcd293f9c5f4310b80da5","role":"admin","email":"maria.ceballos@davinci.edu.ar","username":"mceballos"}
[2025-02-11T20:27:33.410Z] INFO: Información del usuario adjuntada a la solicitud: {"id":"670fcd293f9c5f4310b80da5","role":"admin","email":"maria.ceballos@davinci.edu.ar","username":"mceballos"}
[2025-02-11T20:27:33.570Z] INFO: Información del usuario adjuntada a la solicitud: {"id":"670fcd293f9c5f4310b80da5","role":"admin","email":"maria.ceballos@davinci.edu.ar","username":"mceballos"}
[2025-02-11T20:27:33.854Z] INFO: Información del usuario adjuntada a la solicitud: {"id":"670fcd293f9c5f4310b80da5","role":"admin","email":"maria.ceballos@davinci.edu.ar","username":"mceballos"}
[2025-02-11T20:27:34.022Z] INFO: Información del usuario adjuntada a la solicitud: {"id":"670fcd293f9c5f4310b80da5","role":"admin","email":"maria.ceballos@davinci.edu.ar","username":"mceballos"}
[2025-02-11T20:27:34.226Z] INFO: Información del usuario adjuntada a la solicitud: {"id":"670fcd293f9c5f4310b80da5","role":"admin","email":"maria.ceballos@davinci.edu.ar","username":"mceballos"}
[2025-02-11T20:27:34.417Z] INFO: Información del usuario adjuntada a la solicitud: {"id":"670fcd293f9c5f4310b80da5","role":"admin","email":"maria.ceballos@davinci.edu.ar","username":"mceballos"}
[2025-02-11T20:27:34.573Z] INFO: Información del usuario adjuntada a la solicitud: {"id":"670fcd293f9c5f4310b80da5","role":"admin","email":"maria.ceballos@davinci.edu.ar","username":"mceballos"}
[2025-02-11T20:27:34.738Z] INFO: Información del usuario adjuntada a la solicitud: {"id":"670fcd293f9c5f4310b80da5","role":"admin","email":"maria.ceballos@davinci.edu.ar","username":"mceballos"}
[2025-02-11T20:27:34.897Z] INFO: Información del usuario adjuntada a la solicitud: {"id":"670fcd293f9c5f4310b80da5","role":"admin","email":"maria.ceballos@davinci.edu.ar","username":"mceballos"}
[2025-02-11T20:27:35.082Z] INFO: Información del usuario adjuntada a la solicitud: {"id":"670fcd293f9c5f4310b80da5","role":"admin","email":"maria.ceballos@davinci.edu.ar","username":"mceballos"}
[2025-02-11T20:27:36.482Z] INFO: Información del usuario adjuntada a la solicitud: {"id":"670fcd293f9c5f4310b80da5","role":"admin","email":"maria.ceballos@davinci.edu.ar","username":"mceballos"}
[2025-02-11T20:27:36.660Z] INFO: Información del usuario adjuntada a la solicitud: {"id":"670fcd293f9c5f4310b80da5","role":"admin","email":"maria.ceballos@davinci.edu.ar","username":"mceballos"}
[2025-02-11T20:27:36.684Z] INFO: Información del usuario adjuntada a la solicitud: {"id":"670fcd293f9c5f4310b80da5","role":"admin","email":"maria.ceballos@davinci.edu.ar","username":"mceballos"}
[2025-02-11T20:27:36.862Z] INFO: Información del usuario adjuntada a la solicitud: {"id":"670fcd293f9c5f4310b80da5","role":"admin","email":"maria.ceballos@davinci.edu.ar","username":"mceballos"}
[2025-02-11T20:27:37.031Z] INFO: Información del usuario adjuntada a la solicitud: {"id":"670fcd293f9c5f4310b80da5","role":"admin","email":"maria.ceballos@davinci.edu.ar","username":"mceballos"}
[2025-02-11T20:27:37.187Z] INFO: Información del usuario adjuntada a la solicitud: {"id":"670fcd293f9c5f4310b80da5","role":"admin","email":"maria.ceballos@davinci.edu.ar","username":"mceballos"}
[2025-02-11T20:27:37.363Z] INFO: Información del usuario adjuntada a la solicitud: {"id":"670fcd293f9c5f4310b80da5","role":"admin","email":"maria.ceballos@davinci.edu.ar","username":"mceballos"}
[2025-02-11T20:27:37.533Z] INFO: Información del usuario adjuntada a la solicitud: {"id":"670fcd293f9c5f4310b80da5","role":"admin","email":"maria.ceballos@davinci.edu.ar","username":"mceballos"}
[2025-02-11T20:27:37.717Z] INFO: Información del usuario adjuntada a la solicitud: {"id":"670fcd293f9c5f4310b80da5","role":"admin","email":"maria.ceballos@davinci.edu.ar","username":"mceballos"}
[2025-02-11T20:27:37.920Z] INFO: Información del usuario adjuntada a la solicitud: {"id":"670fcd293f9c5f4310b80da5","role":"admin","email":"maria.ceballos@davinci.edu.ar","username":"mceballos"}
[2025-02-11T20:27:38.085Z] INFO: Información del usuario adjuntada a la solicitud: {"id":"670fcd293f9c5f4310b80da5","role":"admin","email":"maria.ceballos@davinci.edu.ar","username":"mceballos"}
[2025-02-11T20:27:38.267Z] INFO: Información del usuario adjuntada a la solicitud: {"id":"670fcd293f9c5f4310b80da5","role":"admin","email":"maria.ceballos@davinci.edu.ar","username":"mceballos"}
[2025-02-11T20:27:38.477Z] INFO: Información del usuario adjuntada a la solicitud: {"id":"670fcd293f9c5f4310b80da5","role":"admin","email":"maria.ceballos@davinci.edu.ar","username":"mceballos"}
[2025-02-11T20:27:38.634Z] INFO: Información del usuario adjuntada a la solicitud: {"id":"670fcd293f9c5f4310b80da5","role":"admin","email":"maria.ceballos@davinci.edu.ar","username":"mceballos"}
[2025-02-11T20:27:38.796Z] INFO: Información del usuario adjuntada a la solicitud: {"id":"670fcd293f9c5f4310b80da5","role":"admin","email":"maria.ceballos@davinci.edu.ar","username":"mceballos"}
[2025-02-11T20:27:38.975Z] INFO: Información del usuario adjuntada a la solicitud: {"id":"670fcd293f9c5f4310b80da5","role":"admin","email":"maria.ceballos@davinci.edu.ar","username":"mceballos"}
[2025-02-11T20:27:39.208Z] INFO: Información del usuario adjuntada a la solicitud: {"id":"670fcd293f9c5f4310b80da5","role":"admin","email":"maria.ceballos@davinci.edu.ar","username":"mceballos"}
[2025-02-11T20:27:39.382Z] INFO: Información del usuario adjuntada a la solicitud: {"id":"670fcd293f9c5f4310b80da5","role":"admin","email":"maria.ceballos@davinci.edu.ar","username":"mceballos"}
[2025-02-11T20:27:39.680Z] INFO: Información del usuario adjuntada a la solicitud: {"id":"670fcd293f9c5f4310b80da5","role":"admin","email":"maria.ceballos@davinci.edu.ar","username":"mceballos"}
[2025-02-11T20:27:39.843Z] INFO: Información del usuario adjuntada a la solicitud: {"id":"670fcd293f9c5f4310b80da5","role":"admin","email":"maria.ceballos@davinci.edu.ar","username":"mceballos"}
[2025-02-11T20:27:39.881Z] INFO: Información del usuario adjuntada a la solicitud: {"id":"670fcd293f9c5f4310b80da5","role":"admin","email":"maria.ceballos@davinci.edu.ar","username":"mceballos"}
[2025-02-11T20:27:40.104Z] INFO: Información del usuario adjuntada a la solicitud: {"id":"670fcd293f9c5f4310b80da5","role":"admin","email":"maria.ceballos@davinci.edu.ar","username":"mceballos"}
[2025-02-11T20:27:40.272Z] INFO: Información del usuario adjuntada a la solicitud: {"id":"670fcd293f9c5f4310b80da5","role":"admin","email":"maria.ceballos@davinci.edu.ar","username":"mceballos"}
[2025-02-11T20:27:40.439Z] INFO: Información del usuario adjuntada a la solicitud: {"id":"670fcd293f9c5f4310b80da5","role":"admin","email":"maria.ceballos@davinci.edu.ar","username":"mceballos"}
[2025-02-11T20:27:40.642Z] INFO: Información del usuario adjuntada a la solicitud: {"id":"670fcd293f9c5f4310b80da5","role":"admin","email":"maria.ceballos@davinci.edu.ar","username":"mceballos"}
[2025-02-11T20:27:40.813Z] INFO: Información del usuario adjuntada a la solicitud: {"id":"670fcd293f9c5f4310b80da5","role":"admin","email":"maria.ceballos@davinci.edu.ar","username":"mceballos"}
[2025-02-11T20:27:40.983Z] INFO: Información del usuario adjuntada a la solicitud: {"id":"670fcd293f9c5f4310b80da5","role":"admin","email":"maria.ceballos@davinci.edu.ar","username":"mceballos"}
[2025-02-11T20:27:41.143Z] INFO: Información del usuario adjuntada a la solicitud: {"id":"670fcd293f9c5f4310b80da5","role":"admin","email":"maria.ceballos@davinci.edu.ar","username":"mceballos"}
[2025-02-11T20:27:41.298Z] INFO: Información del usuario adjuntada a la solicitud: {"id":"670fcd293f9c5f4310b80da5","role":"admin","email":"maria.ceballos@davinci.edu.ar","username":"mceballos"}
[2025-02-11T20:27:41.468Z] INFO: Información del usuario adjuntada a la solicitud: {"id":"670fcd293f9c5f4310b80da5","role":"admin","email":"maria.ceballos@davinci.edu.ar","username":"mceballos"}
[2025-02-11T20:27:41.640Z] INFO: Información del usuario adjuntada a la solicitud: {"id":"670fcd293f9c5f4310b80da5","role":"admin","email":"maria.ceballos@davinci.edu.ar","username":"mceballos"}
[2025-02-11T20:27:41.793Z] INFO: Información del usuario adjuntada a la solicitud: {"id":"670fcd293f9c5f4310b80da5","role":"admin","email":"maria.ceballos@davinci.edu.ar","username":"mceballos"}
[2025-02-11T20:27:41.958Z] INFO: Información del usuario adjuntada a la solicitud: {"id":"670fcd293f9c5f4310b80da5","role":"admin","email":"maria.ceballos@davinci.edu.ar","username":"mceballos"}
[2025-02-11T20:27:42.137Z] INFO: Información del usuario adjuntada a la solicitud: {"id":"670fcd293f9c5f4310b80da5","role":"admin","email":"maria.ceballos@davinci.edu.ar","username":"mceballos"}
[2025-02-11T20:27:42.319Z] INFO: Información del usuario adjuntada a la solicitud: {"id":"670fcd293f9c5f4310b80da5","role":"admin","email":"maria.ceballos@davinci.edu.ar","username":"mceballos"}
[2025-02-11T20:27:42.498Z] INFO: Información del usuario adjuntada a la solicitud: {"id":"670fcd293f9c5f4310b80da5","role":"admin","email":"maria.ceballos@davinci.edu.ar","username":"mceballos"}
[2025-02-11T20:27:42.676Z] INFO: Información del usuario adjuntada a la solicitud: {"id":"670fcd293f9c5f4310b80da5","role":"admin","email":"maria.ceballos@davinci.edu.ar","username":"mceballos"}
[2025-02-11T20:27:42.863Z] INFO: Información del usuario adjuntada a la solicitud: {"id":"670fcd293f9c5f4310b80da5","role":"admin","email":"maria.ceballos@davinci.edu.ar","username":"mceballos"}
[2025-02-11T20:27:43.017Z] INFO: Información del usuario adjuntada a la solicitud: {"id":"670fcd293f9c5f4310b80da5","role":"admin","email":"maria.ceballos@davinci.edu.ar","username":"mceballos"}
[2025-02-11T20:27:43.174Z] INFO: Información del usuario adjuntada a la solicitud: {"id":"670fcd293f9c5f4310b80da5","role":"admin","email":"maria.ceballos@davinci.edu.ar","username":"mceballos"}
[2025-02-11T20:27:43.347Z] INFO: Información del usuario adjuntada a la solicitud: {"id":"670fcd293f9c5f4310b80da5","role":"admin","email":"maria.ceballos@davinci.edu.ar","username":"mceballos"}
[2025-02-11T20:27:43.530Z] INFO: Información del usuario adjuntada a la solicitud: {"id":"670fcd293f9c5f4310b80da5","role":"admin","email":"maria.ceballos@davinci.edu.ar","username":"mceballos"}
[2025-02-11T20:27:43.543Z] INFO: Información del usuario adjuntada a la solicitud: {"id":"670fcd293f9c5f4310b80da5","role":"admin","email":"maria.ceballos@davinci.edu.ar","username":"mceballos"}
[2025-02-11T20:27:43.545Z] INFO: Información del usuario adjuntada a la solicitud: {"id":"670fcd293f9c5f4310b80da5","role":"admin","email":"maria.ceballos@davinci.edu.ar","username":"mceballos"}
[2025-02-11T20:27:43.649Z] INFO: Información del usuario adjuntada a la solicitud: {"id":"670fcd293f9c5f4310b80da5","role":"admin","email":"maria.ceballos@davinci.edu.ar","username":"mceballos"}
[2025-02-11T20:27:43.656Z] INFO: Información del usuario adjuntada a la solicitud: {"id":"670fcd293f9c5f4310b80da5","role":"admin","email":"maria.ceballos@davinci.edu.ar","username":"mceballos"}
[2025-02-11T20:27:43.687Z] INFO: Información del usuario adjuntada a la solicitud: {"id":"670fcd293f9c5f4310b80da5","role":"admin","email":"maria.ceballos@davinci.edu.ar","username":"mceballos"}
[2025-02-11T20:27:43.842Z] INFO: Información del usuario adjuntada a la solicitud: {"id":"670fcd293f9c5f4310b80da5","role":"admin","email":"maria.ceballos@davinci.edu.ar","username":"mceballos"}
[2025-02-11T20:27:44.004Z] INFO: Información del usuario adjuntada a la solicitud: {"id":"670fcd293f9c5f4310b80da5","role":"admin","email":"maria.ceballos@davinci.edu.ar","username":"mceballos"}
[2025-02-11T20:27:44.160Z] INFO: Información del usuario adjuntada a la solicitud: {"id":"670fcd293f9c5f4310b80da5","role":"admin","email":"maria.ceballos@davinci.edu.ar","username":"mceballos"}
[2025-02-11T20:27:44.318Z] INFO: Información del usuario adjuntada a la solicitud: {"id":"670fcd293f9c5f4310b80da5","role":"admin","email":"maria.ceballos@davinci.edu.ar","username":"mceballos"}
[2025-02-11T20:27:44.475Z] INFO: Información del usuario adjuntada a la solicitud: {"id":"670fcd293f9c5f4310b80da5","role":"admin","email":"maria.ceballos@davinci.edu.ar","username":"mceballos"}
[2025-02-11T20:27:44.660Z] INFO: Información del usuario adjuntada a la solicitud: {"id":"670fcd293f9c5f4310b80da5","role":"admin","email":"maria.ceballos@davinci.edu.ar","username":"mceballos"}
[2025-02-11T20:27:44.837Z] INFO: Información del usuario adjuntada a la solicitud: {"id":"670fcd293f9c5f4310b80da5","role":"admin","email":"maria.ceballos@davinci.edu.ar","username":"mceballos"}
[2025-02-11T20:27:44.940Z] INFO: Información del usuario adjuntada a la solicitud: {"id":"670fcd293f9c5f4310b80da5","role":"admin","email":"maria.ceballos@davinci.edu.ar","username":"mceballos"}
[2025-02-11T20:27:45.111Z] INFO: Información del usuario adjuntada a la solicitud: {"id":"670fcd293f9c5f4310b80da5","role":"admin","email":"maria.ceballos@davinci.edu.ar","username":"mceballos"}
[2025-02-11T20:27:45.112Z] INFO: Información del usuario adjuntada a la solicitud: {"id":"670fcd293f9c5f4310b80da5","role":"admin","email":"maria.ceballos@davinci.edu.ar","username":"mceballos"}
[2025-02-11T20:27:45.270Z] INFO: Información del usuario adjuntada a la solicitud: {"id":"670fcd293f9c5f4310b80da5","role":"admin","email":"maria.ceballos@davinci.edu.ar","username":"mceballos"}
[2025-02-11T20:36:48.710Z] INFO: Información del usuario adjuntada a la solicitud: {"id":"670fcd293f9c5f4310b80da5","role":"admin","email":"maria.ceballos@davinci.edu.ar","username":"mceballos"}
[2025-02-11T20:36:48.791Z] INFO: Información del usuario adjuntada a la solicitud: {"id":"670fcd293f9c5f4310b80da5","role":"admin","email":"maria.ceballos@davinci.edu.ar","username":"mceballos"}
[2025-02-11T20:36:49.082Z] INFO: Información del usuario adjuntada a la solicitud: {"id":"670fcd293f9c5f4310b80da5","role":"admin","email":"maria.ceballos@davinci.edu.ar","username":"mceballos"}
[2025-02-11T20:36:49.084Z] INFO: Información del usuario adjuntada a la solicitud: {"id":"670fcd293f9c5f4310b80da5","role":"admin","email":"maria.ceballos@davinci.edu.ar","username":"mceballos"}
[2025-02-11T20:37:03.030Z] INFO: Usuario encontrado: mceballos
[2025-02-11T20:37:03.085Z] INFO: Token generado para usuario: mceballos
[2025-02-11T20:37:03.148Z] INFO: Información del usuario adjuntada a la solicitud: {"id":"670fcd293f9c5f4310b80da5","role":"admin","email":"maria.ceballos@davinci.edu.ar","username":"mceballos"}
[2025-02-11T20:37:03.270Z] INFO: Información del usuario adjuntada a la solicitud: {"id":"670fcd293f9c5f4310b80da5","role":"admin","email":"maria.ceballos@davinci.edu.ar","username":"mceballos"}
[2025-02-11T20:37:05.180Z] INFO: Información del usuario adjuntada a la solicitud: {"id":"670fcd293f9c5f4310b80da5","role":"admin","email":"maria.ceballos@davinci.edu.ar","username":"mceballos"}
[2025-02-11T20:37:05.363Z] INFO: Información del usuario adjuntada a la solicitud: {"id":"670fcd293f9c5f4310b80da5","role":"admin","email":"maria.ceballos@davinci.edu.ar","username":"mceballos"}
[2025-02-11T20:37:05.407Z] INFO: Información del usuario adjuntada a la solicitud: {"id":"670fcd293f9c5f4310b80da5","role":"admin","email":"maria.ceballos@davinci.edu.ar","username":"mceballos"}
[2025-02-11T20:37:05.662Z] INFO: Información del usuario adjuntada a la solicitud: {"id":"670fcd293f9c5f4310b80da5","role":"admin","email":"maria.ceballos@davinci.edu.ar","username":"mceballos"}
[2025-02-11T20:37:05.686Z] INFO: Información del usuario adjuntada a la solicitud: {"id":"670fcd293f9c5f4310b80da5","role":"admin","email":"maria.ceballos@davinci.edu.ar","username":"mceballos"}
[2025-02-11T20:37:05.838Z] INFO: Información del usuario adjuntada a la solicitud: {"id":"670fcd293f9c5f4310b80da5","role":"admin","email":"maria.ceballos@davinci.edu.ar","username":"mceballos"}
[2025-02-11T20:37:05.874Z] INFO: Información del usuario adjuntada a la solicitud: {"id":"670fcd293f9c5f4310b80da5","role":"admin","email":"maria.ceballos@davinci.edu.ar","username":"mceballos"}
[2025-02-11T20:37:06.042Z] INFO: Información del usuario adjuntada a la solicitud: {"id":"670fcd293f9c5f4310b80da5","role":"admin","email":"maria.ceballos@davinci.edu.ar","username":"mceballos"}
[2025-02-11T20:37:06.214Z] INFO: Información del usuario adjuntada a la solicitud: {"id":"670fcd293f9c5f4310b80da5","role":"admin","email":"maria.ceballos@davinci.edu.ar","username":"mceballos"}
[2025-02-11T20:37:06.386Z] INFO: Información del usuario adjuntada a la solicitud: {"id":"670fcd293f9c5f4310b80da5","role":"admin","email":"maria.ceballos@davinci.edu.ar","username":"mceballos"}
[2025-02-11T20:37:06.610Z] INFO: Información del usuario adjuntada a la solicitud: {"id":"670fcd293f9c5f4310b80da5","role":"admin","email":"maria.ceballos@davinci.edu.ar","username":"mceballos"}
[2025-02-11T20:37:06.774Z] INFO: Información del usuario adjuntada a la solicitud: {"id":"670fcd293f9c5f4310b80da5","role":"admin","email":"maria.ceballos@davinci.edu.ar","username":"mceballos"}
[2025-02-11T20:37:06.936Z] INFO: Información del usuario adjuntada a la solicitud: {"id":"670fcd293f9c5f4310b80da5","role":"admin","email":"maria.ceballos@davinci.edu.ar","username":"mceballos"}
[2025-02-11T20:37:07.113Z] INFO: Información del usuario adjuntada a la solicitud: {"id":"670fcd293f9c5f4310b80da5","role":"admin","email":"maria.ceballos@davinci.edu.ar","username":"mceballos"}
[2025-02-11T20:37:07.279Z] INFO: Información del usuario adjuntada a la solicitud: {"id":"670fcd293f9c5f4310b80da5","role":"admin","email":"maria.ceballos@davinci.edu.ar","username":"mceballos"}
[2025-02-11T20:37:07.442Z] INFO: Información del usuario adjuntada a la solicitud: {"id":"670fcd293f9c5f4310b80da5","role":"admin","email":"maria.ceballos@davinci.edu.ar","username":"mceballos"}
[2025-02-11T20:37:07.608Z] INFO: Información del usuario adjuntada a la solicitud: {"id":"670fcd293f9c5f4310b80da5","role":"admin","email":"maria.ceballos@davinci.edu.ar","username":"mceballos"}
[2025-02-11T20:37:07.776Z] INFO: Información del usuario adjuntada a la solicitud: {"id":"670fcd293f9c5f4310b80da5","role":"admin","email":"maria.ceballos@davinci.edu.ar","username":"mceballos"}
[2025-02-11T20:37:07.951Z] INFO: Información del usuario adjuntada a la solicitud: {"id":"670fcd293f9c5f4310b80da5","role":"admin","email":"maria.ceballos@davinci.edu.ar","username":"mceballos"}
[2025-02-11T20:37:08.137Z] INFO: Información del usuario adjuntada a la solicitud: {"id":"670fcd293f9c5f4310b80da5","role":"admin","email":"maria.ceballos@davinci.edu.ar","username":"mceballos"}
[2025-02-11T20:37:08.330Z] INFO: Información del usuario adjuntada a la solicitud: {"id":"670fcd293f9c5f4310b80da5","role":"admin","email":"maria.ceballos@davinci.edu.ar","username":"mceballos"}
[2025-02-11T20:37:08.482Z] INFO: Información del usuario adjuntada a la solicitud: {"id":"670fcd293f9c5f4310b80da5","role":"admin","email":"maria.ceballos@davinci.edu.ar","username":"mceballos"}
[2025-02-11T20:37:08.639Z] INFO: Información del usuario adjuntada a la solicitud: {"id":"670fcd293f9c5f4310b80da5","role":"admin","email":"maria.ceballos@davinci.edu.ar","username":"mceballos"}
[2025-02-11T20:37:08.807Z] INFO: Información del usuario adjuntada a la solicitud: {"id":"670fcd293f9c5f4310b80da5","role":"admin","email":"maria.ceballos@davinci.edu.ar","username":"mceballos"}
[2025-02-11T20:37:08.968Z] INFO: Información del usuario adjuntada a la solicitud: {"id":"670fcd293f9c5f4310b80da5","role":"admin","email":"maria.ceballos@davinci.edu.ar","username":"mceballos"}
[2025-02-11T20:37:09.122Z] INFO: Información del usuario adjuntada a la solicitud: {"id":"670fcd293f9c5f4310b80da5","role":"admin","email":"maria.ceballos@davinci.edu.ar","username":"mceballos"}
[2025-02-11T20:37:09.279Z] INFO: Información del usuario adjuntada a la solicitud: {"id":"670fcd293f9c5f4310b80da5","role":"admin","email":"maria.ceballos@davinci.edu.ar","username":"mceballos"}
[2025-02-11T20:37:09.387Z] INFO: Información del usuario adjuntada a la solicitud: {"id":"670fcd293f9c5f4310b80da5","role":"admin","email":"maria.ceballos@davinci.edu.ar","username":"mceballos"}
[2025-02-11T20:37:09.460Z] INFO: Información del usuario adjuntada a la solicitud: {"id":"670fcd293f9c5f4310b80da5","role":"admin","email":"maria.ceballos@davinci.edu.ar","username":"mceballos"}
[2025-02-11T20:37:09.584Z] INFO: Información del usuario adjuntada a la solicitud: {"id":"670fcd293f9c5f4310b80da5","role":"admin","email":"maria.ceballos@davinci.edu.ar","username":"mceballos"}
[2025-02-11T20:37:09.666Z] INFO: Información del usuario adjuntada a la solicitud: {"id":"670fcd293f9c5f4310b80da5","role":"admin","email":"maria.ceballos@davinci.edu.ar","username":"mceballos"}
[2025-02-11T20:37:09.834Z] INFO: Información del usuario adjuntada a la solicitud: {"id":"670fcd293f9c5f4310b80da5","role":"admin","email":"maria.ceballos@davinci.edu.ar","username":"mceballos"}
[2025-02-11T20:37:09.997Z] INFO: Información del usuario adjuntada a la solicitud: {"id":"670fcd293f9c5f4310b80da5","role":"admin","email":"maria.ceballos@davinci.edu.ar","username":"mceballos"}
[2025-02-11T20:37:10.740Z] INFO: Información del usuario adjuntada a la solicitud: {"id":"670fcd293f9c5f4310b80da5","role":"admin","email":"maria.ceballos@davinci.edu.ar","username":"mceballos"}
[2025-02-11T20:37:10.915Z] INFO: Información del usuario adjuntada a la solicitud: {"id":"670fcd293f9c5f4310b80da5","role":"admin","email":"maria.ceballos@davinci.edu.ar","username":"mceballos"}
[2025-02-11T20:37:11.079Z] INFO: Información del usuario adjuntada a la solicitud: {"id":"670fcd293f9c5f4310b80da5","role":"admin","email":"maria.ceballos@davinci.edu.ar","username":"mceballos"}
[2025-02-11T20:37:11.247Z] INFO: Información del usuario adjuntada a la solicitud: {"id":"670fcd293f9c5f4310b80da5","role":"admin","email":"maria.ceballos@davinci.edu.ar","username":"mceballos"}
[2025-02-11T20:37:11.405Z] INFO: Información del usuario adjuntada a la solicitud: {"id":"670fcd293f9c5f4310b80da5","role":"admin","email":"maria.ceballos@davinci.edu.ar","username":"mceballos"}
[2025-02-11T20:37:11.565Z] INFO: Información del usuario adjuntada a la solicitud: {"id":"670fcd293f9c5f4310b80da5","role":"admin","email":"maria.ceballos@davinci.edu.ar","username":"mceballos"}
[2025-02-11T20:37:11.730Z] INFO: Información del usuario adjuntada a la solicitud: {"id":"670fcd293f9c5f4310b80da5","role":"admin","email":"maria.ceballos@davinci.edu.ar","username":"mceballos"}
[2025-02-11T20:37:11.894Z] INFO: Información del usuario adjuntada a la solicitud: {"id":"670fcd293f9c5f4310b80da5","role":"admin","email":"maria.ceballos@davinci.edu.ar","username":"mceballos"}
[2025-02-11T20:37:12.054Z] INFO: Información del usuario adjuntada a la solicitud: {"id":"670fcd293f9c5f4310b80da5","role":"admin","email":"maria.ceballos@davinci.edu.ar","username":"mceballos"}
[2025-02-11T20:37:12.224Z] INFO: Información del usuario adjuntada a la solicitud: {"id":"670fcd293f9c5f4310b80da5","role":"admin","email":"maria.ceballos@davinci.edu.ar","username":"mceballos"}
[2025-02-11T20:37:12.424Z] INFO: Información del usuario adjuntada a la solicitud: {"id":"670fcd293f9c5f4310b80da5","role":"admin","email":"maria.ceballos@davinci.edu.ar","username":"mceballos"}
[2025-02-11T20:37:12.633Z] INFO: Información del usuario adjuntada a la solicitud: {"id":"670fcd293f9c5f4310b80da5","role":"admin","email":"maria.ceballos@davinci.edu.ar","username":"mceballos"}
[2025-02-11T20:37:12.826Z] INFO: Información del usuario adjuntada a la solicitud: {"id":"670fcd293f9c5f4310b80da5","role":"admin","email":"maria.ceballos@davinci.edu.ar","username":"mceballos"}
[2025-02-11T20:37:12.998Z] INFO: Información del usuario adjuntada a la solicitud: {"id":"670fcd293f9c5f4310b80da5","role":"admin","email":"maria.ceballos@davinci.edu.ar","username":"mceballos"}
[2025-02-11T20:37:13.163Z] INFO: Información del usuario adjuntada a la solicitud: {"id":"670fcd293f9c5f4310b80da5","role":"admin","email":"maria.ceballos@davinci.edu.ar","username":"mceballos"}
[2025-02-11T20:37:13.440Z] INFO: Información del usuario adjuntada a la solicitud: {"id":"670fcd293f9c5f4310b80da5","role":"admin","email":"maria.ceballos@davinci.edu.ar","username":"mceballos"}
[2025-02-11T20:37:13.613Z] INFO: Información del usuario adjuntada a la solicitud: {"id":"670fcd293f9c5f4310b80da5","role":"admin","email":"maria.ceballos@davinci.edu.ar","username":"mceballos"}
[2025-02-11T20:37:13.785Z] INFO: Información del usuario adjuntada a la solicitud: {"id":"670fcd293f9c5f4310b80da5","role":"admin","email":"maria.ceballos@davinci.edu.ar","username":"mceballos"}
[2025-02-11T20:37:13.965Z] INFO: Información del usuario adjuntada a la solicitud: {"id":"670fcd293f9c5f4310b80da5","role":"admin","email":"maria.ceballos@davinci.edu.ar","username":"mceballos"}
[2025-02-11T20:37:14.232Z] INFO: Información del usuario adjuntada a la solicitud: {"id":"670fcd293f9c5f4310b80da5","role":"admin","email":"maria.ceballos@davinci.edu.ar","username":"mceballos"}
[2025-02-11T20:37:14.392Z] INFO: Información del usuario adjuntada a la solicitud: {"id":"670fcd293f9c5f4310b80da5","role":"admin","email":"maria.ceballos@davinci.edu.ar","username":"mceballos"}
[2025-02-11T20:37:24.713Z] INFO: Información del usuario adjuntada a la solicitud: {"id":"670fcd293f9c5f4310b80da5","role":"admin","email":"maria.ceballos@davinci.edu.ar","username":"mceballos"}
[2025-02-11T20:37:24.854Z] INFO: Información del usuario adjuntada a la solicitud: {"id":"670fcd293f9c5f4310b80da5","role":"admin","email":"maria.ceballos@davinci.edu.ar","username":"mceballos"}
[2025-02-11T20:37:25.114Z] INFO: Información del usuario adjuntada a la solicitud: {"id":"670fcd293f9c5f4310b80da5","role":"admin","email":"maria.ceballos@davinci.edu.ar","username":"mceballos"}
[2025-02-11T20:37:25.231Z] INFO: Información del usuario adjuntada a la solicitud: {"id":"670fcd293f9c5f4310b80da5","role":"admin","email":"maria.ceballos@davinci.edu.ar","username":"mceballos"}
[2025-02-11T20:37:27.810Z] INFO: Información del usuario adjuntada a la solicitud: {"id":"670fcd293f9c5f4310b80da5","role":"admin","email":"maria.ceballos@davinci.edu.ar","username":"mceballos"}
[2025-02-11T20:37:27.946Z] INFO: Información del usuario adjuntada a la solicitud: {"id":"670fcd293f9c5f4310b80da5","role":"admin","email":"maria.ceballos@davinci.edu.ar","username":"mceballos"}
[2025-02-11T20:37:31.560Z] INFO: Información del usuario adjuntada a la solicitud: {"id":"670fcd293f9c5f4310b80da5","role":"admin","email":"maria.ceballos@davinci.edu.ar","username":"mceballos"}
[2025-02-11T20:37:33.429Z] INFO: Información del usuario adjuntada a la solicitud: {"id":"670fcd293f9c5f4310b80da5","role":"admin","email":"maria.ceballos@davinci.edu.ar","username":"mceballos"}
[2025-02-11T20:37:33.626Z] INFO: Información del usuario adjuntada a la solicitud: {"id":"670fcd293f9c5f4310b80da5","role":"admin","email":"maria.ceballos@davinci.edu.ar","username":"mceballos"}
[2025-02-11T20:37:33.795Z] INFO: Información del usuario adjuntada a la solicitud: {"id":"670fcd293f9c5f4310b80da5","role":"admin","email":"maria.ceballos@davinci.edu.ar","username":"mceballos"}
[2025-02-11T20:37:33.844Z] INFO: Información del usuario adjuntada a la solicitud: {"id":"670fcd293f9c5f4310b80da5","role":"admin","email":"maria.ceballos@davinci.edu.ar","username":"mceballos"}
[2025-02-11T20:37:34.463Z] INFO: Información del usuario adjuntada a la solicitud: {"id":"670fcd293f9c5f4310b80da5","role":"admin","email":"maria.ceballos@davinci.edu.ar","username":"mceballos"}
[2025-02-11T20:37:34.752Z] INFO: Información del usuario adjuntada a la solicitud: {"id":"670fcd293f9c5f4310b80da5","role":"admin","email":"maria.ceballos@davinci.edu.ar","username":"mceballos"}
[2025-02-11T20:37:34.754Z] INFO: Información del usuario adjuntada a la solicitud: {"id":"670fcd293f9c5f4310b80da5","role":"admin","email":"maria.ceballos@davinci.edu.ar","username":"mceballos"}
[2025-02-11T20:37:34.942Z] INFO: Información del usuario adjuntada a la solicitud: {"id":"670fcd293f9c5f4310b80da5","role":"admin","email":"maria.ceballos@davinci.edu.ar","username":"mceballos"}
[2025-02-11T20:37:35.117Z] INFO: Información del usuario adjuntada a la solicitud: {"id":"670fcd293f9c5f4310b80da5","role":"admin","email":"maria.ceballos@davinci.edu.ar","username":"mceballos"}
[2025-02-11T20:37:35.273Z] INFO: Información del usuario adjuntada a la solicitud: {"id":"670fcd293f9c5f4310b80da5","role":"admin","email":"maria.ceballos@davinci.edu.ar","username":"mceballos"}
[2025-02-11T20:37:35.428Z] INFO: Información del usuario adjuntada a la solicitud: {"id":"670fcd293f9c5f4310b80da5","role":"admin","email":"maria.ceballos@davinci.edu.ar","username":"mceballos"}
[2025-02-11T20:37:35.590Z] INFO: Información del usuario adjuntada a la solicitud: {"id":"670fcd293f9c5f4310b80da5","role":"admin","email":"maria.ceballos@davinci.edu.ar","username":"mceballos"}
[2025-02-11T20:37:35.770Z] INFO: Información del usuario adjuntada a la solicitud: {"id":"670fcd293f9c5f4310b80da5","role":"admin","email":"maria.ceballos@davinci.edu.ar","username":"mceballos"}
[2025-02-11T20:37:35.934Z] INFO: Información del usuario adjuntada a la solicitud: {"id":"670fcd293f9c5f4310b80da5","role":"admin","email":"maria.ceballos@davinci.edu.ar","username":"mceballos"}
[2025-02-11T20:37:36.094Z] INFO: Información del usuario adjuntada a la solicitud: {"id":"670fcd293f9c5f4310b80da5","role":"admin","email":"maria.ceballos@davinci.edu.ar","username":"mceballos"}
[2025-02-11T20:37:36.251Z] INFO: Información del usuario adjuntada a la solicitud: {"id":"670fcd293f9c5f4310b80da5","role":"admin","email":"maria.ceballos@davinci.edu.ar","username":"mceballos"}
[2025-02-11T20:37:36.417Z] INFO: Información del usuario adjuntada a la solicitud: {"id":"670fcd293f9c5f4310b80da5","role":"admin","email":"maria.ceballos@davinci.edu.ar","username":"mceballos"}
[2025-02-11T20:37:36.590Z] INFO: Información del usuario adjuntada a la solicitud: {"id":"670fcd293f9c5f4310b80da5","role":"admin","email":"maria.ceballos@davinci.edu.ar","username":"mceballos"}
[2025-02-11T20:37:36.756Z] INFO: Información del usuario adjuntada a la solicitud: {"id":"670fcd293f9c5f4310b80da5","role":"admin","email":"maria.ceballos@davinci.edu.ar","username":"mceballos"}
[2025-02-11T20:37:36.806Z] INFO: Información del usuario adjuntada a la solicitud: {"id":"670fcd293f9c5f4310b80da5","role":"admin","email":"maria.ceballos@davinci.edu.ar","username":"mceballos"}
[2025-02-11T20:37:36.937Z] INFO: Información del usuario adjuntada a la solicitud: {"id":"670fcd293f9c5f4310b80da5","role":"admin","email":"maria.ceballos@davinci.edu.ar","username":"mceballos"}
[2025-02-11T20:37:36.967Z] INFO: Información del usuario adjuntada a la solicitud: {"id":"670fcd293f9c5f4310b80da5","role":"admin","email":"maria.ceballos@davinci.edu.ar","username":"mceballos"}
[2025-02-11T20:37:37.181Z] INFO: Información del usuario adjuntada a la solicitud: {"id":"670fcd293f9c5f4310b80da5","role":"admin","email":"maria.ceballos@davinci.edu.ar","username":"mceballos"}
[2025-02-11T20:37:37.374Z] INFO: Información del usuario adjuntada a la solicitud: {"id":"670fcd293f9c5f4310b80da5","role":"admin","email":"maria.ceballos@davinci.edu.ar","username":"mceballos"}
[2025-02-11T20:37:37.537Z] INFO: Información del usuario adjuntada a la solicitud: {"id":"670fcd293f9c5f4310b80da5","role":"admin","email":"maria.ceballos@davinci.edu.ar","username":"mceballos"}
[2025-02-11T20:37:37.726Z] INFO: Información del usuario adjuntada a la solicitud: {"id":"670fcd293f9c5f4310b80da5","role":"admin","email":"maria.ceballos@davinci.edu.ar","username":"mceballos"}
[2025-02-11T20:37:37.904Z] INFO: Información del usuario adjuntada a la solicitud: {"id":"670fcd293f9c5f4310b80da5","role":"admin","email":"maria.ceballos@davinci.edu.ar","username":"mceballos"}
[2025-02-11T20:37:38.085Z] INFO: Información del usuario adjuntada a la solicitud: {"id":"670fcd293f9c5f4310b80da5","role":"admin","email":"maria.ceballos@davinci.edu.ar","username":"mceballos"}
[2025-02-11T20:37:38.249Z] INFO: Información del usuario adjuntada a la solicitud: {"id":"670fcd293f9c5f4310b80da5","role":"admin","email":"maria.ceballos@davinci.edu.ar","username":"mceballos"}
[2025-02-11T20:37:38.433Z] INFO: Información del usuario adjuntada a la solicitud: {"id":"670fcd293f9c5f4310b80da5","role":"admin","email":"maria.ceballos@davinci.edu.ar","username":"mceballos"}
[2025-02-11T20:37:38.649Z] INFO: Información del usuario adjuntada a la solicitud: {"id":"670fcd293f9c5f4310b80da5","role":"admin","email":"maria.ceballos@davinci.edu.ar","username":"mceballos"}
[2025-02-11T20:37:38.853Z] INFO: Información del usuario adjuntada a la solicitud: {"id":"670fcd293f9c5f4310b80da5","role":"admin","email":"maria.ceballos@davinci.edu.ar","username":"mceballos"}
[2025-02-11T20:37:38.855Z] INFO: Información del usuario adjuntada a la solicitud: {"id":"670fcd293f9c5f4310b80da5","role":"admin","email":"maria.ceballos@davinci.edu.ar","username":"mceballos"}
[2025-02-11T20:37:39.040Z] INFO: Información del usuario adjuntada a la solicitud: {"id":"670fcd293f9c5f4310b80da5","role":"admin","email":"maria.ceballos@davinci.edu.ar","username":"mceballos"}
[2025-02-11T20:37:39.042Z] INFO: Información del usuario adjuntada a la solicitud: {"id":"670fcd293f9c5f4310b80da5","role":"admin","email":"maria.ceballos@davinci.edu.ar","username":"mceballos"}
[2025-02-11T20:37:39.301Z] INFO: Información del usuario adjuntada a la solicitud: {"id":"670fcd293f9c5f4310b80da5","role":"admin","email":"maria.ceballos@davinci.edu.ar","username":"mceballos"}
[2025-02-11T20:37:39.478Z] INFO: Información del usuario adjuntada a la solicitud: {"id":"670fcd293f9c5f4310b80da5","role":"admin","email":"maria.ceballos@davinci.edu.ar","username":"mceballos"}
[2025-02-11T20:37:39.673Z] INFO: Información del usuario adjuntada a la solicitud: {"id":"670fcd293f9c5f4310b80da5","role":"admin","email":"maria.ceballos@davinci.edu.ar","username":"mceballos"}
[2025-02-11T20:37:39.867Z] INFO: Información del usuario adjuntada a la solicitud: {"id":"670fcd293f9c5f4310b80da5","role":"admin","email":"maria.ceballos@davinci.edu.ar","username":"mceballos"}
[2025-02-11T20:37:40.053Z] INFO: Información del usuario adjuntada a la solicitud: {"id":"670fcd293f9c5f4310b80da5","role":"admin","email":"maria.ceballos@davinci.edu.ar","username":"mceballos"}
[2025-02-11T20:37:40.220Z] INFO: Información del usuario adjuntada a la solicitud: {"id":"670fcd293f9c5f4310b80da5","role":"admin","email":"maria.ceballos@davinci.edu.ar","username":"mceballos"}
[2025-02-11T20:37:40.387Z] INFO: Información del usuario adjuntada a la solicitud: {"id":"670fcd293f9c5f4310b80da5","role":"admin","email":"maria.ceballos@davinci.edu.ar","username":"mceballos"}
[2025-02-11T20:37:40.550Z] INFO: Información del usuario adjuntada a la solicitud: {"id":"670fcd293f9c5f4310b80da5","role":"admin","email":"maria.ceballos@davinci.edu.ar","username":"mceballos"}
[2025-02-11T20:37:40.716Z] INFO: Información del usuario adjuntada a la solicitud: {"id":"670fcd293f9c5f4310b80da5","role":"admin","email":"maria.ceballos@davinci.edu.ar","username":"mceballos"}
[2025-02-11T20:37:40.877Z] INFO: Información del usuario adjuntada a la solicitud: {"id":"670fcd293f9c5f4310b80da5","role":"admin","email":"maria.ceballos@davinci.edu.ar","username":"mceballos"}
[2025-02-11T20:37:41.044Z] INFO: Información del usuario adjuntada a la solicitud: {"id":"670fcd293f9c5f4310b80da5","role":"admin","email":"maria.ceballos@davinci.edu.ar","username":"mceballos"}
[2025-02-11T20:37:41.219Z] INFO: Información del usuario adjuntada a la solicitud: {"id":"670fcd293f9c5f4310b80da5","role":"admin","email":"maria.ceballos@davinci.edu.ar","username":"mceballos"}
[2025-02-11T20:37:41.374Z] INFO: Información del usuario adjuntada a la solicitud: {"id":"670fcd293f9c5f4310b80da5","role":"admin","email":"maria.ceballos@davinci.edu.ar","username":"mceballos"}
[2025-02-11T20:37:41.546Z] INFO: Información del usuario adjuntada a la solicitud: {"id":"670fcd293f9c5f4310b80da5","role":"admin","email":"maria.ceballos@davinci.edu.ar","username":"mceballos"}
[2025-02-11T20:37:41.709Z] INFO: Información del usuario adjuntada a la solicitud: {"id":"670fcd293f9c5f4310b80da5","role":"admin","email":"maria.ceballos@davinci.edu.ar","username":"mceballos"}
[2025-02-11T20:37:41.888Z] INFO: Información del usuario adjuntada a la solicitud: {"id":"670fcd293f9c5f4310b80da5","role":"admin","email":"maria.ceballos@davinci.edu.ar","username":"mceballos"}
[2025-02-11T20:37:42.081Z] INFO: Información del usuario adjuntada a la solicitud: {"id":"670fcd293f9c5f4310b80da5","role":"admin","email":"maria.ceballos@davinci.edu.ar","username":"mceballos"}
[2025-02-11T20:37:42.241Z] INFO: Información del usuario adjuntada a la solicitud: {"id":"670fcd293f9c5f4310b80da5","role":"admin","email":"maria.ceballos@davinci.edu.ar","username":"mceballos"}
[2025-02-11T20:37:42.414Z] INFO: Información del usuario adjuntada a la solicitud: {"id":"670fcd293f9c5f4310b80da5","role":"admin","email":"maria.ceballos@davinci.edu.ar","username":"mceballos"}
[2025-02-11T20:37:42.579Z] INFO: Información del usuario adjuntada a la solicitud: {"id":"670fcd293f9c5f4310b80da5","role":"admin","email":"maria.ceballos@davinci.edu.ar","username":"mceballos"}
[2025-02-11T20:37:42.761Z] INFO: Información del usuario adjuntada a la solicitud: {"id":"670fcd293f9c5f4310b80da5","role":"admin","email":"maria.ceballos@davinci.edu.ar","username":"mceballos"}
[2025-02-11T20:37:42.924Z] INFO: Información del usuario adjuntada a la solicitud: {"id":"670fcd293f9c5f4310b80da5","role":"admin","email":"maria.ceballos@davinci.edu.ar","username":"mceballos"}
[2025-02-11T20:37:43.105Z] INFO: Información del usuario adjuntada a la solicitud: {"id":"670fcd293f9c5f4310b80da5","role":"admin","email":"maria.ceballos@davinci.edu.ar","username":"mceballos"}
[2025-02-11T20:37:43.260Z] INFO: Información del usuario adjuntada a la solicitud: {"id":"670fcd293f9c5f4310b80da5","role":"admin","email":"maria.ceballos@davinci.edu.ar","username":"mceballos"}
[2025-02-11T20:37:43.414Z] INFO: Información del usuario adjuntada a la solicitud: {"id":"670fcd293f9c5f4310b80da5","role":"admin","email":"maria.ceballos@davinci.edu.ar","username":"mceballos"}
[2025-02-11T20:37:43.573Z] INFO: Información del usuario adjuntada a la solicitud: {"id":"670fcd293f9c5f4310b80da5","role":"admin","email":"maria.ceballos@davinci.edu.ar","username":"mceballos"}
[2025-02-11T20:37:43.730Z] INFO: Información del usuario adjuntada a la solicitud: {"id":"670fcd293f9c5f4310b80da5","role":"admin","email":"maria.ceballos@davinci.edu.ar","username":"mceballos"}
[2025-02-11T20:38:17.865Z] INFO: Información del usuario adjuntada a la solicitud: {"id":"670fcd293f9c5f4310b80da5","role":"admin","email":"maria.ceballos@davinci.edu.ar","username":"mceballos"}
[2025-02-11T20:38:18.036Z] INFO: Información del usuario adjuntada a la solicitud: {"id":"670fcd293f9c5f4310b80da5","role":"admin","email":"maria.ceballos@davinci.edu.ar","username":"mceballos"}
[2025-02-11T20:38:18.429Z] INFO: Información del usuario adjuntada a la solicitud: {"id":"670fcd293f9c5f4310b80da5","role":"admin","email":"maria.ceballos@davinci.edu.ar","username":"mceballos"}
[2025-02-11T20:38:18.601Z] INFO: Información del usuario adjuntada a la solicitud: {"id":"670fcd293f9c5f4310b80da5","role":"admin","email":"maria.ceballos@davinci.edu.ar","username":"mceballos"}
[2025-02-11T20:38:18.784Z] INFO: Información del usuario adjuntada a la solicitud: {"id":"670fcd293f9c5f4310b80da5","role":"admin","email":"maria.ceballos@davinci.edu.ar","username":"mceballos"}
[2025-02-11T20:38:18.956Z] INFO: Información del usuario adjuntada a la solicitud: {"id":"670fcd293f9c5f4310b80da5","role":"admin","email":"maria.ceballos@davinci.edu.ar","username":"mceballos"}
[2025-02-11T20:38:19.138Z] INFO: Información del usuario adjuntada a la solicitud: {"id":"670fcd293f9c5f4310b80da5","role":"admin","email":"maria.ceballos@davinci.edu.ar","username":"mceballos"}
[2025-02-11T20:38:19.317Z] INFO: Información del usuario adjuntada a la solicitud: {"id":"670fcd293f9c5f4310b80da5","role":"admin","email":"maria.ceballos@davinci.edu.ar","username":"mceballos"}
[2025-02-11T20:38:19.476Z] INFO: Información del usuario adjuntada a la solicitud: {"id":"670fcd293f9c5f4310b80da5","role":"admin","email":"maria.ceballos@davinci.edu.ar","username":"mceballos"}
[2025-02-11T20:38:19.660Z] INFO: Información del usuario adjuntada a la solicitud: {"id":"670fcd293f9c5f4310b80da5","role":"admin","email":"maria.ceballos@davinci.edu.ar","username":"mceballos"}
[2025-02-11T20:38:19.824Z] INFO: Información del usuario adjuntada a la solicitud: {"id":"670fcd293f9c5f4310b80da5","role":"admin","email":"maria.ceballos@davinci.edu.ar","username":"mceballos"}
[2025-02-11T20:38:19.997Z] INFO: Información del usuario adjuntada a la solicitud: {"id":"670fcd293f9c5f4310b80da5","role":"admin","email":"maria.ceballos@davinci.edu.ar","username":"mceballos"}
[2025-02-11T20:38:20.164Z] INFO: Información del usuario adjuntada a la solicitud: {"id":"670fcd293f9c5f4310b80da5","role":"admin","email":"maria.ceballos@davinci.edu.ar","username":"mceballos"}
[2025-02-11T20:38:20.341Z] INFO: Información del usuario adjuntada a la solicitud: {"id":"670fcd293f9c5f4310b80da5","role":"admin","email":"maria.ceballos@davinci.edu.ar","username":"mceballos"}
[2025-02-11T20:38:20.530Z] INFO: Información del usuario adjuntada a la solicitud: {"id":"670fcd293f9c5f4310b80da5","role":"admin","email":"maria.ceballos@davinci.edu.ar","username":"mceballos"}
[2025-02-11T20:38:20.724Z] INFO: Información del usuario adjuntada a la solicitud: {"id":"670fcd293f9c5f4310b80da5","role":"admin","email":"maria.ceballos@davinci.edu.ar","username":"mceballos"}
[2025-02-11T20:38:20.894Z] INFO: Información del usuario adjuntada a la solicitud: {"id":"670fcd293f9c5f4310b80da5","role":"admin","email":"maria.ceballos@davinci.edu.ar","username":"mceballos"}
[2025-02-11T20:38:20.932Z] INFO: Información del usuario adjuntada a la solicitud: {"id":"670fcd293f9c5f4310b80da5","role":"admin","email":"maria.ceballos@davinci.edu.ar","username":"mceballos"}
[2025-02-11T20:38:21.074Z] INFO: Información del usuario adjuntada a la solicitud: {"id":"670fcd293f9c5f4310b80da5","role":"admin","email":"maria.ceballos@davinci.edu.ar","username":"mceballos"}
[2025-02-11T20:38:21.144Z] INFO: Información del usuario adjuntada a la solicitud: {"id":"670fcd293f9c5f4310b80da5","role":"admin","email":"maria.ceballos@davinci.edu.ar","username":"mceballos"}
[2025-02-11T20:38:21.287Z] INFO: Información del usuario adjuntada a la solicitud: {"id":"670fcd293f9c5f4310b80da5","role":"admin","email":"maria.ceballos@davinci.edu.ar","username":"mceballos"}
[2025-02-11T20:38:21.452Z] INFO: Información del usuario adjuntada a la solicitud: {"id":"670fcd293f9c5f4310b80da5","role":"admin","email":"maria.ceballos@davinci.edu.ar","username":"mceballos"}
[2025-02-11T20:38:21.681Z] INFO: Información del usuario adjuntada a la solicitud: {"id":"670fcd293f9c5f4310b80da5","role":"admin","email":"maria.ceballos@davinci.edu.ar","username":"mceballos"}
[2025-02-11T20:38:21.840Z] INFO: Información del usuario adjuntada a la solicitud: {"id":"670fcd293f9c5f4310b80da5","role":"admin","email":"maria.ceballos@davinci.edu.ar","username":"mceballos"}
[2025-02-11T20:38:21.999Z] INFO: Información del usuario adjuntada a la solicitud: {"id":"670fcd293f9c5f4310b80da5","role":"admin","email":"maria.ceballos@davinci.edu.ar","username":"mceballos"}
[2025-02-11T20:38:22.162Z] INFO: Información del usuario adjuntada a la solicitud: {"id":"670fcd293f9c5f4310b80da5","role":"admin","email":"maria.ceballos@davinci.edu.ar","username":"mceballos"}
[2025-02-11T20:38:22.320Z] INFO: Información del usuario adjuntada a la solicitud: {"id":"670fcd293f9c5f4310b80da5","role":"admin","email":"maria.ceballos@davinci.edu.ar","username":"mceballos"}
[2025-02-11T20:38:22.493Z] INFO: Información del usuario adjuntada a la solicitud: {"id":"670fcd293f9c5f4310b80da5","role":"admin","email":"maria.ceballos@davinci.edu.ar","username":"mceballos"}
[2025-02-11T20:38:22.658Z] INFO: Información del usuario adjuntada a la solicitud: {"id":"670fcd293f9c5f4310b80da5","role":"admin","email":"maria.ceballos@davinci.edu.ar","username":"mceballos"}
[2025-02-11T20:38:22.834Z] INFO: Información del usuario adjuntada a la solicitud: {"id":"670fcd293f9c5f4310b80da5","role":"admin","email":"maria.ceballos@davinci.edu.ar","username":"mceballos"}
[2025-02-11T20:38:22.998Z] INFO: Información del usuario adjuntada a la solicitud: {"id":"670fcd293f9c5f4310b80da5","role":"admin","email":"maria.ceballos@davinci.edu.ar","username":"mceballos"}
[2025-02-11T20:38:23.164Z] INFO: Información del usuario adjuntada a la solicitud: {"id":"670fcd293f9c5f4310b80da5","role":"admin","email":"maria.ceballos@davinci.edu.ar","username":"mceballos"}
[2025-02-11T20:38:23.329Z] INFO: Información del usuario adjuntada a la solicitud: {"id":"670fcd293f9c5f4310b80da5","role":"admin","email":"maria.ceballos@davinci.edu.ar","username":"mceballos"}
[2025-02-11T20:38:23.352Z] INFO: Información del usuario adjuntada a la solicitud: {"id":"670fcd293f9c5f4310b80da5","role":"admin","email":"maria.ceballos@davinci.edu.ar","username":"mceballos"}
[2025-02-11T20:38:23.493Z] INFO: Información del usuario adjuntada a la solicitud: {"id":"670fcd293f9c5f4310b80da5","role":"admin","email":"maria.ceballos@davinci.edu.ar","username":"mceballos"}
[2025-02-11T20:38:23.554Z] INFO: Información del usuario adjuntada a la solicitud: {"id":"670fcd293f9c5f4310b80da5","role":"admin","email":"maria.ceballos@davinci.edu.ar","username":"mceballos"}
[2025-02-11T20:38:23.740Z] INFO: Información del usuario adjuntada a la solicitud: {"id":"670fcd293f9c5f4310b80da5","role":"admin","email":"maria.ceballos@davinci.edu.ar","username":"mceballos"}
[2025-02-11T20:38:23.903Z] INFO: Información del usuario adjuntada a la solicitud: {"id":"670fcd293f9c5f4310b80da5","role":"admin","email":"maria.ceballos@davinci.edu.ar","username":"mceballos"}
[2025-02-11T20:38:24.061Z] INFO: Información del usuario adjuntada a la solicitud: {"id":"670fcd293f9c5f4310b80da5","role":"admin","email":"maria.ceballos@davinci.edu.ar","username":"mceballos"}
[2025-02-11T20:38:24.232Z] INFO: Información del usuario adjuntada a la solicitud: {"id":"670fcd293f9c5f4310b80da5","role":"admin","email":"maria.ceballos@davinci.edu.ar","username":"mceballos"}
[2025-02-11T20:38:24.407Z] INFO: Información del usuario adjuntada a la solicitud: {"id":"670fcd293f9c5f4310b80da5","role":"admin","email":"maria.ceballos@davinci.edu.ar","username":"mceballos"}
[2025-02-11T20:38:24.571Z] INFO: Información del usuario adjuntada a la solicitud: {"id":"670fcd293f9c5f4310b80da5","role":"admin","email":"maria.ceballos@davinci.edu.ar","username":"mceballos"}
[2025-02-11T20:38:24.743Z] INFO: Información del usuario adjuntada a la solicitud: {"id":"670fcd293f9c5f4310b80da5","role":"admin","email":"maria.ceballos@davinci.edu.ar","username":"mceballos"}
[2025-02-11T20:38:24.925Z] INFO: Información del usuario adjuntada a la solicitud: {"id":"670fcd293f9c5f4310b80da5","role":"admin","email":"maria.ceballos@davinci.edu.ar","username":"mceballos"}
[2025-02-11T20:38:25.239Z] INFO: Información del usuario adjuntada a la solicitud: {"id":"670fcd293f9c5f4310b80da5","role":"admin","email":"maria.ceballos@davinci.edu.ar","username":"mceballos"}
[2025-02-11T20:38:25.407Z] INFO: Información del usuario adjuntada a la solicitud: {"id":"670fcd293f9c5f4310b80da5","role":"admin","email":"maria.ceballos@davinci.edu.ar","username":"mceballos"}
[2025-02-11T20:38:25.588Z] INFO: Información del usuario adjuntada a la solicitud: {"id":"670fcd293f9c5f4310b80da5","role":"admin","email":"maria.ceballos@davinci.edu.ar","username":"mceballos"}
[2025-02-11T20:38:25.749Z] INFO: Información del usuario adjuntada a la solicitud: {"id":"670fcd293f9c5f4310b80da5","role":"admin","email":"maria.ceballos@davinci.edu.ar","username":"mceballos"}
[2025-02-11T20:38:25.910Z] INFO: Información del usuario adjuntada a la solicitud: {"id":"670fcd293f9c5f4310b80da5","role":"admin","email":"maria.ceballos@davinci.edu.ar","username":"mceballos"}
[2025-02-11T20:38:26.085Z] INFO: Información del usuario adjuntada a la solicitud: {"id":"670fcd293f9c5f4310b80da5","role":"admin","email":"maria.ceballos@davinci.edu.ar","username":"mceballos"}
[2025-02-11T20:38:26.253Z] INFO: Información del usuario adjuntada a la solicitud: {"id":"670fcd293f9c5f4310b80da5","role":"admin","email":"maria.ceballos@davinci.edu.ar","username":"mceballos"}
[2025-02-11T20:38:26.434Z] INFO: Información del usuario adjuntada a la solicitud: {"id":"670fcd293f9c5f4310b80da5","role":"admin","email":"maria.ceballos@davinci.edu.ar","username":"mceballos"}
[2025-02-11T20:38:26.590Z] INFO: Información del usuario adjuntada a la solicitud: {"id":"670fcd293f9c5f4310b80da5","role":"admin","email":"maria.ceballos@davinci.edu.ar","username":"mceballos"}
[2025-02-11T20:38:26.761Z] INFO: Información del usuario adjuntada a la solicitud: {"id":"670fcd293f9c5f4310b80da5","role":"admin","email":"maria.ceballos@davinci.edu.ar","username":"mceballos"}
[2025-02-11T20:38:26.931Z] INFO: Información del usuario adjuntada a la solicitud: {"id":"670fcd293f9c5f4310b80da5","role":"admin","email":"maria.ceballos@davinci.edu.ar","username":"mceballos"}
[2025-02-11T20:38:27.104Z] INFO: Información del usuario adjuntada a la solicitud: {"id":"670fcd293f9c5f4310b80da5","role":"admin","email":"maria.ceballos@davinci.edu.ar","username":"mceballos"}
[2025-02-11T20:38:27.282Z] INFO: Información del usuario adjuntada a la solicitud: {"id":"670fcd293f9c5f4310b80da5","role":"admin","email":"maria.ceballos@davinci.edu.ar","username":"mceballos"}
[2025-02-11T20:38:27.545Z] INFO: Información del usuario adjuntada a la solicitud: {"id":"670fcd293f9c5f4310b80da5","role":"admin","email":"maria.ceballos@davinci.edu.ar","username":"mceballos"}
[2025-02-11T20:38:27.714Z] INFO: Información del usuario adjuntada a la solicitud: {"id":"670fcd293f9c5f4310b80da5","role":"admin","email":"maria.ceballos@davinci.edu.ar","username":"mceballos"}
[2025-02-11T20:38:27.883Z] INFO: Información del usuario adjuntada a la solicitud: {"id":"670fcd293f9c5f4310b80da5","role":"admin","email":"maria.ceballos@davinci.edu.ar","username":"mceballos"}
[2025-02-11T20:38:28.051Z] INFO: Información del usuario adjuntada a la solicitud: {"id":"670fcd293f9c5f4310b80da5","role":"admin","email":"maria.ceballos@davinci.edu.ar","username":"mceballos"}
[2025-02-11T20:38:28.216Z] INFO: Información del usuario adjuntada a la solicitud: {"id":"670fcd293f9c5f4310b80da5","role":"admin","email":"maria.ceballos@davinci.edu.ar","username":"mceballos"}
[2025-02-11T20:38:28.408Z] INFO: Información del usuario adjuntada a la solicitud: {"id":"670fcd293f9c5f4310b80da5","role":"admin","email":"maria.ceballos@davinci.edu.ar","username":"mceballos"}
[2025-02-11T20:38:28.684Z] INFO: Información del usuario adjuntada a la solicitud: {"id":"670fcd293f9c5f4310b80da5","role":"admin","email":"maria.ceballos@davinci.edu.ar","username":"mceballos"}
[2025-02-11T20:38:28.902Z] INFO: Información del usuario adjuntada a la solicitud: {"id":"670fcd293f9c5f4310b80da5","role":"admin","email":"maria.ceballos@davinci.edu.ar","username":"mceballos"}
[2025-02-11T20:38:29.085Z] INFO: Información del usuario adjuntada a la solicitud: {"id":"670fcd293f9c5f4310b80da5","role":"admin","email":"maria.ceballos@davinci.edu.ar","username":"mceballos"}
[2025-02-11T20:38:29.244Z] INFO: Información del usuario adjuntada a la solicitud: {"id":"670fcd293f9c5f4310b80da5","role":"admin","email":"maria.ceballos@davinci.edu.ar","username":"mceballos"}
[2025-02-11T20:38:29.414Z] INFO: Información del usuario adjuntada a la solicitud: {"id":"670fcd293f9c5f4310b80da5","role":"admin","email":"maria.ceballos@davinci.edu.ar","username":"mceballos"}
[2025-02-11T20:38:29.599Z] INFO: Información del usuario adjuntada a la solicitud: {"id":"670fcd293f9c5f4310b80da5","role":"admin","email":"maria.ceballos@davinci.edu.ar","username":"mceballos"}
[2025-02-11T20:38:29.755Z] INFO: Información del usuario adjuntada a la solicitud: {"id":"670fcd293f9c5f4310b80da5","role":"admin","email":"maria.ceballos@davinci.edu.ar","username":"mceballos"}
[2025-02-11T20:38:29.770Z] INFO: Información del usuario adjuntada a la solicitud: {"id":"670fcd293f9c5f4310b80da5","role":"admin","email":"maria.ceballos@davinci.edu.ar","username":"mceballos"}
[2025-02-11T20:38:29.859Z] INFO: Información del usuario adjuntada a la solicitud: {"id":"670fcd293f9c5f4310b80da5","role":"admin","email":"maria.ceballos@davinci.edu.ar","username":"mceballos"}
[2025-02-11T20:38:29.944Z] INFO: Información del usuario adjuntada a la solicitud: {"id":"670fcd293f9c5f4310b80da5","role":"admin","email":"maria.ceballos@davinci.edu.ar","username":"mceballos"}
[2025-02-11T20:38:30.110Z] INFO: Información del usuario adjuntada a la solicitud: {"id":"670fcd293f9c5f4310b80da5","role":"admin","email":"maria.ceballos@davinci.edu.ar","username":"mceballos"}
[2025-02-11T20:38:30.273Z] INFO: Información del usuario adjuntada a la solicitud: {"id":"670fcd293f9c5f4310b80da5","role":"admin","email":"maria.ceballos@davinci.edu.ar","username":"mceballos"}
[2025-02-11T20:38:30.440Z] INFO: Información del usuario adjuntada a la solicitud: {"id":"670fcd293f9c5f4310b80da5","role":"admin","email":"maria.ceballos@davinci.edu.ar","username":"mceballos"}
[2025-02-11T20:38:30.616Z] INFO: Información del usuario adjuntada a la solicitud: {"id":"670fcd293f9c5f4310b80da5","role":"admin","email":"maria.ceballos@davinci.edu.ar","username":"mceballos"}
[2025-02-11T20:38:30.652Z] INFO: Información del usuario adjuntada a la solicitud: {"id":"670fcd293f9c5f4310b80da5","role":"admin","email":"maria.ceballos@davinci.edu.ar","username":"mceballos"}
[2025-02-11T20:38:30.781Z] INFO: Información del usuario adjuntada a la solicitud: {"id":"670fcd293f9c5f4310b80da5","role":"admin","email":"maria.ceballos@davinci.edu.ar","username":"mceballos"}
[2025-02-11T20:38:30.913Z] INFO: Información del usuario adjuntada a la solicitud: {"id":"670fcd293f9c5f4310b80da5","role":"admin","email":"maria.ceballos@davinci.edu.ar","username":"mceballos"}
[2025-02-11T20:38:31.103Z] INFO: Información del usuario adjuntada a la solicitud: {"id":"670fcd293f9c5f4310b80da5","role":"admin","email":"maria.ceballos@davinci.edu.ar","username":"mceballos"}
[2025-02-11T20:38:31.212Z] INFO: Información del usuario adjuntada a la solicitud: {"id":"670fcd293f9c5f4310b80da5","role":"admin","email":"maria.ceballos@davinci.edu.ar","username":"mceballos"}
[2025-02-11T20:38:31.280Z] INFO: Información del usuario adjuntada a la solicitud: {"id":"670fcd293f9c5f4310b80da5","role":"admin","email":"maria.ceballos@davinci.edu.ar","username":"mceballos"}
[2025-02-11T20:38:31.425Z] INFO: Información del usuario adjuntada a la solicitud: {"id":"670fcd293f9c5f4310b80da5","role":"admin","email":"maria.ceballos@davinci.edu.ar","username":"mceballos"}
[2025-02-11T20:38:31.482Z] INFO: Información del usuario adjuntada a la solicitud: {"id":"670fcd293f9c5f4310b80da5","role":"admin","email":"maria.ceballos@davinci.edu.ar","username":"mceballos"}
[2025-02-11T20:38:31.676Z] INFO: Información del usuario adjuntada a la solicitud: {"id":"670fcd293f9c5f4310b80da5","role":"admin","email":"maria.ceballos@davinci.edu.ar","username":"mceballos"}
[2025-02-11T20:40:32.567Z] INFO: Información del usuario adjuntada a la solicitud: {"id":"670fcd293f9c5f4310b80da5","role":"admin","email":"maria.ceballos@davinci.edu.ar","username":"mceballos"}
[2025-02-11T20:40:32.570Z] INFO: Información del usuario adjuntada a la solicitud: {"id":"670fcd293f9c5f4310b80da5","role":"admin","email":"maria.ceballos@davinci.edu.ar","username":"mceballos"}
[2025-02-11T20:41:18.219Z] INFO: Información del usuario adjuntada a la solicitud: {"id":"670fcd293f9c5f4310b80da5","role":"admin","email":"maria.ceballos@davinci.edu.ar","username":"mceballos"}
[2025-02-11T20:41:18.221Z] INFO: Información del usuario adjuntada a la solicitud: {"id":"670fcd293f9c5f4310b80da5","role":"admin","email":"maria.ceballos@davinci.edu.ar","username":"mceballos"}
[2025-02-11T20:41:18.339Z] INFO: Información del usuario adjuntada a la solicitud: {"id":"670fcd293f9c5f4310b80da5","role":"admin","email":"maria.ceballos@davinci.edu.ar","username":"mceballos"}
[2025-02-11T20:41:18.399Z] INFO: Información del usuario adjuntada a la solicitud: {"id":"670fcd293f9c5f4310b80da5","role":"admin","email":"maria.ceballos@davinci.edu.ar","username":"mceballos"}
[2025-02-11T20:41:18.449Z] INFO: Información del usuario adjuntada a la solicitud: {"id":"670fcd293f9c5f4310b80da5","role":"admin","email":"maria.ceballos@davinci.edu.ar","username":"mceballos"}
[2025-02-11T20:41:18.545Z] INFO: Información del usuario adjuntada a la solicitud: {"id":"670fcd293f9c5f4310b80da5","role":"admin","email":"maria.ceballos@davinci.edu.ar","username":"mceballos"}
[2025-02-11T20:41:18.656Z] INFO: Información del usuario adjuntada a la solicitud: {"id":"670fcd293f9c5f4310b80da5","role":"admin","email":"maria.ceballos@davinci.edu.ar","username":"mceballos"}
[2025-02-11T20:41:18.663Z] INFO: Información del usuario adjuntada a la solicitud: {"id":"670fcd293f9c5f4310b80da5","role":"admin","email":"maria.ceballos@davinci.edu.ar","username":"mceballos"}
[2025-02-11T20:41:18.793Z] INFO: Información del usuario adjuntada a la solicitud: {"id":"670fcd293f9c5f4310b80da5","role":"admin","email":"maria.ceballos@davinci.edu.ar","username":"mceballos"}
[2025-02-11T20:41:18.831Z] INFO: Información del usuario adjuntada a la solicitud: {"id":"670fcd293f9c5f4310b80da5","role":"admin","email":"maria.ceballos@davinci.edu.ar","username":"mceballos"}
[2025-02-11T20:41:19.063Z] INFO: Información del usuario adjuntada a la solicitud: {"id":"670fcd293f9c5f4310b80da5","role":"admin","email":"maria.ceballos@davinci.edu.ar","username":"mceballos"}
[2025-02-11T20:41:19.065Z] INFO: Información del usuario adjuntada a la solicitud: {"id":"670fcd293f9c5f4310b80da5","role":"admin","email":"maria.ceballos@davinci.edu.ar","username":"mceballos"}
[2025-02-11T20:41:19.240Z] INFO: Información del usuario adjuntada a la solicitud: {"id":"670fcd293f9c5f4310b80da5","role":"admin","email":"maria.ceballos@davinci.edu.ar","username":"mceballos"}
[2025-02-11T20:41:19.246Z] INFO: Información del usuario adjuntada a la solicitud: {"id":"670fcd293f9c5f4310b80da5","role":"admin","email":"maria.ceballos@davinci.edu.ar","username":"mceballos"}
[2025-02-11T20:41:19.436Z] INFO: Información del usuario adjuntada a la solicitud: {"id":"670fcd293f9c5f4310b80da5","role":"admin","email":"maria.ceballos@davinci.edu.ar","username":"mceballos"}
[2025-02-11T20:41:19.442Z] INFO: Información del usuario adjuntada a la solicitud: {"id":"670fcd293f9c5f4310b80da5","role":"admin","email":"maria.ceballos@davinci.edu.ar","username":"mceballos"}
[2025-02-11T20:41:19.633Z] INFO: Información del usuario adjuntada a la solicitud: {"id":"670fcd293f9c5f4310b80da5","role":"admin","email":"maria.ceballos@davinci.edu.ar","username":"mceballos"}
[2025-02-11T20:41:19.637Z] INFO: Información del usuario adjuntada a la solicitud: {"id":"670fcd293f9c5f4310b80da5","role":"admin","email":"maria.ceballos@davinci.edu.ar","username":"mceballos"}
[2025-02-11T20:41:19.820Z] INFO: Información del usuario adjuntada a la solicitud: {"id":"670fcd293f9c5f4310b80da5","role":"admin","email":"maria.ceballos@davinci.edu.ar","username":"mceballos"}
[2025-02-11T20:41:19.992Z] INFO: Información del usuario adjuntada a la solicitud: {"id":"670fcd293f9c5f4310b80da5","role":"admin","email":"maria.ceballos@davinci.edu.ar","username":"mceballos"}
[2025-02-11T20:41:20.159Z] INFO: Información del usuario adjuntada a la solicitud: {"id":"670fcd293f9c5f4310b80da5","role":"admin","email":"maria.ceballos@davinci.edu.ar","username":"mceballos"}
[2025-02-11T20:41:20.313Z] INFO: Información del usuario adjuntada a la solicitud: {"id":"670fcd293f9c5f4310b80da5","role":"admin","email":"maria.ceballos@davinci.edu.ar","username":"mceballos"}
[2025-02-11T20:41:20.471Z] INFO: Información del usuario adjuntada a la solicitud: {"id":"670fcd293f9c5f4310b80da5","role":"admin","email":"maria.ceballos@davinci.edu.ar","username":"mceballos"}
[2025-02-11T20:41:20.658Z] INFO: Información del usuario adjuntada a la solicitud: {"id":"670fcd293f9c5f4310b80da5","role":"admin","email":"maria.ceballos@davinci.edu.ar","username":"mceballos"}
[2025-02-11T20:41:20.851Z] INFO: Información del usuario adjuntada a la solicitud: {"id":"670fcd293f9c5f4310b80da5","role":"admin","email":"maria.ceballos@davinci.edu.ar","username":"mceballos"}
[2025-02-11T20:41:21.060Z] INFO: Información del usuario adjuntada a la solicitud: {"id":"670fcd293f9c5f4310b80da5","role":"admin","email":"maria.ceballos@davinci.edu.ar","username":"mceballos"}
[2025-02-11T20:41:21.231Z] INFO: Información del usuario adjuntada a la solicitud: {"id":"670fcd293f9c5f4310b80da5","role":"admin","email":"maria.ceballos@davinci.edu.ar","username":"mceballos"}
[2025-02-11T20:41:21.408Z] INFO: Información del usuario adjuntada a la solicitud: {"id":"670fcd293f9c5f4310b80da5","role":"admin","email":"maria.ceballos@davinci.edu.ar","username":"mceballos"}
[2025-02-11T20:41:21.585Z] INFO: Información del usuario adjuntada a la solicitud: {"id":"670fcd293f9c5f4310b80da5","role":"admin","email":"maria.ceballos@davinci.edu.ar","username":"mceballos"}
[2025-02-11T20:41:21.776Z] INFO: Información del usuario adjuntada a la solicitud: {"id":"670fcd293f9c5f4310b80da5","role":"admin","email":"maria.ceballos@davinci.edu.ar","username":"mceballos"}
[2025-02-11T20:41:21.974Z] INFO: Información del usuario adjuntada a la solicitud: {"id":"670fcd293f9c5f4310b80da5","role":"admin","email":"maria.ceballos@davinci.edu.ar","username":"mceballos"}
[2025-02-11T20:41:22.188Z] INFO: Información del usuario adjuntada a la solicitud: {"id":"670fcd293f9c5f4310b80da5","role":"admin","email":"maria.ceballos@davinci.edu.ar","username":"mceballos"}
[2025-02-11T20:41:22.402Z] INFO: Información del usuario adjuntada a la solicitud: {"id":"670fcd293f9c5f4310b80da5","role":"admin","email":"maria.ceballos@davinci.edu.ar","username":"mceballos"}
[2025-02-11T20:41:22.579Z] INFO: Información del usuario adjuntada a la solicitud: {"id":"670fcd293f9c5f4310b80da5","role":"admin","email":"maria.ceballos@davinci.edu.ar","username":"mceballos"}
[2025-02-11T20:41:22.786Z] INFO: Información del usuario adjuntada a la solicitud: {"id":"670fcd293f9c5f4310b80da5","role":"admin","email":"maria.ceballos@davinci.edu.ar","username":"mceballos"}
[2025-02-11T20:41:22.955Z] INFO: Información del usuario adjuntada a la solicitud: {"id":"670fcd293f9c5f4310b80da5","role":"admin","email":"maria.ceballos@davinci.edu.ar","username":"mceballos"}
[2025-02-11T20:41:23.134Z] INFO: Información del usuario adjuntada a la solicitud: {"id":"670fcd293f9c5f4310b80da5","role":"admin","email":"maria.ceballos@davinci.edu.ar","username":"mceballos"}
[2025-02-11T20:41:23.300Z] INFO: Información del usuario adjuntada a la solicitud: {"id":"670fcd293f9c5f4310b80da5","role":"admin","email":"maria.ceballos@davinci.edu.ar","username":"mceballos"}
[2025-02-11T20:41:23.461Z] INFO: Información del usuario adjuntada a la solicitud: {"id":"670fcd293f9c5f4310b80da5","role":"admin","email":"maria.ceballos@davinci.edu.ar","username":"mceballos"}
[2025-02-11T20:41:23.618Z] INFO: Información del usuario adjuntada a la solicitud: {"id":"670fcd293f9c5f4310b80da5","role":"admin","email":"maria.ceballos@davinci.edu.ar","username":"mceballos"}
[2025-02-11T20:41:23.783Z] INFO: Información del usuario adjuntada a la solicitud: {"id":"670fcd293f9c5f4310b80da5","role":"admin","email":"maria.ceballos@davinci.edu.ar","username":"mceballos"}
[2025-02-11T20:41:23.947Z] INFO: Información del usuario adjuntada a la solicitud: {"id":"670fcd293f9c5f4310b80da5","role":"admin","email":"maria.ceballos@davinci.edu.ar","username":"mceballos"}
[2025-02-11T20:41:24.129Z] INFO: Información del usuario adjuntada a la solicitud: {"id":"670fcd293f9c5f4310b80da5","role":"admin","email":"maria.ceballos@davinci.edu.ar","username":"mceballos"}
[2025-02-11T20:41:24.287Z] INFO: Información del usuario adjuntada a la solicitud: {"id":"670fcd293f9c5f4310b80da5","role":"admin","email":"maria.ceballos@davinci.edu.ar","username":"mceballos"}
[2025-02-11T20:41:24.437Z] INFO: Información del usuario adjuntada a la solicitud: {"id":"670fcd293f9c5f4310b80da5","role":"admin","email":"maria.ceballos@davinci.edu.ar","username":"mceballos"}
[2025-02-11T20:41:24.610Z] INFO: Información del usuario adjuntada a la solicitud: {"id":"670fcd293f9c5f4310b80da5","role":"admin","email":"maria.ceballos@davinci.edu.ar","username":"mceballos"}
[2025-02-11T20:41:24.804Z] INFO: Información del usuario adjuntada a la solicitud: {"id":"670fcd293f9c5f4310b80da5","role":"admin","email":"maria.ceballos@davinci.edu.ar","username":"mceballos"}
[2025-02-11T20:41:24.979Z] INFO: Información del usuario adjuntada a la solicitud: {"id":"670fcd293f9c5f4310b80da5","role":"admin","email":"maria.ceballos@davinci.edu.ar","username":"mceballos"}
[2025-02-11T20:41:25.158Z] INFO: Información del usuario adjuntada a la solicitud: {"id":"670fcd293f9c5f4310b80da5","role":"admin","email":"maria.ceballos@davinci.edu.ar","username":"mceballos"}
[2025-02-11T20:41:25.242Z] INFO: Información del usuario adjuntada a la solicitud: {"id":"670fcd293f9c5f4310b80da5","role":"admin","email":"maria.ceballos@davinci.edu.ar","username":"mceballos"}
[2025-02-11T20:41:25.242Z] INFO: Intento de acceso con rol: admin
[2025-02-11T20:41:25.325Z] INFO: Información del usuario adjuntada a la solicitud: {"id":"670fcd293f9c5f4310b80da5","role":"admin","email":"maria.ceballos@davinci.edu.ar","username":"mceballos"}
[2025-02-11T20:41:25.419Z] INFO: Información del usuario adjuntada a la solicitud: {"id":"670fcd293f9c5f4310b80da5","role":"admin","email":"maria.ceballos@davinci.edu.ar","username":"mceballos"}
[2025-02-11T20:41:25.419Z] INFO: Intento de acceso con rol: admin
[2025-02-11T20:41:25.504Z] INFO: Información del usuario adjuntada a la solicitud: {"id":"670fcd293f9c5f4310b80da5","role":"admin","email":"maria.ceballos@davinci.edu.ar","username":"mceballos"}
[2025-02-11T20:41:25.697Z] INFO: Información del usuario adjuntada a la solicitud: {"id":"670fcd293f9c5f4310b80da5","role":"admin","email":"maria.ceballos@davinci.edu.ar","username":"mceballos"}
[2025-02-11T20:41:25.866Z] INFO: Información del usuario adjuntada a la solicitud: {"id":"670fcd293f9c5f4310b80da5","role":"admin","email":"maria.ceballos@davinci.edu.ar","username":"mceballos"}
[2025-02-11T20:41:26.024Z] INFO: Información del usuario adjuntada a la solicitud: {"id":"670fcd293f9c5f4310b80da5","role":"admin","email":"maria.ceballos@davinci.edu.ar","username":"mceballos"}
[2025-02-11T20:41:26.176Z] INFO: Información del usuario adjuntada a la solicitud: {"id":"670fcd293f9c5f4310b80da5","role":"admin","email":"maria.ceballos@davinci.edu.ar","username":"mceballos"}
[2025-02-11T20:41:26.343Z] INFO: Información del usuario adjuntada a la solicitud: {"id":"670fcd293f9c5f4310b80da5","role":"admin","email":"maria.ceballos@davinci.edu.ar","username":"mceballos"}
[2025-02-11T20:41:26.504Z] INFO: Información del usuario adjuntada a la solicitud: {"id":"670fcd293f9c5f4310b80da5","role":"admin","email":"maria.ceballos@davinci.edu.ar","username":"mceballos"}
[2025-02-11T20:41:26.677Z] INFO: Información del usuario adjuntada a la solicitud: {"id":"670fcd293f9c5f4310b80da5","role":"admin","email":"maria.ceballos@davinci.edu.ar","username":"mceballos"}
[2025-02-11T20:41:26.841Z] INFO: Información del usuario adjuntada a la solicitud: {"id":"670fcd293f9c5f4310b80da5","role":"admin","email":"maria.ceballos@davinci.edu.ar","username":"mceballos"}
[2025-02-11T20:41:27.018Z] INFO: Información del usuario adjuntada a la solicitud: {"id":"670fcd293f9c5f4310b80da5","role":"admin","email":"maria.ceballos@davinci.edu.ar","username":"mceballos"}
[2025-02-11T20:41:27.232Z] INFO: Información del usuario adjuntada a la solicitud: {"id":"670fcd293f9c5f4310b80da5","role":"admin","email":"maria.ceballos@davinci.edu.ar","username":"mceballos"}
[2025-02-11T20:41:27.391Z] INFO: Información del usuario adjuntada a la solicitud: {"id":"670fcd293f9c5f4310b80da5","role":"admin","email":"maria.ceballos@davinci.edu.ar","username":"mceballos"}
[2025-02-11T20:41:27.556Z] INFO: Información del usuario adjuntada a la solicitud: {"id":"670fcd293f9c5f4310b80da5","role":"admin","email":"maria.ceballos@davinci.edu.ar","username":"mceballos"}
[2025-02-11T20:41:27.717Z] INFO: Información del usuario adjuntada a la solicitud: {"id":"670fcd293f9c5f4310b80da5","role":"admin","email":"maria.ceballos@davinci.edu.ar","username":"mceballos"}
[2025-02-11T20:41:27.879Z] INFO: Información del usuario adjuntada a la solicitud: {"id":"670fcd293f9c5f4310b80da5","role":"admin","email":"maria.ceballos@davinci.edu.ar","username":"mceballos"}
[2025-02-11T20:41:28.045Z] INFO: Información del usuario adjuntada a la solicitud: {"id":"670fcd293f9c5f4310b80da5","role":"admin","email":"maria.ceballos@davinci.edu.ar","username":"mceballos"}
[2025-02-11T20:41:28.223Z] INFO: Información del usuario adjuntada a la solicitud: {"id":"670fcd293f9c5f4310b80da5","role":"admin","email":"maria.ceballos@davinci.edu.ar","username":"mceballos"}
[2025-02-11T20:41:28.387Z] INFO: Información del usuario adjuntada a la solicitud: {"id":"670fcd293f9c5f4310b80da5","role":"admin","email":"maria.ceballos@davinci.edu.ar","username":"mceballos"}
[2025-02-11T20:41:28.556Z] INFO: Información del usuario adjuntada a la solicitud: {"id":"670fcd293f9c5f4310b80da5","role":"admin","email":"maria.ceballos@davinci.edu.ar","username":"mceballos"}
[2025-02-11T20:41:28.732Z] INFO: Información del usuario adjuntada a la solicitud: {"id":"670fcd293f9c5f4310b80da5","role":"admin","email":"maria.ceballos@davinci.edu.ar","username":"mceballos"}
[2025-02-11T20:41:28.898Z] INFO: Información del usuario adjuntada a la solicitud: {"id":"670fcd293f9c5f4310b80da5","role":"admin","email":"maria.ceballos@davinci.edu.ar","username":"mceballos"}
[2025-02-11T20:41:29.048Z] INFO: Información del usuario adjuntada a la solicitud: {"id":"670fcd293f9c5f4310b80da5","role":"admin","email":"maria.ceballos@davinci.edu.ar","username":"mceballos"}
[2025-02-11T20:41:29.205Z] INFO: Información del usuario adjuntada a la solicitud: {"id":"670fcd293f9c5f4310b80da5","role":"admin","email":"maria.ceballos@davinci.edu.ar","username":"mceballos"}
[2025-02-11T20:41:29.484Z] INFO: Información del usuario adjuntada a la solicitud: {"id":"670fcd293f9c5f4310b80da5","role":"admin","email":"maria.ceballos@davinci.edu.ar","username":"mceballos"}
[2025-02-11T20:41:29.658Z] INFO: Información del usuario adjuntada a la solicitud: {"id":"670fcd293f9c5f4310b80da5","role":"admin","email":"maria.ceballos@davinci.edu.ar","username":"mceballos"}
[2025-02-11T20:41:29.821Z] INFO: Información del usuario adjuntada a la solicitud: {"id":"670fcd293f9c5f4310b80da5","role":"admin","email":"maria.ceballos@davinci.edu.ar","username":"mceballos"}
[2025-02-11T20:41:30.013Z] INFO: Información del usuario adjuntada a la solicitud: {"id":"670fcd293f9c5f4310b80da5","role":"admin","email":"maria.ceballos@davinci.edu.ar","username":"mceballos"}
[2025-02-11T20:41:30.184Z] INFO: Información del usuario adjuntada a la solicitud: {"id":"670fcd293f9c5f4310b80da5","role":"admin","email":"maria.ceballos@davinci.edu.ar","username":"mceballos"}
[2025-02-11T20:41:30.475Z] INFO: Información del usuario adjuntada a la solicitud: {"id":"670fcd293f9c5f4310b80da5","role":"admin","email":"maria.ceballos@davinci.edu.ar","username":"mceballos"}
[2025-02-11T20:41:30.692Z] INFO: Información del usuario adjuntada a la solicitud: {"id":"670fcd293f9c5f4310b80da5","role":"admin","email":"maria.ceballos@davinci.edu.ar","username":"mceballos"}
[2025-02-11T20:42:14.942Z] INFO: Información del usuario adjuntada a la solicitud: {"id":"670fcd293f9c5f4310b80da5","role":"admin","email":"maria.ceballos@davinci.edu.ar","username":"mceballos"}
[2025-02-11T20:42:15.145Z] INFO: Información del usuario adjuntada a la solicitud: {"id":"670fcd293f9c5f4310b80da5","role":"admin","email":"maria.ceballos@davinci.edu.ar","username":"mceballos"}
[2025-02-11T20:42:15.211Z] INFO: Información del usuario adjuntada a la solicitud: {"id":"670fcd293f9c5f4310b80da5","role":"admin","email":"maria.ceballos@davinci.edu.ar","username":"mceballos"}
[2025-02-11T20:42:15.392Z] INFO: Información del usuario adjuntada a la solicitud: {"id":"670fcd293f9c5f4310b80da5","role":"admin","email":"maria.ceballos@davinci.edu.ar","username":"mceballos"}
[2025-02-11T20:42:15.454Z] INFO: Información del usuario adjuntada a la solicitud: {"id":"670fcd293f9c5f4310b80da5","role":"admin","email":"maria.ceballos@davinci.edu.ar","username":"mceballos"}
[2025-02-11T20:42:15.549Z] INFO: Información del usuario adjuntada a la solicitud: {"id":"670fcd293f9c5f4310b80da5","role":"admin","email":"maria.ceballos@davinci.edu.ar","username":"mceballos"}
[2025-02-11T20:42:15.622Z] INFO: Información del usuario adjuntada a la solicitud: {"id":"670fcd293f9c5f4310b80da5","role":"admin","email":"maria.ceballos@davinci.edu.ar","username":"mceballos"}
[2025-02-11T20:42:15.785Z] INFO: Información del usuario adjuntada a la solicitud: {"id":"670fcd293f9c5f4310b80da5","role":"admin","email":"maria.ceballos@davinci.edu.ar","username":"mceballos"}
[2025-02-11T20:42:15.983Z] INFO: Información del usuario adjuntada a la solicitud: {"id":"670fcd293f9c5f4310b80da5","role":"admin","email":"maria.ceballos@davinci.edu.ar","username":"mceballos"}
[2025-02-11T20:42:16.293Z] INFO: Información del usuario adjuntada a la solicitud: {"id":"670fcd293f9c5f4310b80da5","role":"admin","email":"maria.ceballos@davinci.edu.ar","username":"mceballos"}
[2025-02-11T20:42:16.468Z] INFO: Información del usuario adjuntada a la solicitud: {"id":"670fcd293f9c5f4310b80da5","role":"admin","email":"maria.ceballos@davinci.edu.ar","username":"mceballos"}
[2025-02-11T20:42:16.680Z] INFO: Información del usuario adjuntada a la solicitud: {"id":"670fcd293f9c5f4310b80da5","role":"admin","email":"maria.ceballos@davinci.edu.ar","username":"mceballos"}
[2025-02-11T20:42:16.854Z] INFO: Información del usuario adjuntada a la solicitud: {"id":"670fcd293f9c5f4310b80da5","role":"admin","email":"maria.ceballos@davinci.edu.ar","username":"mceballos"}
[2025-02-11T20:42:17.012Z] INFO: Información del usuario adjuntada a la solicitud: {"id":"670fcd293f9c5f4310b80da5","role":"admin","email":"maria.ceballos@davinci.edu.ar","username":"mceballos"}
[2025-02-11T20:42:17.178Z] INFO: Información del usuario adjuntada a la solicitud: {"id":"670fcd293f9c5f4310b80da5","role":"admin","email":"maria.ceballos@davinci.edu.ar","username":"mceballos"}
[2025-02-11T20:42:17.347Z] INFO: Información del usuario adjuntada a la solicitud: {"id":"670fcd293f9c5f4310b80da5","role":"admin","email":"maria.ceballos@davinci.edu.ar","username":"mceballos"}
[2025-02-11T20:42:17.513Z] INFO: Información del usuario adjuntada a la solicitud: {"id":"670fcd293f9c5f4310b80da5","role":"admin","email":"maria.ceballos@davinci.edu.ar","username":"mceballos"}
[2025-02-11T20:42:17.697Z] INFO: Información del usuario adjuntada a la solicitud: {"id":"670fcd293f9c5f4310b80da5","role":"admin","email":"maria.ceballos@davinci.edu.ar","username":"mceballos"}
[2025-02-11T20:42:17.876Z] INFO: Información del usuario adjuntada a la solicitud: {"id":"670fcd293f9c5f4310b80da5","role":"admin","email":"maria.ceballos@davinci.edu.ar","username":"mceballos"}
[2025-02-11T20:42:18.035Z] INFO: Información del usuario adjuntada a la solicitud: {"id":"670fcd293f9c5f4310b80da5","role":"admin","email":"maria.ceballos@davinci.edu.ar","username":"mceballos"}
[2025-02-11T20:42:18.202Z] INFO: Información del usuario adjuntada a la solicitud: {"id":"670fcd293f9c5f4310b80da5","role":"admin","email":"maria.ceballos@davinci.edu.ar","username":"mceballos"}
[2025-02-11T21:37:45.279Z] INFO: Usuario encontrado: mceballos
[2025-02-11T21:37:45.337Z] INFO: Token generado para usuario: mceballos
[2025-02-11T21:37:45.397Z] INFO: Información del usuario adjuntada a la solicitud: {"id":"670fcd293f9c5f4310b80da5","role":"admin","email":"maria.ceballos@davinci.edu.ar","username":"mceballos"}
[2025-02-11T21:37:45.516Z] INFO: Información del usuario adjuntada a la solicitud: {"id":"670fcd293f9c5f4310b80da5","role":"admin","email":"maria.ceballos@davinci.edu.ar","username":"mceballos"}
[2025-02-11T21:37:47.437Z] INFO: Información del usuario adjuntada a la solicitud: {"id":"670fcd293f9c5f4310b80da5","role":"admin","email":"maria.ceballos@davinci.edu.ar","username":"mceballos"}
[2025-02-11T21:37:47.612Z] INFO: Información del usuario adjuntada a la solicitud: {"id":"670fcd293f9c5f4310b80da5","role":"admin","email":"maria.ceballos@davinci.edu.ar","username":"mceballos"}
[2025-02-11T21:37:47.684Z] INFO: Información del usuario adjuntada a la solicitud: {"id":"670fcd293f9c5f4310b80da5","role":"admin","email":"maria.ceballos@davinci.edu.ar","username":"mceballos"}
[2025-02-11T21:37:47.859Z] INFO: Información del usuario adjuntada a la solicitud: {"id":"670fcd293f9c5f4310b80da5","role":"admin","email":"maria.ceballos@davinci.edu.ar","username":"mceballos"}
[2025-02-11T21:37:47.988Z] INFO: Información del usuario adjuntada a la solicitud: {"id":"670fcd293f9c5f4310b80da5","role":"admin","email":"maria.ceballos@davinci.edu.ar","username":"mceballos"}
[2025-02-11T21:37:48.047Z] INFO: Información del usuario adjuntada a la solicitud: {"id":"670fcd293f9c5f4310b80da5","role":"admin","email":"maria.ceballos@davinci.edu.ar","username":"mceballos"}
[2025-02-11T21:37:48.197Z] INFO: Información del usuario adjuntada a la solicitud: {"id":"670fcd293f9c5f4310b80da5","role":"admin","email":"maria.ceballos@davinci.edu.ar","username":"mceballos"}
[2025-02-11T21:37:48.360Z] INFO: Información del usuario adjuntada a la solicitud: {"id":"670fcd293f9c5f4310b80da5","role":"admin","email":"maria.ceballos@davinci.edu.ar","username":"mceballos"}
[2025-02-11T21:37:48.524Z] INFO: Información del usuario adjuntada a la solicitud: {"id":"670fcd293f9c5f4310b80da5","role":"admin","email":"maria.ceballos@davinci.edu.ar","username":"mceballos"}
[2025-02-11T21:37:48.694Z] INFO: Información del usuario adjuntada a la solicitud: {"id":"670fcd293f9c5f4310b80da5","role":"admin","email":"maria.ceballos@davinci.edu.ar","username":"mceballos"}
[2025-02-11T21:37:48.874Z] INFO: Información del usuario adjuntada a la solicitud: {"id":"670fcd293f9c5f4310b80da5","role":"admin","email":"maria.ceballos@davinci.edu.ar","username":"mceballos"}
[2025-02-11T21:37:49.043Z] INFO: Información del usuario adjuntada a la solicitud: {"id":"670fcd293f9c5f4310b80da5","role":"admin","email":"maria.ceballos@davinci.edu.ar","username":"mceballos"}
[2025-02-11T21:37:49.208Z] INFO: Información del usuario adjuntada a la solicitud: {"id":"670fcd293f9c5f4310b80da5","role":"admin","email":"maria.ceballos@davinci.edu.ar","username":"mceballos"}
[2025-02-11T21:37:49.375Z] INFO: Información del usuario adjuntada a la solicitud: {"id":"670fcd293f9c5f4310b80da5","role":"admin","email":"maria.ceballos@davinci.edu.ar","username":"mceballos"}
[2025-02-11T21:37:49.531Z] INFO: Información del usuario adjuntada a la solicitud: {"id":"670fcd293f9c5f4310b80da5","role":"admin","email":"maria.ceballos@davinci.edu.ar","username":"mceballos"}
[2025-02-11T21:37:49.689Z] INFO: Información del usuario adjuntada a la solicitud: {"id":"670fcd293f9c5f4310b80da5","role":"admin","email":"maria.ceballos@davinci.edu.ar","username":"mceballos"}
[2025-02-11T21:37:49.862Z] INFO: Información del usuario adjuntada a la solicitud: {"id":"670fcd293f9c5f4310b80da5","role":"admin","email":"maria.ceballos@davinci.edu.ar","username":"mceballos"}
[2025-02-11T21:37:50.036Z] INFO: Información del usuario adjuntada a la solicitud: {"id":"670fcd293f9c5f4310b80da5","role":"admin","email":"maria.ceballos@davinci.edu.ar","username":"mceballos"}
[2025-02-11T21:37:50.233Z] INFO: Información del usuario adjuntada a la solicitud: {"id":"670fcd293f9c5f4310b80da5","role":"admin","email":"maria.ceballos@davinci.edu.ar","username":"mceballos"}
[2025-02-11T21:37:50.344Z] INFO: Información del usuario adjuntada a la solicitud: {"id":"670fcd293f9c5f4310b80da5","role":"admin","email":"maria.ceballos@davinci.edu.ar","username":"mceballos"}
[2025-02-11T21:37:50.441Z] INFO: Información del usuario adjuntada a la solicitud: {"id":"670fcd293f9c5f4310b80da5","role":"admin","email":"maria.ceballos@davinci.edu.ar","username":"mceballos"}
[2025-02-11T21:37:50.510Z] INFO: Información del usuario adjuntada a la solicitud: {"id":"670fcd293f9c5f4310b80da5","role":"admin","email":"maria.ceballos@davinci.edu.ar","username":"mceballos"}
[2025-02-11T21:37:50.682Z] INFO: Información del usuario adjuntada a la solicitud: {"id":"670fcd293f9c5f4310b80da5","role":"admin","email":"maria.ceballos@davinci.edu.ar","username":"mceballos"}
[2025-02-11T21:37:50.847Z] INFO: Información del usuario adjuntada a la solicitud: {"id":"670fcd293f9c5f4310b80da5","role":"admin","email":"maria.ceballos@davinci.edu.ar","username":"mceballos"}
[2025-02-11T21:37:51.003Z] INFO: Información del usuario adjuntada a la solicitud: {"id":"670fcd293f9c5f4310b80da5","role":"admin","email":"maria.ceballos@davinci.edu.ar","username":"mceballos"}
[2025-02-11T21:37:51.170Z] INFO: Información del usuario adjuntada a la solicitud: {"id":"670fcd293f9c5f4310b80da5","role":"admin","email":"maria.ceballos@davinci.edu.ar","username":"mceballos"}
[2025-02-11T21:37:51.336Z] INFO: Información del usuario adjuntada a la solicitud: {"id":"670fcd293f9c5f4310b80da5","role":"admin","email":"maria.ceballos@davinci.edu.ar","username":"mceballos"}
[2025-02-11T21:37:51.504Z] INFO: Información del usuario adjuntada a la solicitud: {"id":"670fcd293f9c5f4310b80da5","role":"admin","email":"maria.ceballos@davinci.edu.ar","username":"mceballos"}
[2025-02-11T21:37:51.695Z] INFO: Información del usuario adjuntada a la solicitud: {"id":"670fcd293f9c5f4310b80da5","role":"admin","email":"maria.ceballos@davinci.edu.ar","username":"mceballos"}
[2025-02-11T21:37:51.872Z] INFO: Información del usuario adjuntada a la solicitud: {"id":"670fcd293f9c5f4310b80da5","role":"admin","email":"maria.ceballos@davinci.edu.ar","username":"mceballos"}
[2025-02-11T21:37:52.054Z] INFO: Información del usuario adjuntada a la solicitud: {"id":"670fcd293f9c5f4310b80da5","role":"admin","email":"maria.ceballos@davinci.edu.ar","username":"mceballos"}
[2025-02-11T21:37:52.218Z] INFO: Información del usuario adjuntada a la solicitud: {"id":"670fcd293f9c5f4310b80da5","role":"admin","email":"maria.ceballos@davinci.edu.ar","username":"mceballos"}
[2025-02-11T21:37:52.381Z] INFO: Información del usuario adjuntada a la solicitud: {"id":"670fcd293f9c5f4310b80da5","role":"admin","email":"maria.ceballos@davinci.edu.ar","username":"mceballos"}
[2025-02-11T21:37:52.557Z] INFO: Información del usuario adjuntada a la solicitud: {"id":"670fcd293f9c5f4310b80da5","role":"admin","email":"maria.ceballos@davinci.edu.ar","username":"mceballos"}
[2025-02-11T21:37:52.719Z] INFO: Información del usuario adjuntada a la solicitud: {"id":"670fcd293f9c5f4310b80da5","role":"admin","email":"maria.ceballos@davinci.edu.ar","username":"mceballos"}
[2025-02-11T21:37:52.958Z] INFO: Información del usuario adjuntada a la solicitud: {"id":"670fcd293f9c5f4310b80da5","role":"admin","email":"maria.ceballos@davinci.edu.ar","username":"mceballos"}
[2025-02-11T21:37:53.115Z] INFO: Información del usuario adjuntada a la solicitud: {"id":"670fcd293f9c5f4310b80da5","role":"admin","email":"maria.ceballos@davinci.edu.ar","username":"mceballos"}
[2025-02-11T21:37:53.283Z] INFO: Información del usuario adjuntada a la solicitud: {"id":"670fcd293f9c5f4310b80da5","role":"admin","email":"maria.ceballos@davinci.edu.ar","username":"mceballos"}
[2025-02-11T21:37:53.447Z] INFO: Información del usuario adjuntada a la solicitud: {"id":"670fcd293f9c5f4310b80da5","role":"admin","email":"maria.ceballos@davinci.edu.ar","username":"mceballos"}
[2025-02-11T21:37:53.615Z] INFO: Información del usuario adjuntada a la solicitud: {"id":"670fcd293f9c5f4310b80da5","role":"admin","email":"maria.ceballos@davinci.edu.ar","username":"mceballos"}
[2025-02-11T21:37:53.782Z] INFO: Información del usuario adjuntada a la solicitud: {"id":"670fcd293f9c5f4310b80da5","role":"admin","email":"maria.ceballos@davinci.edu.ar","username":"mceballos"}
[2025-02-11T21:37:53.950Z] INFO: Información del usuario adjuntada a la solicitud: {"id":"670fcd293f9c5f4310b80da5","role":"admin","email":"maria.ceballos@davinci.edu.ar","username":"mceballos"}
[2025-02-11T21:37:54.154Z] INFO: Información del usuario adjuntada a la solicitud: {"id":"670fcd293f9c5f4310b80da5","role":"admin","email":"maria.ceballos@davinci.edu.ar","username":"mceballos"}
[2025-02-11T21:37:54.316Z] INFO: Información del usuario adjuntada a la solicitud: {"id":"670fcd293f9c5f4310b80da5","role":"admin","email":"maria.ceballos@davinci.edu.ar","username":"mceballos"}
[2025-02-11T21:37:54.385Z] INFO: Información del usuario adjuntada a la solicitud: {"id":"670fcd293f9c5f4310b80da5","role":"admin","email":"maria.ceballos@davinci.edu.ar","username":"mceballos"}
[2025-02-11T21:37:54.386Z] INFO: Información del usuario adjuntada a la solicitud: {"id":"670fcd293f9c5f4310b80da5","role":"admin","email":"maria.ceballos@davinci.edu.ar","username":"mceballos"}
[2025-02-11T21:37:54.505Z] INFO: Información del usuario adjuntada a la solicitud: {"id":"670fcd293f9c5f4310b80da5","role":"admin","email":"maria.ceballos@davinci.edu.ar","username":"mceballos"}
[2025-02-11T21:37:54.506Z] INFO: Información del usuario adjuntada a la solicitud: {"id":"670fcd293f9c5f4310b80da5","role":"admin","email":"maria.ceballos@davinci.edu.ar","username":"mceballos"}
[2025-02-11T21:37:54.533Z] INFO: Información del usuario adjuntada a la solicitud: {"id":"670fcd293f9c5f4310b80da5","role":"admin","email":"maria.ceballos@davinci.edu.ar","username":"mceballos"}
[2025-02-11T21:37:54.895Z] INFO: Información del usuario adjuntada a la solicitud: {"id":"670fcd293f9c5f4310b80da5","role":"admin","email":"maria.ceballos@davinci.edu.ar","username":"mceballos"}
[2025-02-11T21:37:55.161Z] INFO: Información del usuario adjuntada a la solicitud: {"id":"670fcd293f9c5f4310b80da5","role":"admin","email":"maria.ceballos@davinci.edu.ar","username":"mceballos"}
[2025-02-11T21:37:55.328Z] INFO: Información del usuario adjuntada a la solicitud: {"id":"670fcd293f9c5f4310b80da5","role":"admin","email":"maria.ceballos@davinci.edu.ar","username":"mceballos"}
[2025-02-11T21:37:55.459Z] INFO: Información del usuario adjuntada a la solicitud: {"id":"670fcd293f9c5f4310b80da5","role":"admin","email":"maria.ceballos@davinci.edu.ar","username":"mceballos"}
[2025-02-11T21:37:55.516Z] INFO: Información del usuario adjuntada a la solicitud: {"id":"670fcd293f9c5f4310b80da5","role":"admin","email":"maria.ceballos@davinci.edu.ar","username":"mceballos"}
[2025-02-11T21:37:55.576Z] INFO: Información del usuario adjuntada a la solicitud: {"id":"670fcd293f9c5f4310b80da5","role":"admin","email":"maria.ceballos@davinci.edu.ar","username":"mceballos"}
[2025-02-11T21:37:55.702Z] INFO: Información del usuario adjuntada a la solicitud: {"id":"670fcd293f9c5f4310b80da5","role":"admin","email":"maria.ceballos@davinci.edu.ar","username":"mceballos"}
[2025-02-11T21:37:56.007Z] INFO: Información del usuario adjuntada a la solicitud: {"id":"670fcd293f9c5f4310b80da5","role":"admin","email":"maria.ceballos@davinci.edu.ar","username":"mceballos"}
[2025-02-11T21:37:56.179Z] INFO: Información del usuario adjuntada a la solicitud: {"id":"670fcd293f9c5f4310b80da5","role":"admin","email":"maria.ceballos@davinci.edu.ar","username":"mceballos"}
[2025-02-11T21:37:56.275Z] INFO: Información del usuario adjuntada a la solicitud: {"id":"670fcd293f9c5f4310b80da5","role":"admin","email":"maria.ceballos@davinci.edu.ar","username":"mceballos"}
[2025-02-11T21:37:56.356Z] INFO: Información del usuario adjuntada a la solicitud: {"id":"670fcd293f9c5f4310b80da5","role":"admin","email":"maria.ceballos@davinci.edu.ar","username":"mceballos"}
[2025-02-11T21:37:56.459Z] INFO: Información del usuario adjuntada a la solicitud: {"id":"670fcd293f9c5f4310b80da5","role":"admin","email":"maria.ceballos@davinci.edu.ar","username":"mceballos"}
[2025-02-11T21:37:56.611Z] INFO: Información del usuario adjuntada a la solicitud: {"id":"670fcd293f9c5f4310b80da5","role":"admin","email":"maria.ceballos@davinci.edu.ar","username":"mceballos"}
[2025-02-11T21:37:56.744Z] INFO: Información del usuario adjuntada a la solicitud: {"id":"670fcd293f9c5f4310b80da5","role":"admin","email":"maria.ceballos@davinci.edu.ar","username":"mceballos"}
[2025-02-11T21:37:56.785Z] INFO: Información del usuario adjuntada a la solicitud: {"id":"670fcd293f9c5f4310b80da5","role":"admin","email":"maria.ceballos@davinci.edu.ar","username":"mceballos"}
[2025-02-11T21:37:56.929Z] INFO: Información del usuario adjuntada a la solicitud: {"id":"670fcd293f9c5f4310b80da5","role":"admin","email":"maria.ceballos@davinci.edu.ar","username":"mceballos"}
[2025-02-11T21:37:56.935Z] INFO: Información del usuario adjuntada a la solicitud: {"id":"670fcd293f9c5f4310b80da5","role":"admin","email":"maria.ceballos@davinci.edu.ar","username":"mceballos"}
[2025-02-11T21:37:57.107Z] INFO: Información del usuario adjuntada a la solicitud: {"id":"670fcd293f9c5f4310b80da5","role":"admin","email":"maria.ceballos@davinci.edu.ar","username":"mceballos"}
[2025-02-11T21:37:57.311Z] INFO: Información del usuario adjuntada a la solicitud: {"id":"670fcd293f9c5f4310b80da5","role":"admin","email":"maria.ceballos@davinci.edu.ar","username":"mceballos"}
[2025-02-11T21:37:57.527Z] INFO: Información del usuario adjuntada a la solicitud: {"id":"670fcd293f9c5f4310b80da5","role":"admin","email":"maria.ceballos@davinci.edu.ar","username":"mceballos"}
[2025-02-11T21:37:57.695Z] INFO: Información del usuario adjuntada a la solicitud: {"id":"670fcd293f9c5f4310b80da5","role":"admin","email":"maria.ceballos@davinci.edu.ar","username":"mceballos"}
[2025-02-11T21:37:57.882Z] INFO: Información del usuario adjuntada a la solicitud: {"id":"670fcd293f9c5f4310b80da5","role":"admin","email":"maria.ceballos@davinci.edu.ar","username":"mceballos"}
[2025-02-11T21:37:58.052Z] INFO: Información del usuario adjuntada a la solicitud: {"id":"670fcd293f9c5f4310b80da5","role":"admin","email":"maria.ceballos@davinci.edu.ar","username":"mceballos"}
[2025-02-11T21:37:58.218Z] INFO: Información del usuario adjuntada a la solicitud: {"id":"670fcd293f9c5f4310b80da5","role":"admin","email":"maria.ceballos@davinci.edu.ar","username":"mceballos"}
[2025-02-11T21:37:58.386Z] INFO: Información del usuario adjuntada a la solicitud: {"id":"670fcd293f9c5f4310b80da5","role":"admin","email":"maria.ceballos@davinci.edu.ar","username":"mceballos"}
[2025-02-11T21:37:58.551Z] INFO: Información del usuario adjuntada a la solicitud: {"id":"670fcd293f9c5f4310b80da5","role":"admin","email":"maria.ceballos@davinci.edu.ar","username":"mceballos"}
[2025-02-11T21:37:58.708Z] INFO: Información del usuario adjuntada a la solicitud: {"id":"670fcd293f9c5f4310b80da5","role":"admin","email":"maria.ceballos@davinci.edu.ar","username":"mceballos"}
[2025-02-11T21:37:58.918Z] INFO: Información del usuario adjuntada a la solicitud: {"id":"670fcd293f9c5f4310b80da5","role":"admin","email":"maria.ceballos@davinci.edu.ar","username":"mceballos"}
[2025-02-11T21:37:59.102Z] INFO: Información del usuario adjuntada a la solicitud: {"id":"670fcd293f9c5f4310b80da5","role":"admin","email":"maria.ceballos@davinci.edu.ar","username":"mceballos"}
[2025-02-11T21:37:59.267Z] INFO: Información del usuario adjuntada a la solicitud: {"id":"670fcd293f9c5f4310b80da5","role":"admin","email":"maria.ceballos@davinci.edu.ar","username":"mceballos"}
[2025-02-11T21:37:59.427Z] INFO: Información del usuario adjuntada a la solicitud: {"id":"670fcd293f9c5f4310b80da5","role":"admin","email":"maria.ceballos@davinci.edu.ar","username":"mceballos"}
[2025-02-11T21:37:59.596Z] INFO: Información del usuario adjuntada a la solicitud: {"id":"670fcd293f9c5f4310b80da5","role":"admin","email":"maria.ceballos@davinci.edu.ar","username":"mceballos"}
[2025-02-11T21:37:59.764Z] INFO: Información del usuario adjuntada a la solicitud: {"id":"670fcd293f9c5f4310b80da5","role":"admin","email":"maria.ceballos@davinci.edu.ar","username":"mceballos"}
[2025-02-11T21:37:59.936Z] INFO: Información del usuario adjuntada a la solicitud: {"id":"670fcd293f9c5f4310b80da5","role":"admin","email":"maria.ceballos@davinci.edu.ar","username":"mceballos"}
[2025-02-11T21:38:00.168Z] INFO: Información del usuario adjuntada a la solicitud: {"id":"670fcd293f9c5f4310b80da5","role":"admin","email":"maria.ceballos@davinci.edu.ar","username":"mceballos"}
[2025-02-11T21:38:32.754Z] INFO: Información del usuario adjuntada a la solicitud: {"id":"670fcd293f9c5f4310b80da5","role":"admin","email":"maria.ceballos@davinci.edu.ar","username":"mceballos"}
[2025-02-11T21:38:32.857Z] INFO: Información del usuario adjuntada a la solicitud: {"id":"670fcd293f9c5f4310b80da5","role":"admin","email":"maria.ceballos@davinci.edu.ar","username":"mceballos"}
[2025-02-11T21:38:32.963Z] INFO: Información del usuario adjuntada a la solicitud: {"id":"670fcd293f9c5f4310b80da5","role":"admin","email":"maria.ceballos@davinci.edu.ar","username":"mceballos"}
[2025-02-11T21:38:33.076Z] INFO: Información del usuario adjuntada a la solicitud: {"id":"670fcd293f9c5f4310b80da5","role":"admin","email":"maria.ceballos@davinci.edu.ar","username":"mceballos"}
[2025-02-11T21:38:40.028Z] INFO: Información del usuario adjuntada a la solicitud: {"id":"670fcd293f9c5f4310b80da5","role":"admin","email":"maria.ceballos@davinci.edu.ar","username":"mceballos"}
[2025-02-11T21:38:40.257Z] INFO: Información del usuario adjuntada a la solicitud: {"id":"670fcd293f9c5f4310b80da5","role":"admin","email":"maria.ceballos@davinci.edu.ar","username":"mceballos"}
[2025-02-11T21:38:40.307Z] INFO: Información del usuario adjuntada a la solicitud: {"id":"670fcd293f9c5f4310b80da5","role":"admin","email":"maria.ceballos@davinci.edu.ar","username":"mceballos"}
[2025-02-11T21:38:40.524Z] INFO: Información del usuario adjuntada a la solicitud: {"id":"670fcd293f9c5f4310b80da5","role":"admin","email":"maria.ceballos@davinci.edu.ar","username":"mceballos"}
[2025-02-11T21:38:40.537Z] INFO: Información del usuario adjuntada a la solicitud: {"id":"670fcd293f9c5f4310b80da5","role":"admin","email":"maria.ceballos@davinci.edu.ar","username":"mceballos"}
[2025-02-11T21:38:40.686Z] INFO: Información del usuario adjuntada a la solicitud: {"id":"670fcd293f9c5f4310b80da5","role":"admin","email":"maria.ceballos@davinci.edu.ar","username":"mceballos"}
[2025-02-11T21:38:40.692Z] INFO: Información del usuario adjuntada a la solicitud: {"id":"670fcd293f9c5f4310b80da5","role":"admin","email":"maria.ceballos@davinci.edu.ar","username":"mceballos"}
[2025-02-11T21:38:40.865Z] INFO: Información del usuario adjuntada a la solicitud: {"id":"670fcd293f9c5f4310b80da5","role":"admin","email":"maria.ceballos@davinci.edu.ar","username":"mceballos"}
[2025-02-11T21:38:41.024Z] INFO: Información del usuario adjuntada a la solicitud: {"id":"670fcd293f9c5f4310b80da5","role":"admin","email":"maria.ceballos@davinci.edu.ar","username":"mceballos"}
[2025-02-11T21:38:41.187Z] INFO: Información del usuario adjuntada a la solicitud: {"id":"670fcd293f9c5f4310b80da5","role":"admin","email":"maria.ceballos@davinci.edu.ar","username":"mceballos"}
[2025-02-11T21:38:41.359Z] INFO: Información del usuario adjuntada a la solicitud: {"id":"670fcd293f9c5f4310b80da5","role":"admin","email":"maria.ceballos@davinci.edu.ar","username":"mceballos"}
[2025-02-11T21:38:41.535Z] INFO: Información del usuario adjuntada a la solicitud: {"id":"670fcd293f9c5f4310b80da5","role":"admin","email":"maria.ceballos@davinci.edu.ar","username":"mceballos"}
[2025-02-11T21:38:41.697Z] INFO: Información del usuario adjuntada a la solicitud: {"id":"670fcd293f9c5f4310b80da5","role":"admin","email":"maria.ceballos@davinci.edu.ar","username":"mceballos"}
[2025-02-11T21:38:41.871Z] INFO: Información del usuario adjuntada a la solicitud: {"id":"670fcd293f9c5f4310b80da5","role":"admin","email":"maria.ceballos@davinci.edu.ar","username":"mceballos"}
[2025-02-11T21:38:42.023Z] INFO: Información del usuario adjuntada a la solicitud: {"id":"670fcd293f9c5f4310b80da5","role":"admin","email":"maria.ceballos@davinci.edu.ar","username":"mceballos"}
[2025-02-11T21:38:42.189Z] INFO: Información del usuario adjuntada a la solicitud: {"id":"670fcd293f9c5f4310b80da5","role":"admin","email":"maria.ceballos@davinci.edu.ar","username":"mceballos"}
[2025-02-11T21:38:42.411Z] INFO: Información del usuario adjuntada a la solicitud: {"id":"670fcd293f9c5f4310b80da5","role":"admin","email":"maria.ceballos@davinci.edu.ar","username":"mceballos"}
[2025-02-11T21:38:42.572Z] INFO: Información del usuario adjuntada a la solicitud: {"id":"670fcd293f9c5f4310b80da5","role":"admin","email":"maria.ceballos@davinci.edu.ar","username":"mceballos"}
[2025-02-11T21:38:42.636Z] INFO: Información del usuario adjuntada a la solicitud: {"id":"670fcd293f9c5f4310b80da5","role":"admin","email":"maria.ceballos@davinci.edu.ar","username":"mceballos"}
[2025-02-11T21:38:42.739Z] INFO: Información del usuario adjuntada a la solicitud: {"id":"670fcd293f9c5f4310b80da5","role":"admin","email":"maria.ceballos@davinci.edu.ar","username":"mceballos"}
[2025-02-11T21:38:42.805Z] INFO: Información del usuario adjuntada a la solicitud: {"id":"670fcd293f9c5f4310b80da5","role":"admin","email":"maria.ceballos@davinci.edu.ar","username":"mceballos"}
[2025-02-11T21:38:42.943Z] INFO: Información del usuario adjuntada a la solicitud: {"id":"670fcd293f9c5f4310b80da5","role":"admin","email":"maria.ceballos@davinci.edu.ar","username":"mceballos"}
[2025-02-11T21:38:43.100Z] INFO: Información del usuario adjuntada a la solicitud: {"id":"670fcd293f9c5f4310b80da5","role":"admin","email":"maria.ceballos@davinci.edu.ar","username":"mceballos"}
[2025-02-11T21:38:43.253Z] INFO: Información del usuario adjuntada a la solicitud: {"id":"670fcd293f9c5f4310b80da5","role":"admin","email":"maria.ceballos@davinci.edu.ar","username":"mceballos"}
[2025-02-11T21:38:43.420Z] INFO: Información del usuario adjuntada a la solicitud: {"id":"670fcd293f9c5f4310b80da5","role":"admin","email":"maria.ceballos@davinci.edu.ar","username":"mceballos"}
[2025-02-11T21:38:43.592Z] INFO: Información del usuario adjuntada a la solicitud: {"id":"670fcd293f9c5f4310b80da5","role":"admin","email":"maria.ceballos@davinci.edu.ar","username":"mceballos"}
[2025-02-11T21:38:43.758Z] INFO: Información del usuario adjuntada a la solicitud: {"id":"670fcd293f9c5f4310b80da5","role":"admin","email":"maria.ceballos@davinci.edu.ar","username":"mceballos"}
[2025-02-11T21:38:43.925Z] INFO: Información del usuario adjuntada a la solicitud: {"id":"670fcd293f9c5f4310b80da5","role":"admin","email":"maria.ceballos@davinci.edu.ar","username":"mceballos"}
[2025-02-11T21:38:44.112Z] INFO: Información del usuario adjuntada a la solicitud: {"id":"670fcd293f9c5f4310b80da5","role":"admin","email":"maria.ceballos@davinci.edu.ar","username":"mceballos"}
[2025-02-11T21:38:44.402Z] INFO: Información del usuario adjuntada a la solicitud: {"id":"670fcd293f9c5f4310b80da5","role":"admin","email":"maria.ceballos@davinci.edu.ar","username":"mceballos"}
[2025-02-11T21:38:44.751Z] INFO: Información del usuario adjuntada a la solicitud: {"id":"670fcd293f9c5f4310b80da5","role":"admin","email":"maria.ceballos@davinci.edu.ar","username":"mceballos"}
[2025-02-11T21:38:44.926Z] INFO: Información del usuario adjuntada a la solicitud: {"id":"670fcd293f9c5f4310b80da5","role":"admin","email":"maria.ceballos@davinci.edu.ar","username":"mceballos"}
[2025-02-11T21:38:45.092Z] INFO: Información del usuario adjuntada a la solicitud: {"id":"670fcd293f9c5f4310b80da5","role":"admin","email":"maria.ceballos@davinci.edu.ar","username":"mceballos"}
[2025-02-11T21:57:52.060Z] INFO: Información del usuario adjuntada a la solicitud: {"id":"670fcd293f9c5f4310b80da5","role":"admin","email":"maria.ceballos@davinci.edu.ar","username":"mceballos"}
[2025-02-11T21:57:52.179Z] INFO: Información del usuario adjuntada a la solicitud: {"id":"670fcd293f9c5f4310b80da5","role":"admin","email":"maria.ceballos@davinci.edu.ar","username":"mceballos"}
[2025-02-11T21:57:52.300Z] INFO: Información del usuario adjuntada a la solicitud: {"id":"670fcd293f9c5f4310b80da5","role":"admin","email":"maria.ceballos@davinci.edu.ar","username":"mceballos"}
[2025-02-11T21:57:52.420Z] INFO: Información del usuario adjuntada a la solicitud: {"id":"670fcd293f9c5f4310b80da5","role":"admin","email":"maria.ceballos@davinci.edu.ar","username":"mceballos"}
[2025-02-11T21:57:59.306Z] INFO: Información del usuario adjuntada a la solicitud: {"id":"670fcd293f9c5f4310b80da5","role":"admin","email":"maria.ceballos@davinci.edu.ar","username":"mceballos"}
[2025-02-11T21:57:59.309Z] INFO: Información del usuario adjuntada a la solicitud: {"id":"670fcd293f9c5f4310b80da5","role":"admin","email":"maria.ceballos@davinci.edu.ar","username":"mceballos"}
[2025-02-11T21:57:59.435Z] INFO: Información del usuario adjuntada a la solicitud: {"id":"670fcd293f9c5f4310b80da5","role":"admin","email":"maria.ceballos@davinci.edu.ar","username":"mceballos"}
[2025-02-11T21:57:59.438Z] INFO: Información del usuario adjuntada a la solicitud: {"id":"670fcd293f9c5f4310b80da5","role":"admin","email":"maria.ceballos@davinci.edu.ar","username":"mceballos"}
[2025-02-11T21:58:52.703Z] INFO: Información del usuario adjuntada a la solicitud: {"id":"670fcd293f9c5f4310b80da5","role":"admin","email":"maria.ceballos@davinci.edu.ar","username":"mceballos"}
[2025-02-11T21:59:08.839Z] INFO: Información del usuario adjuntada a la solicitud: {"id":"670fcd293f9c5f4310b80da5","role":"admin","email":"maria.ceballos@davinci.edu.ar","username":"mceballos"}
[2025-02-11T21:59:09.014Z] INFO: Información del usuario adjuntada a la solicitud: {"id":"670fcd293f9c5f4310b80da5","role":"admin","email":"maria.ceballos@davinci.edu.ar","username":"mceballos"}
[2025-02-11T21:59:09.071Z] INFO: Información del usuario adjuntada a la solicitud: {"id":"670fcd293f9c5f4310b80da5","role":"admin","email":"maria.ceballos@davinci.edu.ar","username":"mceballos"}
[2025-02-11T22:00:09.761Z] INFO: Información del usuario adjuntada a la solicitud: {"id":"670fcd293f9c5f4310b80da5","role":"admin","email":"maria.ceballos@davinci.edu.ar","username":"mceballos"}
[2025-02-11T22:00:13.777Z] INFO: Información del usuario adjuntada a la solicitud: {"id":"670fcd293f9c5f4310b80da5","role":"admin","email":"maria.ceballos@davinci.edu.ar","username":"mceballos"}
[2025-02-11T22:00:13.786Z] INFO: Información del usuario adjuntada a la solicitud: {"id":"670fcd293f9c5f4310b80da5","role":"admin","email":"maria.ceballos@davinci.edu.ar","username":"mceballos"}
[2025-02-11T22:00:13.788Z] INFO: Información del usuario adjuntada a la solicitud: {"id":"670fcd293f9c5f4310b80da5","role":"admin","email":"maria.ceballos@davinci.edu.ar","username":"mceballos"}
[2025-02-11T22:00:13.890Z] INFO: Información del usuario adjuntada a la solicitud: {"id":"670fcd293f9c5f4310b80da5","role":"admin","email":"maria.ceballos@davinci.edu.ar","username":"mceballos"}
[2025-02-11T22:00:13.896Z] INFO: Información del usuario adjuntada a la solicitud: {"id":"670fcd293f9c5f4310b80da5","role":"admin","email":"maria.ceballos@davinci.edu.ar","username":"mceballos"}
[2025-02-11T22:00:13.897Z] INFO: Información del usuario adjuntada a la solicitud: {"id":"670fcd293f9c5f4310b80da5","role":"admin","email":"maria.ceballos@davinci.edu.ar","username":"mceballos"}
[2025-02-11T22:00:14.013Z] INFO: Información del usuario adjuntada a la solicitud: {"id":"670fcd293f9c5f4310b80da5","role":"admin","email":"maria.ceballos@davinci.edu.ar","username":"mceballos"}
[2025-02-11T22:00:14.127Z] INFO: Información del usuario adjuntada a la solicitud: {"id":"670fcd293f9c5f4310b80da5","role":"admin","email":"maria.ceballos@davinci.edu.ar","username":"mceballos"}
[2025-02-11T22:02:33.060Z] INFO: Información del usuario adjuntada a la solicitud: {"id":"670fcd293f9c5f4310b80da5","role":"admin","email":"maria.ceballos@davinci.edu.ar","username":"mceballos"}
[2025-02-11T22:02:34.597Z] INFO: Información del usuario adjuntada a la solicitud: {"id":"670fcd293f9c5f4310b80da5","role":"admin","email":"maria.ceballos@davinci.edu.ar","username":"mceballos"}
[2025-02-11T22:03:28.422Z] INFO: Información del usuario adjuntada a la solicitud: {"id":"670fcd293f9c5f4310b80da5","role":"admin","email":"maria.ceballos@davinci.edu.ar","username":"mceballos"}
[2025-02-11T22:03:28.424Z] INFO: Información del usuario adjuntada a la solicitud: {"id":"670fcd293f9c5f4310b80da5","role":"admin","email":"maria.ceballos@davinci.edu.ar","username":"mceballos"}
[2025-02-11T22:03:28.443Z] INFO: Información del usuario adjuntada a la solicitud: {"id":"670fcd293f9c5f4310b80da5","role":"admin","email":"maria.ceballos@davinci.edu.ar","username":"mceballos"}
[2025-02-11T22:03:28.538Z] INFO: Información del usuario adjuntada a la solicitud: {"id":"670fcd293f9c5f4310b80da5","role":"admin","email":"maria.ceballos@davinci.edu.ar","username":"mceballos"}
[2025-02-11T22:03:28.540Z] INFO: Información del usuario adjuntada a la solicitud: {"id":"670fcd293f9c5f4310b80da5","role":"admin","email":"maria.ceballos@davinci.edu.ar","username":"mceballos"}
[2025-02-11T22:03:28.563Z] INFO: Información del usuario adjuntada a la solicitud: {"id":"670fcd293f9c5f4310b80da5","role":"admin","email":"maria.ceballos@davinci.edu.ar","username":"mceballos"}
[2025-02-11T22:03:28.658Z] INFO: Información del usuario adjuntada a la solicitud: {"id":"670fcd293f9c5f4310b80da5","role":"admin","email":"maria.ceballos@davinci.edu.ar","username":"mceballos"}
[2025-02-11T22:03:28.770Z] INFO: Información del usuario adjuntada a la solicitud: {"id":"670fcd293f9c5f4310b80da5","role":"admin","email":"maria.ceballos@davinci.edu.ar","username":"mceballos"}
[2025-02-11T22:03:33.987Z] INFO: Información del usuario adjuntada a la solicitud: {"id":"670fcd293f9c5f4310b80da5","role":"admin","email":"maria.ceballos@davinci.edu.ar","username":"mceballos"}
[2025-02-11T22:03:44.575Z] INFO: Información del usuario adjuntada a la solicitud: {"id":"670fcd293f9c5f4310b80da5","role":"admin","email":"maria.ceballos@davinci.edu.ar","username":"mceballos"}
[2025-02-11T22:03:44.590Z] INFO: Información del usuario adjuntada a la solicitud: {"id":"670fcd293f9c5f4310b80da5","role":"admin","email":"maria.ceballos@davinci.edu.ar","username":"mceballos"}
[2025-02-11T22:03:44.601Z] INFO: Información del usuario adjuntada a la solicitud: {"id":"670fcd293f9c5f4310b80da5","role":"admin","email":"maria.ceballos@davinci.edu.ar","username":"mceballos"}
[2025-02-11T22:03:44.679Z] INFO: Información del usuario adjuntada a la solicitud: {"id":"670fcd293f9c5f4310b80da5","role":"admin","email":"maria.ceballos@davinci.edu.ar","username":"mceballos"}
[2025-02-11T22:03:44.705Z] INFO: Información del usuario adjuntada a la solicitud: {"id":"670fcd293f9c5f4310b80da5","role":"admin","email":"maria.ceballos@davinci.edu.ar","username":"mceballos"}
[2025-02-11T22:03:44.723Z] INFO: Información del usuario adjuntada a la solicitud: {"id":"670fcd293f9c5f4310b80da5","role":"admin","email":"maria.ceballos@davinci.edu.ar","username":"mceballos"}
[2025-02-11T22:03:44.792Z] INFO: Información del usuario adjuntada a la solicitud: {"id":"670fcd293f9c5f4310b80da5","role":"admin","email":"maria.ceballos@davinci.edu.ar","username":"mceballos"}
[2025-02-11T22:03:44.894Z] INFO: Información del usuario adjuntada a la solicitud: {"id":"670fcd293f9c5f4310b80da5","role":"admin","email":"maria.ceballos@davinci.edu.ar","username":"mceballos"}
[2025-02-11T22:03:46.488Z] INFO: Información del usuario adjuntada a la solicitud: {"id":"670fcd293f9c5f4310b80da5","role":"admin","email":"maria.ceballos@davinci.edu.ar","username":"mceballos"}
[2025-02-11T22:03:46.669Z] INFO: Información del usuario adjuntada a la solicitud: {"id":"670fcd293f9c5f4310b80da5","role":"admin","email":"maria.ceballos@davinci.edu.ar","username":"mceballos"}
[2025-02-11T22:03:46.746Z] INFO: Información del usuario adjuntada a la solicitud: {"id":"670fcd293f9c5f4310b80da5","role":"admin","email":"maria.ceballos@davinci.edu.ar","username":"mceballos"}
[2025-02-11T22:03:46.966Z] INFO: Información del usuario adjuntada a la solicitud: {"id":"670fcd293f9c5f4310b80da5","role":"admin","email":"maria.ceballos@davinci.edu.ar","username":"mceballos"}
[2025-02-11T22:03:47.038Z] INFO: Información del usuario adjuntada a la solicitud: {"id":"670fcd293f9c5f4310b80da5","role":"admin","email":"maria.ceballos@davinci.edu.ar","username":"mceballos"}
[2025-02-11T22:03:47.151Z] INFO: Información del usuario adjuntada a la solicitud: {"id":"670fcd293f9c5f4310b80da5","role":"admin","email":"maria.ceballos@davinci.edu.ar","username":"mceballos"}
[2025-02-11T22:03:47.242Z] INFO: Información del usuario adjuntada a la solicitud: {"id":"670fcd293f9c5f4310b80da5","role":"admin","email":"maria.ceballos@davinci.edu.ar","username":"mceballos"}
[2025-02-11T22:03:47.471Z] INFO: Información del usuario adjuntada a la solicitud: {"id":"670fcd293f9c5f4310b80da5","role":"admin","email":"maria.ceballos@davinci.edu.ar","username":"mceballos"}
[2025-02-11T22:03:47.653Z] INFO: Información del usuario adjuntada a la solicitud: {"id":"670fcd293f9c5f4310b80da5","role":"admin","email":"maria.ceballos@davinci.edu.ar","username":"mceballos"}
[2025-02-11T22:03:47.879Z] INFO: Información del usuario adjuntada a la solicitud: {"id":"670fcd293f9c5f4310b80da5","role":"admin","email":"maria.ceballos@davinci.edu.ar","username":"mceballos"}
[2025-02-11T22:03:48.056Z] INFO: Información del usuario adjuntada a la solicitud: {"id":"670fcd293f9c5f4310b80da5","role":"admin","email":"maria.ceballos@davinci.edu.ar","username":"mceballos"}
[2025-02-11T22:03:48.216Z] INFO: Información del usuario adjuntada a la solicitud: {"id":"670fcd293f9c5f4310b80da5","role":"admin","email":"maria.ceballos@davinci.edu.ar","username":"mceballos"}
[2025-02-11T22:03:48.418Z] INFO: Información del usuario adjuntada a la solicitud: {"id":"670fcd293f9c5f4310b80da5","role":"admin","email":"maria.ceballos@davinci.edu.ar","username":"mceballos"}
[2025-02-11T22:03:48.583Z] INFO: Información del usuario adjuntada a la solicitud: {"id":"670fcd293f9c5f4310b80da5","role":"admin","email":"maria.ceballos@davinci.edu.ar","username":"mceballos"}
[2025-02-11T22:03:48.763Z] INFO: Información del usuario adjuntada a la solicitud: {"id":"670fcd293f9c5f4310b80da5","role":"admin","email":"maria.ceballos@davinci.edu.ar","username":"mceballos"}
[2025-02-11T22:03:48.939Z] INFO: Información del usuario adjuntada a la solicitud: {"id":"670fcd293f9c5f4310b80da5","role":"admin","email":"maria.ceballos@davinci.edu.ar","username":"mceballos"}
[2025-02-11T22:03:49.109Z] INFO: Información del usuario adjuntada a la solicitud: {"id":"670fcd293f9c5f4310b80da5","role":"admin","email":"maria.ceballos@davinci.edu.ar","username":"mceballos"}
[2025-02-11T22:03:49.276Z] INFO: Información del usuario adjuntada a la solicitud: {"id":"670fcd293f9c5f4310b80da5","role":"admin","email":"maria.ceballos@davinci.edu.ar","username":"mceballos"}
[2025-02-11T22:03:49.446Z] INFO: Información del usuario adjuntada a la solicitud: {"id":"670fcd293f9c5f4310b80da5","role":"admin","email":"maria.ceballos@davinci.edu.ar","username":"mceballos"}
[2025-02-11T22:03:49.635Z] INFO: Información del usuario adjuntada a la solicitud: {"id":"670fcd293f9c5f4310b80da5","role":"admin","email":"maria.ceballos@davinci.edu.ar","username":"mceballos"}
[2025-02-11T22:03:49.823Z] INFO: Información del usuario adjuntada a la solicitud: {"id":"670fcd293f9c5f4310b80da5","role":"admin","email":"maria.ceballos@davinci.edu.ar","username":"mceballos"}
[2025-02-11T22:03:50.001Z] INFO: Información del usuario adjuntada a la solicitud: {"id":"670fcd293f9c5f4310b80da5","role":"admin","email":"maria.ceballos@davinci.edu.ar","username":"mceballos"}
[2025-02-11T22:03:50.193Z] INFO: Información del usuario adjuntada a la solicitud: {"id":"670fcd293f9c5f4310b80da5","role":"admin","email":"maria.ceballos@davinci.edu.ar","username":"mceballos"}
[2025-02-11T22:03:50.367Z] INFO: Información del usuario adjuntada a la solicitud: {"id":"670fcd293f9c5f4310b80da5","role":"admin","email":"maria.ceballos@davinci.edu.ar","username":"mceballos"}
[2025-02-11T22:03:50.541Z] INFO: Información del usuario adjuntada a la solicitud: {"id":"670fcd293f9c5f4310b80da5","role":"admin","email":"maria.ceballos@davinci.edu.ar","username":"mceballos"}
[2025-02-11T22:03:50.712Z] INFO: Información del usuario adjuntada a la solicitud: {"id":"670fcd293f9c5f4310b80da5","role":"admin","email":"maria.ceballos@davinci.edu.ar","username":"mceballos"}
[2025-02-11T22:03:50.889Z] INFO: Información del usuario adjuntada a la solicitud: {"id":"670fcd293f9c5f4310b80da5","role":"admin","email":"maria.ceballos@davinci.edu.ar","username":"mceballos"}
[2025-02-11T22:03:51.095Z] INFO: Información del usuario adjuntada a la solicitud: {"id":"670fcd293f9c5f4310b80da5","role":"admin","email":"maria.ceballos@davinci.edu.ar","username":"mceballos"}
[2025-02-11T22:03:51.276Z] INFO: Información del usuario adjuntada a la solicitud: {"id":"670fcd293f9c5f4310b80da5","role":"admin","email":"maria.ceballos@davinci.edu.ar","username":"mceballos"}
[2025-02-11T22:03:51.465Z] INFO: Información del usuario adjuntada a la solicitud: {"id":"670fcd293f9c5f4310b80da5","role":"admin","email":"maria.ceballos@davinci.edu.ar","username":"mceballos"}
[2025-02-11T22:03:51.640Z] INFO: Información del usuario adjuntada a la solicitud: {"id":"670fcd293f9c5f4310b80da5","role":"admin","email":"maria.ceballos@davinci.edu.ar","username":"mceballos"}
[2025-02-11T22:03:51.801Z] INFO: Información del usuario adjuntada a la solicitud: {"id":"670fcd293f9c5f4310b80da5","role":"admin","email":"maria.ceballos@davinci.edu.ar","username":"mceballos"}
[2025-02-11T22:03:51.975Z] INFO: Información del usuario adjuntada a la solicitud: {"id":"670fcd293f9c5f4310b80da5","role":"admin","email":"maria.ceballos@davinci.edu.ar","username":"mceballos"}
[2025-02-11T22:03:52.154Z] INFO: Información del usuario adjuntada a la solicitud: {"id":"670fcd293f9c5f4310b80da5","role":"admin","email":"maria.ceballos@davinci.edu.ar","username":"mceballos"}
[2025-02-11T22:03:52.314Z] INFO: Información del usuario adjuntada a la solicitud: {"id":"670fcd293f9c5f4310b80da5","role":"admin","email":"maria.ceballos@davinci.edu.ar","username":"mceballos"}
[2025-02-11T22:03:52.491Z] INFO: Información del usuario adjuntada a la solicitud: {"id":"670fcd293f9c5f4310b80da5","role":"admin","email":"maria.ceballos@davinci.edu.ar","username":"mceballos"}
[2025-02-11T22:05:58.214Z] INFO: Información del usuario adjuntada a la solicitud: {"id":"670fcd293f9c5f4310b80da5","role":"admin","email":"maria.ceballos@davinci.edu.ar","username":"mceballos"}
[2025-02-11T22:05:58.219Z] INFO: Información del usuario adjuntada a la solicitud: {"id":"670fcd293f9c5f4310b80da5","role":"admin","email":"maria.ceballos@davinci.edu.ar","username":"mceballos"}
[2025-02-11T22:05:58.340Z] INFO: Información del usuario adjuntada a la solicitud: {"id":"670fcd293f9c5f4310b80da5","role":"admin","email":"maria.ceballos@davinci.edu.ar","username":"mceballos"}
[2025-02-11T22:05:58.403Z] INFO: Información del usuario adjuntada a la solicitud: {"id":"670fcd293f9c5f4310b80da5","role":"admin","email":"maria.ceballos@davinci.edu.ar","username":"mceballos"}
[2025-02-11T22:05:58.483Z] INFO: Información del usuario adjuntada a la solicitud: {"id":"670fcd293f9c5f4310b80da5","role":"admin","email":"maria.ceballos@davinci.edu.ar","username":"mceballos"}
[2025-02-11T22:05:58.544Z] INFO: Información del usuario adjuntada a la solicitud: {"id":"670fcd293f9c5f4310b80da5","role":"admin","email":"maria.ceballos@davinci.edu.ar","username":"mceballos"}
[2025-02-11T22:05:58.827Z] INFO: Información del usuario adjuntada a la solicitud: {"id":"670fcd293f9c5f4310b80da5","role":"admin","email":"maria.ceballos@davinci.edu.ar","username":"mceballos"}
[2025-02-11T22:05:58.849Z] INFO: Información del usuario adjuntada a la solicitud: {"id":"670fcd293f9c5f4310b80da5","role":"admin","email":"maria.ceballos@davinci.edu.ar","username":"mceballos"}
[2025-02-11T22:05:58.988Z] INFO: Información del usuario adjuntada a la solicitud: {"id":"670fcd293f9c5f4310b80da5","role":"admin","email":"maria.ceballos@davinci.edu.ar","username":"mceballos"}
[2025-02-11T22:05:59.223Z] INFO: Información del usuario adjuntada a la solicitud: {"id":"670fcd293f9c5f4310b80da5","role":"admin","email":"maria.ceballos@davinci.edu.ar","username":"mceballos"}
[2025-02-11T22:05:59.364Z] INFO: Información del usuario adjuntada a la solicitud: {"id":"670fcd293f9c5f4310b80da5","role":"admin","email":"maria.ceballos@davinci.edu.ar","username":"mceballos"}
[2025-02-11T22:05:59.531Z] INFO: Información del usuario adjuntada a la solicitud: {"id":"670fcd293f9c5f4310b80da5","role":"admin","email":"maria.ceballos@davinci.edu.ar","username":"mceballos"}
[2025-02-11T22:05:59.709Z] INFO: Información del usuario adjuntada a la solicitud: {"id":"670fcd293f9c5f4310b80da5","role":"admin","email":"maria.ceballos@davinci.edu.ar","username":"mceballos"}
[2025-02-11T22:05:59.889Z] INFO: Información del usuario adjuntada a la solicitud: {"id":"670fcd293f9c5f4310b80da5","role":"admin","email":"maria.ceballos@davinci.edu.ar","username":"mceballos"}
[2025-02-11T22:05:59.953Z] INFO: Información del usuario adjuntada a la solicitud: {"id":"670fcd293f9c5f4310b80da5","role":"admin","email":"maria.ceballos@davinci.edu.ar","username":"mceballos"}
[2025-02-11T22:06:00.059Z] INFO: Información del usuario adjuntada a la solicitud: {"id":"670fcd293f9c5f4310b80da5","role":"admin","email":"maria.ceballos@davinci.edu.ar","username":"mceballos"}
[2025-02-11T22:06:00.122Z] INFO: Información del usuario adjuntada a la solicitud: {"id":"670fcd293f9c5f4310b80da5","role":"admin","email":"maria.ceballos@davinci.edu.ar","username":"mceballos"}
[2025-02-11T22:06:00.240Z] INFO: Información del usuario adjuntada a la solicitud: {"id":"670fcd293f9c5f4310b80da5","role":"admin","email":"maria.ceballos@davinci.edu.ar","username":"mceballos"}
[2025-02-11T22:06:00.298Z] INFO: Información del usuario adjuntada a la solicitud: {"id":"670fcd293f9c5f4310b80da5","role":"admin","email":"maria.ceballos@davinci.edu.ar","username":"mceballos"}
[2025-02-11T22:06:00.467Z] INFO: Información del usuario adjuntada a la solicitud: {"id":"670fcd293f9c5f4310b80da5","role":"admin","email":"maria.ceballos@davinci.edu.ar","username":"mceballos"}
[2025-02-11T22:06:00.618Z] INFO: Información del usuario adjuntada a la solicitud: {"id":"670fcd293f9c5f4310b80da5","role":"admin","email":"maria.ceballos@davinci.edu.ar","username":"mceballos"}
[2025-02-11T22:06:00.846Z] INFO: Información del usuario adjuntada a la solicitud: {"id":"670fcd293f9c5f4310b80da5","role":"admin","email":"maria.ceballos@davinci.edu.ar","username":"mceballos"}
[2025-02-11T22:06:01.024Z] INFO: Información del usuario adjuntada a la solicitud: {"id":"670fcd293f9c5f4310b80da5","role":"admin","email":"maria.ceballos@davinci.edu.ar","username":"mceballos"}
[2025-02-11T22:06:01.193Z] INFO: Información del usuario adjuntada a la solicitud: {"id":"670fcd293f9c5f4310b80da5","role":"admin","email":"maria.ceballos@davinci.edu.ar","username":"mceballos"}
[2025-02-11T22:06:01.358Z] INFO: Información del usuario adjuntada a la solicitud: {"id":"670fcd293f9c5f4310b80da5","role":"admin","email":"maria.ceballos@davinci.edu.ar","username":"mceballos"}
[2025-02-11T22:06:01.525Z] INFO: Información del usuario adjuntada a la solicitud: {"id":"670fcd293f9c5f4310b80da5","role":"admin","email":"maria.ceballos@davinci.edu.ar","username":"mceballos"}
[2025-02-11T22:06:01.688Z] ERROR: Error al verificar el token: jwt malformed
[2025-02-11T22:06:32.060Z] INFO: Información del usuario adjuntada a la solicitud: {"id":"670fcd293f9c5f4310b80da5","role":"admin","email":"maria.ceballos@davinci.edu.ar","username":"mceballos"}
[2025-02-11T22:06:32.110Z] INFO: Información del usuario adjuntada a la solicitud: {"id":"670fcd293f9c5f4310b80da5","role":"admin","email":"maria.ceballos@davinci.edu.ar","username":"mceballos"}
[2025-02-11T22:06:32.172Z] INFO: Información del usuario adjuntada a la solicitud: {"id":"670fcd293f9c5f4310b80da5","role":"admin","email":"maria.ceballos@davinci.edu.ar","username":"mceballos"}
[2025-02-11T22:06:32.246Z] INFO: Información del usuario adjuntada a la solicitud: {"id":"670fcd293f9c5f4310b80da5","role":"admin","email":"maria.ceballos@davinci.edu.ar","username":"mceballos"}
[2025-02-11T22:06:32.461Z] INFO: Información del usuario adjuntada a la solicitud: {"id":"670fcd293f9c5f4310b80da5","role":"admin","email":"maria.ceballos@davinci.edu.ar","username":"mceballos"}
[2025-02-11T22:06:32.464Z] INFO: Información del usuario adjuntada a la solicitud: {"id":"670fcd293f9c5f4310b80da5","role":"admin","email":"maria.ceballos@davinci.edu.ar","username":"mceballos"}
[2025-02-11T22:06:32.835Z] INFO: Información del usuario adjuntada a la solicitud: {"id":"670fcd293f9c5f4310b80da5","role":"admin","email":"maria.ceballos@davinci.edu.ar","username":"mceballos"}
[2025-02-11T22:06:32.847Z] INFO: Información del usuario adjuntada a la solicitud: {"id":"670fcd293f9c5f4310b80da5","role":"admin","email":"maria.ceballos@davinci.edu.ar","username":"mceballos"}
[2025-02-11T22:06:32.876Z] INFO: Información del usuario adjuntada a la solicitud: {"id":"670fcd293f9c5f4310b80da5","role":"admin","email":"maria.ceballos@davinci.edu.ar","username":"mceballos"}
[2025-02-11T22:06:32.888Z] INFO: Información del usuario adjuntada a la solicitud: {"id":"670fcd293f9c5f4310b80da5","role":"admin","email":"maria.ceballos@davinci.edu.ar","username":"mceballos"}
[2025-02-11T22:06:33.059Z] INFO: Información del usuario adjuntada a la solicitud: {"id":"670fcd293f9c5f4310b80da5","role":"admin","email":"maria.ceballos@davinci.edu.ar","username":"mceballos"}
[2025-02-11T22:06:33.116Z] INFO: Información del usuario adjuntada a la solicitud: {"id":"670fcd293f9c5f4310b80da5","role":"admin","email":"maria.ceballos@davinci.edu.ar","username":"mceballos"}
[2025-02-11T22:06:33.153Z] INFO: Información del usuario adjuntada a la solicitud: {"id":"670fcd293f9c5f4310b80da5","role":"admin","email":"maria.ceballos@davinci.edu.ar","username":"mceballos"}
[2025-02-11T22:06:33.155Z] INFO: Información del usuario adjuntada a la solicitud: {"id":"670fcd293f9c5f4310b80da5","role":"admin","email":"maria.ceballos@davinci.edu.ar","username":"mceballos"}
[2025-02-11T22:06:33.232Z] INFO: Información del usuario adjuntada a la solicitud: {"id":"670fcd293f9c5f4310b80da5","role":"admin","email":"maria.ceballos@davinci.edu.ar","username":"mceballos"}
[2025-02-11T22:06:33.290Z] INFO: Información del usuario adjuntada a la solicitud: {"id":"670fcd293f9c5f4310b80da5","role":"admin","email":"maria.ceballos@davinci.edu.ar","username":"mceballos"}
[2025-02-11T22:06:33.297Z] INFO: Información del usuario adjuntada a la solicitud: {"id":"670fcd293f9c5f4310b80da5","role":"admin","email":"maria.ceballos@davinci.edu.ar","username":"mceballos"}
[2025-02-11T22:06:33.298Z] INFO: Información del usuario adjuntada a la solicitud: {"id":"670fcd293f9c5f4310b80da5","role":"admin","email":"maria.ceballos@davinci.edu.ar","username":"mceballos"}
[2025-02-11T22:06:33.326Z] INFO: Información del usuario adjuntada a la solicitud: {"id":"670fcd293f9c5f4310b80da5","role":"admin","email":"maria.ceballos@davinci.edu.ar","username":"mceballos"}
[2025-02-11T22:06:33.327Z] INFO: Información del usuario adjuntada a la solicitud: {"id":"670fcd293f9c5f4310b80da5","role":"admin","email":"maria.ceballos@davinci.edu.ar","username":"mceballos"}
[2025-02-11T22:06:33.391Z] INFO: Información del usuario adjuntada a la solicitud: {"id":"670fcd293f9c5f4310b80da5","role":"admin","email":"maria.ceballos@davinci.edu.ar","username":"mceballos"}
[2025-02-11T22:06:33.457Z] INFO: Información del usuario adjuntada a la solicitud: {"id":"670fcd293f9c5f4310b80da5","role":"admin","email":"maria.ceballos@davinci.edu.ar","username":"mceballos"}
[2025-02-11T22:06:33.458Z] INFO: Información del usuario adjuntada a la solicitud: {"id":"670fcd293f9c5f4310b80da5","role":"admin","email":"maria.ceballos@davinci.edu.ar","username":"mceballos"}
[2025-02-11T22:06:33.459Z] INFO: Información del usuario adjuntada a la solicitud: {"id":"670fcd293f9c5f4310b80da5","role":"admin","email":"maria.ceballos@davinci.edu.ar","username":"mceballos"}
[2025-02-11T22:06:33.494Z] INFO: Información del usuario adjuntada a la solicitud: {"id":"670fcd293f9c5f4310b80da5","role":"admin","email":"maria.ceballos@davinci.edu.ar","username":"mceballos"}
[2025-02-11T22:06:33.511Z] INFO: Información del usuario adjuntada a la solicitud: {"id":"670fcd293f9c5f4310b80da5","role":"admin","email":"maria.ceballos@davinci.edu.ar","username":"mceballos"}
[2025-02-11T22:06:33.567Z] INFO: Información del usuario adjuntada a la solicitud: {"id":"670fcd293f9c5f4310b80da5","role":"admin","email":"maria.ceballos@davinci.edu.ar","username":"mceballos"}
[2025-02-11T22:06:33.628Z] INFO: Información del usuario adjuntada a la solicitud: {"id":"670fcd293f9c5f4310b80da5","role":"admin","email":"maria.ceballos@davinci.edu.ar","username":"mceballos"}
[2025-02-11T22:06:33.630Z] INFO: Información del usuario adjuntada a la solicitud: {"id":"670fcd293f9c5f4310b80da5","role":"admin","email":"maria.ceballos@davinci.edu.ar","username":"mceballos"}
[2025-02-11T22:06:33.653Z] INFO: Información del usuario adjuntada a la solicitud: {"id":"670fcd293f9c5f4310b80da5","role":"admin","email":"maria.ceballos@davinci.edu.ar","username":"mceballos"}
[2025-02-11T22:06:33.654Z] INFO: Información del usuario adjuntada a la solicitud: {"id":"670fcd293f9c5f4310b80da5","role":"admin","email":"maria.ceballos@davinci.edu.ar","username":"mceballos"}
[2025-02-11T22:06:33.690Z] INFO: Información del usuario adjuntada a la solicitud: {"id":"670fcd293f9c5f4310b80da5","role":"admin","email":"maria.ceballos@davinci.edu.ar","username":"mceballos"}
[2025-02-11T22:06:33.806Z] INFO: Información del usuario adjuntada a la solicitud: {"id":"670fcd293f9c5f4310b80da5","role":"admin","email":"maria.ceballos@davinci.edu.ar","username":"mceballos"}
[2025-02-11T22:06:33.808Z] INFO: Información del usuario adjuntada a la solicitud: {"id":"670fcd293f9c5f4310b80da5","role":"admin","email":"maria.ceballos@davinci.edu.ar","username":"mceballos"}
[2025-02-11T22:06:33.809Z] INFO: Información del usuario adjuntada a la solicitud: {"id":"670fcd293f9c5f4310b80da5","role":"admin","email":"maria.ceballos@davinci.edu.ar","username":"mceballos"}
[2025-02-11T22:06:33.834Z] INFO: Información del usuario adjuntada a la solicitud: {"id":"670fcd293f9c5f4310b80da5","role":"admin","email":"maria.ceballos@davinci.edu.ar","username":"mceballos"}
[2025-02-11T22:06:33.868Z] INFO: Información del usuario adjuntada a la solicitud: {"id":"670fcd293f9c5f4310b80da5","role":"admin","email":"maria.ceballos@davinci.edu.ar","username":"mceballos"}
[2025-02-11T22:06:33.937Z] INFO: Información del usuario adjuntada a la solicitud: {"id":"670fcd293f9c5f4310b80da5","role":"admin","email":"maria.ceballos@davinci.edu.ar","username":"mceballos"}
[2025-02-11T22:06:33.974Z] INFO: Información del usuario adjuntada a la solicitud: {"id":"670fcd293f9c5f4310b80da5","role":"admin","email":"maria.ceballos@davinci.edu.ar","username":"mceballos"}
[2025-02-11T22:06:34.002Z] INFO: Información del usuario adjuntada a la solicitud: {"id":"670fcd293f9c5f4310b80da5","role":"admin","email":"maria.ceballos@davinci.edu.ar","username":"mceballos"}
[2025-02-11T22:06:34.006Z] INFO: Información del usuario adjuntada a la solicitud: {"id":"670fcd293f9c5f4310b80da5","role":"admin","email":"maria.ceballos@davinci.edu.ar","username":"mceballos"}
[2025-02-11T22:06:34.007Z] INFO: Información del usuario adjuntada a la solicitud: {"id":"670fcd293f9c5f4310b80da5","role":"admin","email":"maria.ceballos@davinci.edu.ar","username":"mceballos"}
[2025-02-11T22:06:34.034Z] INFO: Información del usuario adjuntada a la solicitud: {"id":"670fcd293f9c5f4310b80da5","role":"admin","email":"maria.ceballos@davinci.edu.ar","username":"mceballos"}
[2025-02-11T22:06:34.173Z] INFO: Información del usuario adjuntada a la solicitud: {"id":"670fcd293f9c5f4310b80da5","role":"admin","email":"maria.ceballos@davinci.edu.ar","username":"mceballos"}
[2025-02-11T22:06:34.178Z] INFO: Información del usuario adjuntada a la solicitud: {"id":"670fcd293f9c5f4310b80da5","role":"admin","email":"maria.ceballos@davinci.edu.ar","username":"mceballos"}
[2025-02-11T22:06:34.235Z] INFO: Información del usuario adjuntada a la solicitud: {"id":"670fcd293f9c5f4310b80da5","role":"admin","email":"maria.ceballos@davinci.edu.ar","username":"mceballos"}
[2025-02-11T22:06:34.238Z] INFO: Información del usuario adjuntada a la solicitud: {"id":"670fcd293f9c5f4310b80da5","role":"admin","email":"maria.ceballos@davinci.edu.ar","username":"mceballos"}
[2025-02-11T22:06:34.240Z] INFO: Información del usuario adjuntada a la solicitud: {"id":"670fcd293f9c5f4310b80da5","role":"admin","email":"maria.ceballos@davinci.edu.ar","username":"mceballos"}
[2025-02-11T22:06:34.298Z] INFO: Información del usuario adjuntada a la solicitud: {"id":"670fcd293f9c5f4310b80da5","role":"admin","email":"maria.ceballos@davinci.edu.ar","username":"mceballos"}
[2025-02-11T22:06:34.369Z] INFO: Información del usuario adjuntada a la solicitud: {"id":"670fcd293f9c5f4310b80da5","role":"admin","email":"maria.ceballos@davinci.edu.ar","username":"mceballos"}
[2025-02-11T22:06:34.412Z] INFO: Información del usuario adjuntada a la solicitud: {"id":"670fcd293f9c5f4310b80da5","role":"admin","email":"maria.ceballos@davinci.edu.ar","username":"mceballos"}
[2025-02-11T22:06:34.414Z] INFO: Información del usuario adjuntada a la solicitud: {"id":"670fcd293f9c5f4310b80da5","role":"admin","email":"maria.ceballos@davinci.edu.ar","username":"mceballos"}
[2025-02-11T22:06:34.426Z] INFO: Información del usuario adjuntada a la solicitud: {"id":"670fcd293f9c5f4310b80da5","role":"admin","email":"maria.ceballos@davinci.edu.ar","username":"mceballos"}
[2025-02-11T22:06:34.485Z] INFO: Información del usuario adjuntada a la solicitud: {"id":"670fcd293f9c5f4310b80da5","role":"admin","email":"maria.ceballos@davinci.edu.ar","username":"mceballos"}
[2025-02-11T22:06:34.486Z] INFO: Información del usuario adjuntada a la solicitud: {"id":"670fcd293f9c5f4310b80da5","role":"admin","email":"maria.ceballos@davinci.edu.ar","username":"mceballos"}
[2025-02-11T22:06:34.562Z] INFO: Información del usuario adjuntada a la solicitud: {"id":"670fcd293f9c5f4310b80da5","role":"admin","email":"maria.ceballos@davinci.edu.ar","username":"mceballos"}
[2025-02-11T22:06:34.592Z] INFO: Información del usuario adjuntada a la solicitud: {"id":"670fcd293f9c5f4310b80da5","role":"admin","email":"maria.ceballos@davinci.edu.ar","username":"mceballos"}
[2025-02-11T22:06:34.598Z] INFO: Información del usuario adjuntada a la solicitud: {"id":"670fcd293f9c5f4310b80da5","role":"admin","email":"maria.ceballos@davinci.edu.ar","username":"mceballos"}
[2025-02-11T22:06:34.610Z] INFO: Usuario encontrado: mceballos
[2025-02-11T22:06:34.669Z] INFO: Token generado para usuario: mceballos
[2025-02-11T22:06:34.726Z] INFO: Información del usuario adjuntada a la solicitud: {"id":"670fcd293f9c5f4310b80da5","role":"admin","email":"maria.ceballos@davinci.edu.ar","username":"mceballos"}
[2025-02-11T22:06:34.840Z] INFO: Información del usuario adjuntada a la solicitud: {"id":"670fcd293f9c5f4310b80da5","role":"admin","email":"maria.ceballos@davinci.edu.ar","username":"mceballos"}
[2025-02-11T22:06:36.762Z] INFO: Información del usuario adjuntada a la solicitud: {"id":"670fcd293f9c5f4310b80da5","role":"admin","email":"maria.ceballos@davinci.edu.ar","username":"mceballos"}
[2025-02-11T22:06:36.931Z] INFO: Información del usuario adjuntada a la solicitud: {"id":"670fcd293f9c5f4310b80da5","role":"admin","email":"maria.ceballos@davinci.edu.ar","username":"mceballos"}
[2025-02-11T22:06:36.979Z] INFO: Información del usuario adjuntada a la solicitud: {"id":"670fcd293f9c5f4310b80da5","role":"admin","email":"maria.ceballos@davinci.edu.ar","username":"mceballos"}
[2025-02-11T22:06:37.187Z] INFO: Información del usuario adjuntada a la solicitud: {"id":"670fcd293f9c5f4310b80da5","role":"admin","email":"maria.ceballos@davinci.edu.ar","username":"mceballos"}
[2025-02-11T22:06:37.197Z] INFO: Información del usuario adjuntada a la solicitud: {"id":"670fcd293f9c5f4310b80da5","role":"admin","email":"maria.ceballos@davinci.edu.ar","username":"mceballos"}
[2025-02-11T22:06:37.352Z] INFO: Información del usuario adjuntada a la solicitud: {"id":"670fcd293f9c5f4310b80da5","role":"admin","email":"maria.ceballos@davinci.edu.ar","username":"mceballos"}
[2025-02-11T22:06:37.376Z] INFO: Información del usuario adjuntada a la solicitud: {"id":"670fcd293f9c5f4310b80da5","role":"admin","email":"maria.ceballos@davinci.edu.ar","username":"mceballos"}
[2025-02-11T22:06:37.536Z] INFO: Información del usuario adjuntada a la solicitud: {"id":"670fcd293f9c5f4310b80da5","role":"admin","email":"maria.ceballos@davinci.edu.ar","username":"mceballos"}
[2025-02-11T22:06:37.799Z] INFO: Información del usuario adjuntada a la solicitud: {"id":"670fcd293f9c5f4310b80da5","role":"admin","email":"maria.ceballos@davinci.edu.ar","username":"mceballos"}
[2025-02-11T22:06:38.000Z] INFO: Información del usuario adjuntada a la solicitud: {"id":"670fcd293f9c5f4310b80da5","role":"admin","email":"maria.ceballos@davinci.edu.ar","username":"mceballos"}
[2025-02-11T22:06:38.196Z] INFO: Información del usuario adjuntada a la solicitud: {"id":"670fcd293f9c5f4310b80da5","role":"admin","email":"maria.ceballos@davinci.edu.ar","username":"mceballos"}
[2025-02-11T22:06:38.601Z] INFO: Información del usuario adjuntada a la solicitud: {"id":"670fcd293f9c5f4310b80da5","role":"admin","email":"maria.ceballos@davinci.edu.ar","username":"mceballos"}
[2025-02-11T22:06:38.773Z] INFO: Información del usuario adjuntada a la solicitud: {"id":"670fcd293f9c5f4310b80da5","role":"admin","email":"maria.ceballos@davinci.edu.ar","username":"mceballos"}
[2025-02-11T22:06:38.953Z] INFO: Información del usuario adjuntada a la solicitud: {"id":"670fcd293f9c5f4310b80da5","role":"admin","email":"maria.ceballos@davinci.edu.ar","username":"mceballos"}
[2025-02-11T22:06:39.115Z] INFO: Información del usuario adjuntada a la solicitud: {"id":"670fcd293f9c5f4310b80da5","role":"admin","email":"maria.ceballos@davinci.edu.ar","username":"mceballos"}
[2025-02-11T22:06:39.298Z] INFO: Información del usuario adjuntada a la solicitud: {"id":"670fcd293f9c5f4310b80da5","role":"admin","email":"maria.ceballos@davinci.edu.ar","username":"mceballos"}
[2025-02-11T22:06:39.489Z] INFO: Información del usuario adjuntada a la solicitud: {"id":"670fcd293f9c5f4310b80da5","role":"admin","email":"maria.ceballos@davinci.edu.ar","username":"mceballos"}
[2025-02-11T22:06:39.646Z] INFO: Información del usuario adjuntada a la solicitud: {"id":"670fcd293f9c5f4310b80da5","role":"admin","email":"maria.ceballos@davinci.edu.ar","username":"mceballos"}
[2025-02-11T22:06:39.834Z] INFO: Información del usuario adjuntada a la solicitud: {"id":"670fcd293f9c5f4310b80da5","role":"admin","email":"maria.ceballos@davinci.edu.ar","username":"mceballos"}
[2025-02-11T22:06:39.993Z] INFO: Información del usuario adjuntada a la solicitud: {"id":"670fcd293f9c5f4310b80da5","role":"admin","email":"maria.ceballos@davinci.edu.ar","username":"mceballos"}
[2025-02-11T22:06:40.154Z] INFO: Información del usuario adjuntada a la solicitud: {"id":"670fcd293f9c5f4310b80da5","role":"admin","email":"maria.ceballos@davinci.edu.ar","username":"mceballos"}
[2025-02-11T22:06:40.309Z] INFO: Información del usuario adjuntada a la solicitud: {"id":"670fcd293f9c5f4310b80da5","role":"admin","email":"maria.ceballos@davinci.edu.ar","username":"mceballos"}
[2025-02-11T22:06:40.490Z] INFO: Información del usuario adjuntada a la solicitud: {"id":"670fcd293f9c5f4310b80da5","role":"admin","email":"maria.ceballos@davinci.edu.ar","username":"mceballos"}
[2025-02-11T22:06:40.696Z] INFO: Información del usuario adjuntada a la solicitud: {"id":"670fcd293f9c5f4310b80da5","role":"admin","email":"maria.ceballos@davinci.edu.ar","username":"mceballos"}
[2025-02-11T22:06:40.866Z] INFO: Información del usuario adjuntada a la solicitud: {"id":"670fcd293f9c5f4310b80da5","role":"admin","email":"maria.ceballos@davinci.edu.ar","username":"mceballos"}
[2025-02-11T22:06:41.037Z] INFO: Información del usuario adjuntada a la solicitud: {"id":"670fcd293f9c5f4310b80da5","role":"admin","email":"maria.ceballos@davinci.edu.ar","username":"mceballos"}
[2025-02-11T22:06:41.071Z] INFO: Información del usuario adjuntada a la solicitud: {"id":"670fcd293f9c5f4310b80da5","role":"admin","email":"maria.ceballos@davinci.edu.ar","username":"mceballos"}
[2025-02-11T22:06:41.242Z] INFO: Información del usuario adjuntada a la solicitud: {"id":"670fcd293f9c5f4310b80da5","role":"admin","email":"maria.ceballos@davinci.edu.ar","username":"mceballos"}
[2025-02-11T22:06:41.359Z] INFO: Información del usuario adjuntada a la solicitud: {"id":"670fcd293f9c5f4310b80da5","role":"admin","email":"maria.ceballos@davinci.edu.ar","username":"mceballos"}
[2025-02-11T22:06:41.496Z] INFO: Información del usuario adjuntada a la solicitud: {"id":"670fcd293f9c5f4310b80da5","role":"admin","email":"maria.ceballos@davinci.edu.ar","username":"mceballos"}
[2025-02-11T22:06:41.656Z] INFO: Información del usuario adjuntada a la solicitud: {"id":"670fcd293f9c5f4310b80da5","role":"admin","email":"maria.ceballos@davinci.edu.ar","username":"mceballos"}
[2025-02-11T22:06:41.822Z] INFO: Información del usuario adjuntada a la solicitud: {"id":"670fcd293f9c5f4310b80da5","role":"admin","email":"maria.ceballos@davinci.edu.ar","username":"mceballos"}
[2025-02-11T22:06:42.027Z] INFO: Información del usuario adjuntada a la solicitud: {"id":"670fcd293f9c5f4310b80da5","role":"admin","email":"maria.ceballos@davinci.edu.ar","username":"mceballos"}
[2025-02-11T22:06:42.200Z] INFO: Información del usuario adjuntada a la solicitud: {"id":"670fcd293f9c5f4310b80da5","role":"admin","email":"maria.ceballos@davinci.edu.ar","username":"mceballos"}
[2025-02-11T22:06:42.392Z] INFO: Información del usuario adjuntada a la solicitud: {"id":"670fcd293f9c5f4310b80da5","role":"admin","email":"maria.ceballos@davinci.edu.ar","username":"mceballos"}
[2025-02-11T22:06:42.554Z] INFO: Información del usuario adjuntada a la solicitud: {"id":"670fcd293f9c5f4310b80da5","role":"admin","email":"maria.ceballos@davinci.edu.ar","username":"mceballos"}
[2025-02-11T22:06:42.767Z] INFO: Información del usuario adjuntada a la solicitud: {"id":"670fcd293f9c5f4310b80da5","role":"admin","email":"maria.ceballos@davinci.edu.ar","username":"mceballos"}
[2025-02-11T22:06:42.986Z] INFO: Información del usuario adjuntada a la solicitud: {"id":"670fcd293f9c5f4310b80da5","role":"admin","email":"maria.ceballos@davinci.edu.ar","username":"mceballos"}
[2025-02-11T22:06:43.155Z] INFO: Información del usuario adjuntada a la solicitud: {"id":"670fcd293f9c5f4310b80da5","role":"admin","email":"maria.ceballos@davinci.edu.ar","username":"mceballos"}
[2025-02-11T22:06:43.329Z] INFO: Información del usuario adjuntada a la solicitud: {"id":"670fcd293f9c5f4310b80da5","role":"admin","email":"maria.ceballos@davinci.edu.ar","username":"mceballos"}
[2025-02-11T22:06:43.495Z] INFO: Información del usuario adjuntada a la solicitud: {"id":"670fcd293f9c5f4310b80da5","role":"admin","email":"maria.ceballos@davinci.edu.ar","username":"mceballos"}
[2025-02-11T22:06:43.663Z] INFO: Información del usuario adjuntada a la solicitud: {"id":"670fcd293f9c5f4310b80da5","role":"admin","email":"maria.ceballos@davinci.edu.ar","username":"mceballos"}
[2025-02-11T22:06:43.838Z] INFO: Información del usuario adjuntada a la solicitud: {"id":"670fcd293f9c5f4310b80da5","role":"admin","email":"maria.ceballos@davinci.edu.ar","username":"mceballos"}
[2025-02-11T22:06:44.012Z] INFO: Información del usuario adjuntada a la solicitud: {"id":"670fcd293f9c5f4310b80da5","role":"admin","email":"maria.ceballos@davinci.edu.ar","username":"mceballos"}
[2025-02-11T22:06:44.192Z] INFO: Información del usuario adjuntada a la solicitud: {"id":"670fcd293f9c5f4310b80da5","role":"admin","email":"maria.ceballos@davinci.edu.ar","username":"mceballos"}
[2025-02-11T22:06:44.355Z] INFO: Información del usuario adjuntada a la solicitud: {"id":"670fcd293f9c5f4310b80da5","role":"admin","email":"maria.ceballos@davinci.edu.ar","username":"mceballos"}
[2025-02-11T22:06:44.545Z] INFO: Información del usuario adjuntada a la solicitud: {"id":"670fcd293f9c5f4310b80da5","role":"admin","email":"maria.ceballos@davinci.edu.ar","username":"mceballos"}
[2025-02-11T22:06:44.741Z] INFO: Información del usuario adjuntada a la solicitud: {"id":"670fcd293f9c5f4310b80da5","role":"admin","email":"maria.ceballos@davinci.edu.ar","username":"mceballos"}
[2025-02-11T22:06:44.906Z] INFO: Información del usuario adjuntada a la solicitud: {"id":"670fcd293f9c5f4310b80da5","role":"admin","email":"maria.ceballos@davinci.edu.ar","username":"mceballos"}
[2025-02-11T22:06:45.073Z] INFO: Información del usuario adjuntada a la solicitud: {"id":"670fcd293f9c5f4310b80da5","role":"admin","email":"maria.ceballos@davinci.edu.ar","username":"mceballos"}
[2025-02-11T22:06:45.293Z] INFO: Información del usuario adjuntada a la solicitud: {"id":"670fcd293f9c5f4310b80da5","role":"admin","email":"maria.ceballos@davinci.edu.ar","username":"mceballos"}
[2025-02-11T22:06:45.677Z] INFO: Información del usuario adjuntada a la solicitud: {"id":"670fcd293f9c5f4310b80da5","role":"admin","email":"maria.ceballos@davinci.edu.ar","username":"mceballos"}
[2025-02-11T22:06:45.861Z] INFO: Información del usuario adjuntada a la solicitud: {"id":"670fcd293f9c5f4310b80da5","role":"admin","email":"maria.ceballos@davinci.edu.ar","username":"mceballos"}
[2025-02-11T22:06:46.037Z] INFO: Información del usuario adjuntada a la solicitud: {"id":"670fcd293f9c5f4310b80da5","role":"admin","email":"maria.ceballos@davinci.edu.ar","username":"mceballos"}
[2025-02-11T22:06:46.042Z] INFO: Información del usuario adjuntada a la solicitud: {"id":"670fcd293f9c5f4310b80da5","role":"admin","email":"maria.ceballos@davinci.edu.ar","username":"mceballos"}
[2025-02-11T22:06:46.043Z] INFO: Información del usuario adjuntada a la solicitud: {"id":"670fcd293f9c5f4310b80da5","role":"admin","email":"maria.ceballos@davinci.edu.ar","username":"mceballos"}
[2025-02-11T22:06:46.161Z] INFO: Información del usuario adjuntada a la solicitud: {"id":"670fcd293f9c5f4310b80da5","role":"admin","email":"maria.ceballos@davinci.edu.ar","username":"mceballos"}
[2025-02-11T22:06:46.163Z] INFO: Información del usuario adjuntada a la solicitud: {"id":"670fcd293f9c5f4310b80da5","role":"admin","email":"maria.ceballos@davinci.edu.ar","username":"mceballos"}
[2025-02-11T22:06:47.188Z] INFO: Información del usuario adjuntada a la solicitud: {"id":"670fcd293f9c5f4310b80da5","role":"admin","email":"maria.ceballos@davinci.edu.ar","username":"mceballos"}
[2025-02-11T22:06:47.308Z] INFO: Información del usuario adjuntada a la solicitud: {"id":"670fcd293f9c5f4310b80da5","role":"admin","email":"maria.ceballos@davinci.edu.ar","username":"mceballos"}
[2025-02-11T22:06:48.139Z] INFO: Información del usuario adjuntada a la solicitud: {"id":"670fcd293f9c5f4310b80da5","role":"admin","email":"maria.ceballos@davinci.edu.ar","username":"mceballos"}
[2025-02-11T22:06:48.311Z] INFO: Información del usuario adjuntada a la solicitud: {"id":"670fcd293f9c5f4310b80da5","role":"admin","email":"maria.ceballos@davinci.edu.ar","username":"mceballos"}
[2025-02-11T22:06:48.367Z] INFO: Información del usuario adjuntada a la solicitud: {"id":"670fcd293f9c5f4310b80da5","role":"admin","email":"maria.ceballos@davinci.edu.ar","username":"mceballos"}
[2025-02-11T22:06:48.604Z] INFO: Información del usuario adjuntada a la solicitud: {"id":"670fcd293f9c5f4310b80da5","role":"admin","email":"maria.ceballos@davinci.edu.ar","username":"mceballos"}
[2025-02-11T22:06:48.616Z] INFO: Información del usuario adjuntada a la solicitud: {"id":"670fcd293f9c5f4310b80da5","role":"admin","email":"maria.ceballos@davinci.edu.ar","username":"mceballos"}
[2025-02-11T22:06:48.784Z] INFO: Información del usuario adjuntada a la solicitud: {"id":"670fcd293f9c5f4310b80da5","role":"admin","email":"maria.ceballos@davinci.edu.ar","username":"mceballos"}
[2025-02-11T22:06:48.843Z] INFO: Información del usuario adjuntada a la solicitud: {"id":"670fcd293f9c5f4310b80da5","role":"admin","email":"maria.ceballos@davinci.edu.ar","username":"mceballos"}
[2025-02-11T22:06:49.029Z] INFO: Información del usuario adjuntada a la solicitud: {"id":"670fcd293f9c5f4310b80da5","role":"admin","email":"maria.ceballos@davinci.edu.ar","username":"mceballos"}
[2025-02-11T22:06:49.195Z] INFO: Información del usuario adjuntada a la solicitud: {"id":"670fcd293f9c5f4310b80da5","role":"admin","email":"maria.ceballos@davinci.edu.ar","username":"mceballos"}
[2025-02-11T22:06:49.363Z] INFO: Información del usuario adjuntada a la solicitud: {"id":"670fcd293f9c5f4310b80da5","role":"admin","email":"maria.ceballos@davinci.edu.ar","username":"mceballos"}
[2025-02-11T22:06:49.526Z] INFO: Información del usuario adjuntada a la solicitud: {"id":"670fcd293f9c5f4310b80da5","role":"admin","email":"maria.ceballos@davinci.edu.ar","username":"mceballos"}
[2025-02-11T22:06:49.694Z] INFO: Información del usuario adjuntada a la solicitud: {"id":"670fcd293f9c5f4310b80da5","role":"admin","email":"maria.ceballos@davinci.edu.ar","username":"mceballos"}
[2025-02-11T22:06:49.894Z] INFO: Información del usuario adjuntada a la solicitud: {"id":"670fcd293f9c5f4310b80da5","role":"admin","email":"maria.ceballos@davinci.edu.ar","username":"mceballos"}
[2025-02-11T22:06:50.069Z] INFO: Información del usuario adjuntada a la solicitud: {"id":"670fcd293f9c5f4310b80da5","role":"admin","email":"maria.ceballos@davinci.edu.ar","username":"mceballos"}
[2025-02-11T22:06:50.303Z] INFO: Información del usuario adjuntada a la solicitud: {"id":"670fcd293f9c5f4310b80da5","role":"admin","email":"maria.ceballos@davinci.edu.ar","username":"mceballos"}
[2025-02-11T22:06:50.484Z] INFO: Información del usuario adjuntada a la solicitud: {"id":"670fcd293f9c5f4310b80da5","role":"admin","email":"maria.ceballos@davinci.edu.ar","username":"mceballos"}
[2025-02-11T22:06:50.639Z] INFO: Información del usuario adjuntada a la solicitud: {"id":"670fcd293f9c5f4310b80da5","role":"admin","email":"maria.ceballos@davinci.edu.ar","username":"mceballos"}
[2025-02-11T22:06:50.797Z] INFO: Información del usuario adjuntada a la solicitud: {"id":"670fcd293f9c5f4310b80da5","role":"admin","email":"maria.ceballos@davinci.edu.ar","username":"mceballos"}
[2025-02-11T22:06:50.957Z] INFO: Información del usuario adjuntada a la solicitud: {"id":"670fcd293f9c5f4310b80da5","role":"admin","email":"maria.ceballos@davinci.edu.ar","username":"mceballos"}
[2025-02-11T22:06:51.124Z] INFO: Información del usuario adjuntada a la solicitud: {"id":"670fcd293f9c5f4310b80da5","role":"admin","email":"maria.ceballos@davinci.edu.ar","username":"mceballos"}
[2025-02-11T22:06:51.284Z] INFO: Información del usuario adjuntada a la solicitud: {"id":"670fcd293f9c5f4310b80da5","role":"admin","email":"maria.ceballos@davinci.edu.ar","username":"mceballos"}
[2025-02-11T22:06:51.459Z] INFO: Información del usuario adjuntada a la solicitud: {"id":"670fcd293f9c5f4310b80da5","role":"admin","email":"maria.ceballos@davinci.edu.ar","username":"mceballos"}
[2025-02-11T22:06:51.626Z] INFO: Información del usuario adjuntada a la solicitud: {"id":"670fcd293f9c5f4310b80da5","role":"admin","email":"maria.ceballos@davinci.edu.ar","username":"mceballos"}
[2025-02-11T22:06:51.804Z] INFO: Información del usuario adjuntada a la solicitud: {"id":"670fcd293f9c5f4310b80da5","role":"admin","email":"maria.ceballos@davinci.edu.ar","username":"mceballos"}
[2025-02-11T22:06:51.960Z] INFO: Información del usuario adjuntada a la solicitud: {"id":"670fcd293f9c5f4310b80da5","role":"admin","email":"maria.ceballos@davinci.edu.ar","username":"mceballos"}
[2025-02-11T22:06:52.130Z] INFO: Información del usuario adjuntada a la solicitud: {"id":"670fcd293f9c5f4310b80da5","role":"admin","email":"maria.ceballos@davinci.edu.ar","username":"mceballos"}
[2025-02-11T22:06:53.394Z] INFO: Información del usuario adjuntada a la solicitud: {"id":"670fcd293f9c5f4310b80da5","role":"admin","email":"maria.ceballos@davinci.edu.ar","username":"mceballos"}
[2025-02-11T22:06:53.404Z] INFO: Información del usuario adjuntada a la solicitud: {"id":"670fcd293f9c5f4310b80da5","role":"admin","email":"maria.ceballos@davinci.edu.ar","username":"mceballos"}
[2025-02-11T22:07:01.190Z] INFO: Información del usuario adjuntada a la solicitud: {"id":"670fcd293f9c5f4310b80da5","role":"admin","email":"maria.ceballos@davinci.edu.ar","username":"mceballos"}
[2025-02-11T22:07:01.191Z] INFO: Información del usuario adjuntada a la solicitud: {"id":"670fcd293f9c5f4310b80da5","role":"admin","email":"maria.ceballos@davinci.edu.ar","username":"mceballos"}
[2025-02-11T22:07:01.304Z] INFO: Información del usuario adjuntada a la solicitud: {"id":"670fcd293f9c5f4310b80da5","role":"admin","email":"maria.ceballos@davinci.edu.ar","username":"mceballos"}
[2025-02-11T22:07:01.394Z] INFO: Información del usuario adjuntada a la solicitud: {"id":"670fcd293f9c5f4310b80da5","role":"admin","email":"maria.ceballos@davinci.edu.ar","username":"mceballos"}
[2025-02-11T22:07:01.448Z] INFO: Información del usuario adjuntada a la solicitud: {"id":"670fcd293f9c5f4310b80da5","role":"admin","email":"maria.ceballos@davinci.edu.ar","username":"mceballos"}
[2025-02-11T22:07:01.534Z] INFO: Información del usuario adjuntada a la solicitud: {"id":"670fcd293f9c5f4310b80da5","role":"admin","email":"maria.ceballos@davinci.edu.ar","username":"mceballos"}
[2025-02-11T22:07:01.669Z] INFO: Información del usuario adjuntada a la solicitud: {"id":"670fcd293f9c5f4310b80da5","role":"admin","email":"maria.ceballos@davinci.edu.ar","username":"mceballos"}
[2025-02-11T22:07:01.671Z] INFO: Información del usuario adjuntada a la solicitud: {"id":"670fcd293f9c5f4310b80da5","role":"admin","email":"maria.ceballos@davinci.edu.ar","username":"mceballos"}
[2025-02-11T22:07:01.802Z] INFO: Información del usuario adjuntada a la solicitud: {"id":"670fcd293f9c5f4310b80da5","role":"admin","email":"maria.ceballos@davinci.edu.ar","username":"mceballos"}
[2025-02-11T22:07:01.978Z] INFO: Información del usuario adjuntada a la solicitud: {"id":"670fcd293f9c5f4310b80da5","role":"admin","email":"maria.ceballos@davinci.edu.ar","username":"mceballos"}
[2025-02-11T22:07:02.045Z] INFO: Información del usuario adjuntada a la solicitud: {"id":"670fcd293f9c5f4310b80da5","role":"admin","email":"maria.ceballos@davinci.edu.ar","username":"mceballos"}
[2025-02-11T22:07:02.211Z] INFO: Información del usuario adjuntada a la solicitud: {"id":"670fcd293f9c5f4310b80da5","role":"admin","email":"maria.ceballos@davinci.edu.ar","username":"mceballos"}
[2025-02-11T22:07:02.269Z] INFO: Información del usuario adjuntada a la solicitud: {"id":"670fcd293f9c5f4310b80da5","role":"admin","email":"maria.ceballos@davinci.edu.ar","username":"mceballos"}
[2025-02-11T22:07:02.432Z] INFO: Información del usuario adjuntada a la solicitud: {"id":"670fcd293f9c5f4310b80da5","role":"admin","email":"maria.ceballos@davinci.edu.ar","username":"mceballos"}
[2025-02-11T22:07:02.440Z] INFO: Información del usuario adjuntada a la solicitud: {"id":"670fcd293f9c5f4310b80da5","role":"admin","email":"maria.ceballos@davinci.edu.ar","username":"mceballos"}
[2025-02-11T22:07:02.598Z] INFO: Información del usuario adjuntada a la solicitud: {"id":"670fcd293f9c5f4310b80da5","role":"admin","email":"maria.ceballos@davinci.edu.ar","username":"mceballos"}
[2025-02-11T22:07:02.611Z] INFO: Información del usuario adjuntada a la solicitud: {"id":"670fcd293f9c5f4310b80da5","role":"admin","email":"maria.ceballos@davinci.edu.ar","username":"mceballos"}
[2025-02-11T22:07:02.772Z] INFO: Información del usuario adjuntada a la solicitud: {"id":"670fcd293f9c5f4310b80da5","role":"admin","email":"maria.ceballos@davinci.edu.ar","username":"mceballos"}
[2025-02-11T22:07:02.782Z] INFO: Información del usuario adjuntada a la solicitud: {"id":"670fcd293f9c5f4310b80da5","role":"admin","email":"maria.ceballos@davinci.edu.ar","username":"mceballos"}
[2025-02-11T22:07:26.082Z] INFO: Información del usuario adjuntada a la solicitud: {"id":"670fcd293f9c5f4310b80da5","role":"admin","email":"maria.ceballos@davinci.edu.ar","username":"mceballos"}
[2025-02-11T22:07:26.273Z] INFO: Información del usuario adjuntada a la solicitud: {"id":"670fcd293f9c5f4310b80da5","role":"admin","email":"maria.ceballos@davinci.edu.ar","username":"mceballos"}
[2025-02-11T22:07:26.322Z] INFO: Información del usuario adjuntada a la solicitud: {"id":"670fcd293f9c5f4310b80da5","role":"admin","email":"maria.ceballos@davinci.edu.ar","username":"mceballos"}
[2025-02-11T22:07:26.536Z] INFO: Información del usuario adjuntada a la solicitud: {"id":"670fcd293f9c5f4310b80da5","role":"admin","email":"maria.ceballos@davinci.edu.ar","username":"mceballos"}
[2025-02-11T22:07:26.758Z] INFO: Información del usuario adjuntada a la solicitud: {"id":"670fcd293f9c5f4310b80da5","role":"admin","email":"maria.ceballos@davinci.edu.ar","username":"mceballos"}
[2025-02-11T22:07:26.927Z] INFO: Información del usuario adjuntada a la solicitud: {"id":"670fcd293f9c5f4310b80da5","role":"admin","email":"maria.ceballos@davinci.edu.ar","username":"mceballos"}
[2025-02-11T22:07:27.122Z] INFO: Información del usuario adjuntada a la solicitud: {"id":"670fcd293f9c5f4310b80da5","role":"admin","email":"maria.ceballos@davinci.edu.ar","username":"mceballos"}
[2025-02-11T22:07:27.296Z] INFO: Información del usuario adjuntada a la solicitud: {"id":"670fcd293f9c5f4310b80da5","role":"admin","email":"maria.ceballos@davinci.edu.ar","username":"mceballos"}
[2025-02-11T22:07:27.543Z] INFO: Información del usuario adjuntada a la solicitud: {"id":"670fcd293f9c5f4310b80da5","role":"admin","email":"maria.ceballos@davinci.edu.ar","username":"mceballos"}
[2025-02-11T22:07:27.722Z] INFO: Información del usuario adjuntada a la solicitud: {"id":"670fcd293f9c5f4310b80da5","role":"admin","email":"maria.ceballos@davinci.edu.ar","username":"mceballos"}
[2025-02-11T22:07:27.903Z] INFO: Información del usuario adjuntada a la solicitud: {"id":"670fcd293f9c5f4310b80da5","role":"admin","email":"maria.ceballos@davinci.edu.ar","username":"mceballos"}
[2025-02-11T22:07:28.063Z] INFO: Información del usuario adjuntada a la solicitud: {"id":"670fcd293f9c5f4310b80da5","role":"admin","email":"maria.ceballos@davinci.edu.ar","username":"mceballos"}
[2025-02-11T22:07:28.234Z] INFO: Información del usuario adjuntada a la solicitud: {"id":"670fcd293f9c5f4310b80da5","role":"admin","email":"maria.ceballos@davinci.edu.ar","username":"mceballos"}
[2025-02-11T22:07:28.398Z] INFO: Información del usuario adjuntada a la solicitud: {"id":"670fcd293f9c5f4310b80da5","role":"admin","email":"maria.ceballos@davinci.edu.ar","username":"mceballos"}
[2025-02-11T22:07:28.577Z] INFO: Información del usuario adjuntada a la solicitud: {"id":"670fcd293f9c5f4310b80da5","role":"admin","email":"maria.ceballos@davinci.edu.ar","username":"mceballos"}
[2025-02-11T22:07:28.793Z] INFO: Información del usuario adjuntada a la solicitud: {"id":"670fcd293f9c5f4310b80da5","role":"admin","email":"maria.ceballos@davinci.edu.ar","username":"mceballos"}
[2025-02-11T22:07:29.002Z] INFO: Información del usuario adjuntada a la solicitud: {"id":"670fcd293f9c5f4310b80da5","role":"admin","email":"maria.ceballos@davinci.edu.ar","username":"mceballos"}
[2025-02-11T22:07:29.198Z] INFO: Información del usuario adjuntada a la solicitud: {"id":"670fcd293f9c5f4310b80da5","role":"admin","email":"maria.ceballos@davinci.edu.ar","username":"mceballos"}
[2025-02-11T22:07:29.402Z] INFO: Información del usuario adjuntada a la solicitud: {"id":"670fcd293f9c5f4310b80da5","role":"admin","email":"maria.ceballos@davinci.edu.ar","username":"mceballos"}
[2025-02-11T22:07:29.580Z] INFO: Información del usuario adjuntada a la solicitud: {"id":"670fcd293f9c5f4310b80da5","role":"admin","email":"maria.ceballos@davinci.edu.ar","username":"mceballos"}
[2025-02-11T22:07:29.771Z] INFO: Información del usuario adjuntada a la solicitud: {"id":"670fcd293f9c5f4310b80da5","role":"admin","email":"maria.ceballos@davinci.edu.ar","username":"mceballos"}
[2025-02-11T22:07:29.965Z] INFO: Información del usuario adjuntada a la solicitud: {"id":"670fcd293f9c5f4310b80da5","role":"admin","email":"maria.ceballos@davinci.edu.ar","username":"mceballos"}
[2025-02-11T22:07:30.205Z] INFO: Información del usuario adjuntada a la solicitud: {"id":"670fcd293f9c5f4310b80da5","role":"admin","email":"maria.ceballos@davinci.edu.ar","username":"mceballos"}
[2025-02-11T22:07:30.375Z] INFO: Información del usuario adjuntada a la solicitud: {"id":"670fcd293f9c5f4310b80da5","role":"admin","email":"maria.ceballos@davinci.edu.ar","username":"mceballos"}
[2025-02-11T22:07:30.647Z] INFO: Información del usuario adjuntada a la solicitud: {"id":"670fcd293f9c5f4310b80da5","role":"admin","email":"maria.ceballos@davinci.edu.ar","username":"mceballos"}
[2025-02-11T22:07:30.649Z] INFO: Información del usuario adjuntada a la solicitud: {"id":"670fcd293f9c5f4310b80da5","role":"admin","email":"maria.ceballos@davinci.edu.ar","username":"mceballos"}
[2025-02-11T22:07:30.818Z] INFO: Información del usuario adjuntada a la solicitud: {"id":"670fcd293f9c5f4310b80da5","role":"admin","email":"maria.ceballos@davinci.edu.ar","username":"mceballos"}
[2025-02-11T22:07:30.839Z] INFO: Información del usuario adjuntada a la solicitud: {"id":"670fcd293f9c5f4310b80da5","role":"admin","email":"maria.ceballos@davinci.edu.ar","username":"mceballos"}
[2025-02-11T22:07:31.058Z] INFO: Información del usuario adjuntada a la solicitud: {"id":"670fcd293f9c5f4310b80da5","role":"admin","email":"maria.ceballos@davinci.edu.ar","username":"mceballos"}
[2025-02-11T22:07:31.102Z] INFO: Información del usuario adjuntada a la solicitud: {"id":"670fcd293f9c5f4310b80da5","role":"admin","email":"maria.ceballos@davinci.edu.ar","username":"mceballos"}
[2025-02-11T22:07:31.217Z] INFO: Información del usuario adjuntada a la solicitud: {"id":"670fcd293f9c5f4310b80da5","role":"admin","email":"maria.ceballos@davinci.edu.ar","username":"mceballos"}
[2025-02-11T22:07:31.281Z] INFO: Información del usuario adjuntada a la solicitud: {"id":"670fcd293f9c5f4310b80da5","role":"admin","email":"maria.ceballos@davinci.edu.ar","username":"mceballos"}
[2025-02-11T22:07:31.383Z] INFO: Información del usuario adjuntada a la solicitud: {"id":"670fcd293f9c5f4310b80da5","role":"admin","email":"maria.ceballos@davinci.edu.ar","username":"mceballos"}
[2025-02-11T22:07:31.554Z] INFO: Información del usuario adjuntada a la solicitud: {"id":"670fcd293f9c5f4310b80da5","role":"admin","email":"maria.ceballos@davinci.edu.ar","username":"mceballos"}
[2025-02-11T22:07:31.719Z] INFO: Información del usuario adjuntada a la solicitud: {"id":"670fcd293f9c5f4310b80da5","role":"admin","email":"maria.ceballos@davinci.edu.ar","username":"mceballos"}
[2025-02-11T22:07:31.893Z] INFO: Información del usuario adjuntada a la solicitud: {"id":"670fcd293f9c5f4310b80da5","role":"admin","email":"maria.ceballos@davinci.edu.ar","username":"mceballos"}
[2025-02-11T22:07:32.076Z] INFO: Información del usuario adjuntada a la solicitud: {"id":"670fcd293f9c5f4310b80da5","role":"admin","email":"maria.ceballos@davinci.edu.ar","username":"mceballos"}
[2025-02-11T22:07:32.242Z] INFO: Información del usuario adjuntada a la solicitud: {"id":"670fcd293f9c5f4310b80da5","role":"admin","email":"maria.ceballos@davinci.edu.ar","username":"mceballos"}
[2025-02-11T22:07:32.412Z] INFO: Información del usuario adjuntada a la solicitud: {"id":"670fcd293f9c5f4310b80da5","role":"admin","email":"maria.ceballos@davinci.edu.ar","username":"mceballos"}
[2025-02-11T22:07:32.637Z] INFO: Información del usuario adjuntada a la solicitud: {"id":"670fcd293f9c5f4310b80da5","role":"admin","email":"maria.ceballos@davinci.edu.ar","username":"mceballos"}
[2025-02-11T22:07:32.811Z] INFO: Información del usuario adjuntada a la solicitud: {"id":"670fcd293f9c5f4310b80da5","role":"admin","email":"maria.ceballos@davinci.edu.ar","username":"mceballos"}
[2025-02-11T22:07:32.969Z] INFO: Información del usuario adjuntada a la solicitud: {"id":"670fcd293f9c5f4310b80da5","role":"admin","email":"maria.ceballos@davinci.edu.ar","username":"mceballos"}
[2025-02-11T22:07:33.149Z] INFO: Información del usuario adjuntada a la solicitud: {"id":"670fcd293f9c5f4310b80da5","role":"admin","email":"maria.ceballos@davinci.edu.ar","username":"mceballos"}
[2025-02-11T22:07:33.304Z] INFO: Información del usuario adjuntada a la solicitud: {"id":"670fcd293f9c5f4310b80da5","role":"admin","email":"maria.ceballos@davinci.edu.ar","username":"mceballos"}
[2025-02-11T22:07:33.457Z] INFO: Información del usuario adjuntada a la solicitud: {"id":"670fcd293f9c5f4310b80da5","role":"admin","email":"maria.ceballos@davinci.edu.ar","username":"mceballos"}
[2025-02-11T22:07:33.637Z] INFO: Información del usuario adjuntada a la solicitud: {"id":"670fcd293f9c5f4310b80da5","role":"admin","email":"maria.ceballos@davinci.edu.ar","username":"mceballos"}
[2025-02-11T22:07:33.799Z] INFO: Información del usuario adjuntada a la solicitud: {"id":"670fcd293f9c5f4310b80da5","role":"admin","email":"maria.ceballos@davinci.edu.ar","username":"mceballos"}
[2025-02-11T22:07:34.009Z] INFO: Información del usuario adjuntada a la solicitud: {"id":"670fcd293f9c5f4310b80da5","role":"admin","email":"maria.ceballos@davinci.edu.ar","username":"mceballos"}
[2025-02-11T22:07:34.175Z] INFO: Información del usuario adjuntada a la solicitud: {"id":"670fcd293f9c5f4310b80da5","role":"admin","email":"maria.ceballos@davinci.edu.ar","username":"mceballos"}
[2025-02-11T22:07:34.351Z] INFO: Información del usuario adjuntada a la solicitud: {"id":"670fcd293f9c5f4310b80da5","role":"admin","email":"maria.ceballos@davinci.edu.ar","username":"mceballos"}
[2025-02-11T22:07:34.514Z] INFO: Información del usuario adjuntada a la solicitud: {"id":"670fcd293f9c5f4310b80da5","role":"admin","email":"maria.ceballos@davinci.edu.ar","username":"mceballos"}
[2025-02-11T22:07:34.686Z] INFO: Información del usuario adjuntada a la solicitud: {"id":"670fcd293f9c5f4310b80da5","role":"admin","email":"maria.ceballos@davinci.edu.ar","username":"mceballos"}
[2025-02-11T22:07:34.875Z] INFO: Información del usuario adjuntada a la solicitud: {"id":"670fcd293f9c5f4310b80da5","role":"admin","email":"maria.ceballos@davinci.edu.ar","username":"mceballos"}
[2025-02-11T22:07:35.066Z] INFO: Información del usuario adjuntada a la solicitud: {"id":"670fcd293f9c5f4310b80da5","role":"admin","email":"maria.ceballos@davinci.edu.ar","username":"mceballos"}
[2025-02-11T22:07:35.269Z] INFO: Información del usuario adjuntada a la solicitud: {"id":"670fcd293f9c5f4310b80da5","role":"admin","email":"maria.ceballos@davinci.edu.ar","username":"mceballos"}
[2025-02-11T22:07:35.312Z] INFO: Información del usuario adjuntada a la solicitud: {"id":"670fcd293f9c5f4310b80da5","role":"admin","email":"maria.ceballos@davinci.edu.ar","username":"mceballos"}
[2025-02-11T22:07:35.313Z] INFO: Información del usuario adjuntada a la solicitud: {"id":"670fcd293f9c5f4310b80da5","role":"admin","email":"maria.ceballos@davinci.edu.ar","username":"mceballos"}
[2025-02-11T22:07:35.436Z] INFO: Información del usuario adjuntada a la solicitud: {"id":"670fcd293f9c5f4310b80da5","role":"admin","email":"maria.ceballos@davinci.edu.ar","username":"mceballos"}
[2025-02-11T22:07:35.437Z] INFO: Información del usuario adjuntada a la solicitud: {"id":"670fcd293f9c5f4310b80da5","role":"admin","email":"maria.ceballos@davinci.edu.ar","username":"mceballos"}
[2025-02-11T22:07:35.438Z] INFO: Información del usuario adjuntada a la solicitud: {"id":"670fcd293f9c5f4310b80da5","role":"admin","email":"maria.ceballos@davinci.edu.ar","username":"mceballos"}
[2025-02-11T22:07:35.656Z] INFO: Información del usuario adjuntada a la solicitud: {"id":"670fcd293f9c5f4310b80da5","role":"admin","email":"maria.ceballos@davinci.edu.ar","username":"mceballos"}
[2025-02-11T22:07:35.905Z] INFO: Información del usuario adjuntada a la solicitud: {"id":"670fcd293f9c5f4310b80da5","role":"admin","email":"maria.ceballos@davinci.edu.ar","username":"mceballos"}
[2025-02-11T22:07:36.087Z] INFO: Información del usuario adjuntada a la solicitud: {"id":"670fcd293f9c5f4310b80da5","role":"admin","email":"maria.ceballos@davinci.edu.ar","username":"mceballos"}
[2025-02-11T22:07:36.255Z] INFO: Información del usuario adjuntada a la solicitud: {"id":"670fcd293f9c5f4310b80da5","role":"admin","email":"maria.ceballos@davinci.edu.ar","username":"mceballos"}
[2025-02-11T22:07:36.426Z] INFO: Información del usuario adjuntada a la solicitud: {"id":"670fcd293f9c5f4310b80da5","role":"admin","email":"maria.ceballos@davinci.edu.ar","username":"mceballos"}
[2025-02-11T22:07:36.605Z] INFO: Información del usuario adjuntada a la solicitud: {"id":"670fcd293f9c5f4310b80da5","role":"admin","email":"maria.ceballos@davinci.edu.ar","username":"mceballos"}
[2025-02-11T22:07:36.765Z] INFO: Información del usuario adjuntada a la solicitud: {"id":"670fcd293f9c5f4310b80da5","role":"admin","email":"maria.ceballos@davinci.edu.ar","username":"mceballos"}
[2025-02-11T22:07:36.926Z] INFO: Información del usuario adjuntada a la solicitud: {"id":"670fcd293f9c5f4310b80da5","role":"admin","email":"maria.ceballos@davinci.edu.ar","username":"mceballos"}
[2025-02-11T22:07:37.142Z] INFO: Información del usuario adjuntada a la solicitud: {"id":"670fcd293f9c5f4310b80da5","role":"admin","email":"maria.ceballos@davinci.edu.ar","username":"mceballos"}
[2025-02-11T22:07:37.175Z] INFO: Información del usuario adjuntada a la solicitud: {"id":"670fcd293f9c5f4310b80da5","role":"admin","email":"maria.ceballos@davinci.edu.ar","username":"mceballos"}
[2025-02-11T22:07:37.281Z] INFO: Información del usuario adjuntada a la solicitud: {"id":"670fcd293f9c5f4310b80da5","role":"admin","email":"maria.ceballos@davinci.edu.ar","username":"mceballos"}
[2025-02-11T22:07:37.313Z] INFO: Información del usuario adjuntada a la solicitud: {"id":"670fcd293f9c5f4310b80da5","role":"admin","email":"maria.ceballos@davinci.edu.ar","username":"mceballos"}
[2025-02-11T22:07:37.483Z] INFO: Información del usuario adjuntada a la solicitud: {"id":"670fcd293f9c5f4310b80da5","role":"admin","email":"maria.ceballos@davinci.edu.ar","username":"mceballos"}
[2025-02-11T22:07:37.654Z] INFO: Información del usuario adjuntada a la solicitud: {"id":"670fcd293f9c5f4310b80da5","role":"admin","email":"maria.ceballos@davinci.edu.ar","username":"mceballos"}
[2025-02-11T22:07:37.835Z] INFO: Información del usuario adjuntada a la solicitud: {"id":"670fcd293f9c5f4310b80da5","role":"admin","email":"maria.ceballos@davinci.edu.ar","username":"mceballos"}
[2025-02-11T22:07:38.004Z] INFO: Información del usuario adjuntada a la solicitud: {"id":"670fcd293f9c5f4310b80da5","role":"admin","email":"maria.ceballos@davinci.edu.ar","username":"mceballos"}
[2025-02-11T22:07:57.931Z] INFO: Información del usuario adjuntada a la solicitud: {"id":"670fcd293f9c5f4310b80da5","role":"admin","email":"maria.ceballos@davinci.edu.ar","username":"mceballos"}
[2025-02-11T22:07:58.110Z] INFO: Información del usuario adjuntada a la solicitud: {"id":"670fcd293f9c5f4310b80da5","role":"admin","email":"maria.ceballos@davinci.edu.ar","username":"mceballos"}
[2025-02-11T22:07:58.148Z] INFO: Información del usuario adjuntada a la solicitud: {"id":"670fcd293f9c5f4310b80da5","role":"admin","email":"maria.ceballos@davinci.edu.ar","username":"mceballos"}
[2025-02-11T22:07:58.366Z] INFO: Información del usuario adjuntada a la solicitud: {"id":"670fcd293f9c5f4310b80da5","role":"admin","email":"maria.ceballos@davinci.edu.ar","username":"mceballos"}
[2025-02-11T22:07:58.530Z] INFO: Información del usuario adjuntada a la solicitud: {"id":"670fcd293f9c5f4310b80da5","role":"admin","email":"maria.ceballos@davinci.edu.ar","username":"mceballos"}
[2025-02-11T22:07:58.695Z] INFO: Información del usuario adjuntada a la solicitud: {"id":"670fcd293f9c5f4310b80da5","role":"admin","email":"maria.ceballos@davinci.edu.ar","username":"mceballos"}
[2025-02-11T22:07:58.867Z] INFO: Información del usuario adjuntada a la solicitud: {"id":"670fcd293f9c5f4310b80da5","role":"admin","email":"maria.ceballos@davinci.edu.ar","username":"mceballos"}
[2025-02-11T22:07:59.045Z] INFO: Información del usuario adjuntada a la solicitud: {"id":"670fcd293f9c5f4310b80da5","role":"admin","email":"maria.ceballos@davinci.edu.ar","username":"mceballos"}
[2025-02-11T22:07:59.205Z] INFO: Información del usuario adjuntada a la solicitud: {"id":"670fcd293f9c5f4310b80da5","role":"admin","email":"maria.ceballos@davinci.edu.ar","username":"mceballos"}
[2025-02-11T22:07:59.364Z] INFO: Información del usuario adjuntada a la solicitud: {"id":"670fcd293f9c5f4310b80da5","role":"admin","email":"maria.ceballos@davinci.edu.ar","username":"mceballos"}
[2025-02-11T22:07:59.522Z] INFO: Información del usuario adjuntada a la solicitud: {"id":"670fcd293f9c5f4310b80da5","role":"admin","email":"maria.ceballos@davinci.edu.ar","username":"mceballos"}
[2025-02-11T22:07:59.672Z] INFO: Información del usuario adjuntada a la solicitud: {"id":"670fcd293f9c5f4310b80da5","role":"admin","email":"maria.ceballos@davinci.edu.ar","username":"mceballos"}
[2025-02-11T22:07:59.828Z] INFO: Información del usuario adjuntada a la solicitud: {"id":"670fcd293f9c5f4310b80da5","role":"admin","email":"maria.ceballos@davinci.edu.ar","username":"mceballos"}
[2025-02-11T22:07:59.992Z] INFO: Información del usuario adjuntada a la solicitud: {"id":"670fcd293f9c5f4310b80da5","role":"admin","email":"maria.ceballos@davinci.edu.ar","username":"mceballos"}
[2025-02-11T22:08:00.197Z] INFO: Información del usuario adjuntada a la solicitud: {"id":"670fcd293f9c5f4310b80da5","role":"admin","email":"maria.ceballos@davinci.edu.ar","username":"mceballos"}
[2025-02-11T22:08:00.359Z] INFO: Información del usuario adjuntada a la solicitud: {"id":"670fcd293f9c5f4310b80da5","role":"admin","email":"maria.ceballos@davinci.edu.ar","username":"mceballos"}
[2025-02-11T22:08:00.551Z] INFO: Información del usuario adjuntada a la solicitud: {"id":"670fcd293f9c5f4310b80da5","role":"admin","email":"maria.ceballos@davinci.edu.ar","username":"mceballos"}
[2025-02-11T22:08:00.738Z] INFO: Información del usuario adjuntada a la solicitud: {"id":"670fcd293f9c5f4310b80da5","role":"admin","email":"maria.ceballos@davinci.edu.ar","username":"mceballos"}
[2025-02-11T22:08:00.889Z] INFO: Información del usuario adjuntada a la solicitud: {"id":"670fcd293f9c5f4310b80da5","role":"admin","email":"maria.ceballos@davinci.edu.ar","username":"mceballos"}
[2025-02-11T22:08:01.047Z] INFO: Información del usuario adjuntada a la solicitud: {"id":"670fcd293f9c5f4310b80da5","role":"admin","email":"maria.ceballos@davinci.edu.ar","username":"mceballos"}
[2025-02-11T22:08:01.208Z] INFO: Información del usuario adjuntada a la solicitud: {"id":"670fcd293f9c5f4310b80da5","role":"admin","email":"maria.ceballos@davinci.edu.ar","username":"mceballos"}
[2025-02-11T22:08:01.281Z] INFO: Información del usuario adjuntada a la solicitud: {"id":"670fcd293f9c5f4310b80da5","role":"admin","email":"maria.ceballos@davinci.edu.ar","username":"mceballos"}
[2025-02-11T22:08:01.282Z] INFO: Información del usuario adjuntada a la solicitud: {"id":"670fcd293f9c5f4310b80da5","role":"admin","email":"maria.ceballos@davinci.edu.ar","username":"mceballos"}
[2025-02-11T22:08:01.367Z] INFO: Información del usuario adjuntada a la solicitud: {"id":"670fcd293f9c5f4310b80da5","role":"admin","email":"maria.ceballos@davinci.edu.ar","username":"mceballos"}
[2025-02-11T22:08:01.397Z] INFO: Información del usuario adjuntada a la solicitud: {"id":"670fcd293f9c5f4310b80da5","role":"admin","email":"maria.ceballos@davinci.edu.ar","username":"mceballos"}
[2025-02-11T22:08:01.398Z] INFO: Información del usuario adjuntada a la solicitud: {"id":"670fcd293f9c5f4310b80da5","role":"admin","email":"maria.ceballos@davinci.edu.ar","username":"mceballos"}
[2025-02-11T22:08:01.523Z] INFO: Información del usuario adjuntada a la solicitud: {"id":"670fcd293f9c5f4310b80da5","role":"admin","email":"maria.ceballos@davinci.edu.ar","username":"mceballos"}
[2025-02-11T22:08:01.687Z] INFO: Información del usuario adjuntada a la solicitud: {"id":"670fcd293f9c5f4310b80da5","role":"admin","email":"maria.ceballos@davinci.edu.ar","username":"mceballos"}
[2025-02-11T22:08:01.782Z] INFO: Información del usuario adjuntada a la solicitud: {"id":"670fcd293f9c5f4310b80da5","role":"admin","email":"maria.ceballos@davinci.edu.ar","username":"mceballos"}
[2025-02-11T22:08:01.853Z] INFO: Información del usuario adjuntada a la solicitud: {"id":"670fcd293f9c5f4310b80da5","role":"admin","email":"maria.ceballos@davinci.edu.ar","username":"mceballos"}
[2025-02-11T22:08:01.898Z] INFO: Información del usuario adjuntada a la solicitud: {"id":"670fcd293f9c5f4310b80da5","role":"admin","email":"maria.ceballos@davinci.edu.ar","username":"mceballos"}
[2025-02-11T22:08:02.010Z] INFO: Información del usuario adjuntada a la solicitud: {"id":"670fcd293f9c5f4310b80da5","role":"admin","email":"maria.ceballos@davinci.edu.ar","username":"mceballos"}
[2025-02-11T22:08:02.173Z] INFO: Información del usuario adjuntada a la solicitud: {"id":"670fcd293f9c5f4310b80da5","role":"admin","email":"maria.ceballos@davinci.edu.ar","username":"mceballos"}
[2025-02-11T22:08:02.333Z] INFO: Información del usuario adjuntada a la solicitud: {"id":"670fcd293f9c5f4310b80da5","role":"admin","email":"maria.ceballos@davinci.edu.ar","username":"mceballos"}
[2025-02-11T22:08:02.440Z] INFO: Información del usuario adjuntada a la solicitud: {"id":"670fcd293f9c5f4310b80da5","role":"admin","email":"maria.ceballos@davinci.edu.ar","username":"mceballos"}
[2025-02-11T22:08:02.498Z] INFO: Información del usuario adjuntada a la solicitud: {"id":"670fcd293f9c5f4310b80da5","role":"admin","email":"maria.ceballos@davinci.edu.ar","username":"mceballos"}
[2025-02-11T22:08:02.616Z] INFO: Información del usuario adjuntada a la solicitud: {"id":"670fcd293f9c5f4310b80da5","role":"admin","email":"maria.ceballos@davinci.edu.ar","username":"mceballos"}
[2025-02-11T22:08:02.776Z] INFO: Información del usuario adjuntada a la solicitud: {"id":"670fcd293f9c5f4310b80da5","role":"admin","email":"maria.ceballos@davinci.edu.ar","username":"mceballos"}
[2025-02-11T22:08:02.887Z] INFO: Información del usuario adjuntada a la solicitud: {"id":"670fcd293f9c5f4310b80da5","role":"admin","email":"maria.ceballos@davinci.edu.ar","username":"mceballos"}
[2025-02-11T22:08:02.937Z] INFO: Información del usuario adjuntada a la solicitud: {"id":"670fcd293f9c5f4310b80da5","role":"admin","email":"maria.ceballos@davinci.edu.ar","username":"mceballos"}
[2025-02-11T22:08:03.064Z] INFO: Información del usuario adjuntada a la solicitud: {"id":"670fcd293f9c5f4310b80da5","role":"admin","email":"maria.ceballos@davinci.edu.ar","username":"mceballos"}
[2025-02-11T22:08:03.092Z] INFO: Información del usuario adjuntada a la solicitud: {"id":"670fcd293f9c5f4310b80da5","role":"admin","email":"maria.ceballos@davinci.edu.ar","username":"mceballos"}
[2025-02-11T22:08:03.254Z] INFO: Información del usuario adjuntada a la solicitud: {"id":"670fcd293f9c5f4310b80da5","role":"admin","email":"maria.ceballos@davinci.edu.ar","username":"mceballos"}
[2025-02-11T22:08:03.412Z] INFO: Información del usuario adjuntada a la solicitud: {"id":"670fcd293f9c5f4310b80da5","role":"admin","email":"maria.ceballos@davinci.edu.ar","username":"mceballos"}
[2025-02-11T22:08:03.604Z] INFO: Información del usuario adjuntada a la solicitud: {"id":"670fcd293f9c5f4310b80da5","role":"admin","email":"maria.ceballos@davinci.edu.ar","username":"mceballos"}
[2025-02-11T22:08:03.786Z] INFO: Información del usuario adjuntada a la solicitud: {"id":"670fcd293f9c5f4310b80da5","role":"admin","email":"maria.ceballos@davinci.edu.ar","username":"mceballos"}
[2025-02-11T22:08:03.944Z] INFO: Información del usuario adjuntada a la solicitud: {"id":"670fcd293f9c5f4310b80da5","role":"admin","email":"maria.ceballos@davinci.edu.ar","username":"mceballos"}
[2025-02-11T22:08:04.112Z] INFO: Información del usuario adjuntada a la solicitud: {"id":"670fcd293f9c5f4310b80da5","role":"admin","email":"maria.ceballos@davinci.edu.ar","username":"mceballos"}
[2025-02-11T22:08:04.271Z] INFO: Información del usuario adjuntada a la solicitud: {"id":"670fcd293f9c5f4310b80da5","role":"admin","email":"maria.ceballos@davinci.edu.ar","username":"mceballos"}
[2025-02-11T22:08:04.428Z] INFO: Información del usuario adjuntada a la solicitud: {"id":"670fcd293f9c5f4310b80da5","role":"admin","email":"maria.ceballos@davinci.edu.ar","username":"mceballos"}
[2025-02-11T22:08:04.594Z] INFO: Información del usuario adjuntada a la solicitud: {"id":"670fcd293f9c5f4310b80da5","role":"admin","email":"maria.ceballos@davinci.edu.ar","username":"mceballos"}
[2025-02-11T22:08:04.766Z] INFO: Información del usuario adjuntada a la solicitud: {"id":"670fcd293f9c5f4310b80da5","role":"admin","email":"maria.ceballos@davinci.edu.ar","username":"mceballos"}
[2025-02-11T22:08:04.833Z] INFO: Información del usuario adjuntada a la solicitud: {"id":"670fcd293f9c5f4310b80da5","role":"admin","email":"maria.ceballos@davinci.edu.ar","username":"mceballos"}
[2025-02-11T22:08:04.975Z] INFO: Información del usuario adjuntada a la solicitud: {"id":"670fcd293f9c5f4310b80da5","role":"admin","email":"maria.ceballos@davinci.edu.ar","username":"mceballos"}
[2025-02-11T22:08:05.033Z] INFO: Información del usuario adjuntada a la solicitud: {"id":"670fcd293f9c5f4310b80da5","role":"admin","email":"maria.ceballos@davinci.edu.ar","username":"mceballos"}
[2025-02-11T22:08:05.171Z] INFO: Información del usuario adjuntada a la solicitud: {"id":"670fcd293f9c5f4310b80da5","role":"admin","email":"maria.ceballos@davinci.edu.ar","username":"mceballos"}
[2025-02-11T22:08:05.350Z] INFO: Información del usuario adjuntada a la solicitud: {"id":"670fcd293f9c5f4310b80da5","role":"admin","email":"maria.ceballos@davinci.edu.ar","username":"mceballos"}
[2025-02-11T22:08:05.586Z] INFO: Información del usuario adjuntada a la solicitud: {"id":"670fcd293f9c5f4310b80da5","role":"admin","email":"maria.ceballos@davinci.edu.ar","username":"mceballos"}
[2025-02-11T22:08:05.753Z] INFO: Información del usuario adjuntada a la solicitud: {"id":"670fcd293f9c5f4310b80da5","role":"admin","email":"maria.ceballos@davinci.edu.ar","username":"mceballos"}
[2025-02-11T22:08:05.932Z] INFO: Información del usuario adjuntada a la solicitud: {"id":"670fcd293f9c5f4310b80da5","role":"admin","email":"maria.ceballos@davinci.edu.ar","username":"mceballos"}
[2025-02-11T22:08:06.109Z] INFO: Información del usuario adjuntada a la solicitud: {"id":"670fcd293f9c5f4310b80da5","role":"admin","email":"maria.ceballos@davinci.edu.ar","username":"mceballos"}
[2025-02-11T22:08:06.287Z] INFO: Información del usuario adjuntada a la solicitud: {"id":"670fcd293f9c5f4310b80da5","role":"admin","email":"maria.ceballos@davinci.edu.ar","username":"mceballos"}
[2025-02-11T22:08:06.462Z] INFO: Información del usuario adjuntada a la solicitud: {"id":"670fcd293f9c5f4310b80da5","role":"admin","email":"maria.ceballos@davinci.edu.ar","username":"mceballos"}
[2025-02-11T22:08:06.650Z] INFO: Información del usuario adjuntada a la solicitud: {"id":"670fcd293f9c5f4310b80da5","role":"admin","email":"maria.ceballos@davinci.edu.ar","username":"mceballos"}
[2025-02-11T22:08:06.873Z] INFO: Información del usuario adjuntada a la solicitud: {"id":"670fcd293f9c5f4310b80da5","role":"admin","email":"maria.ceballos@davinci.edu.ar","username":"mceballos"}
[2025-02-11T22:08:07.079Z] INFO: Información del usuario adjuntada a la solicitud: {"id":"670fcd293f9c5f4310b80da5","role":"admin","email":"maria.ceballos@davinci.edu.ar","username":"mceballos"}
[2025-02-11T22:08:07.249Z] INFO: Información del usuario adjuntada a la solicitud: {"id":"670fcd293f9c5f4310b80da5","role":"admin","email":"maria.ceballos@davinci.edu.ar","username":"mceballos"}
[2025-02-11T22:08:07.433Z] INFO: Información del usuario adjuntada a la solicitud: {"id":"670fcd293f9c5f4310b80da5","role":"admin","email":"maria.ceballos@davinci.edu.ar","username":"mceballos"}
[2025-02-11T22:08:07.634Z] INFO: Información del usuario adjuntada a la solicitud: {"id":"670fcd293f9c5f4310b80da5","role":"admin","email":"maria.ceballos@davinci.edu.ar","username":"mceballos"}
[2025-02-11T22:08:07.836Z] INFO: Información del usuario adjuntada a la solicitud: {"id":"670fcd293f9c5f4310b80da5","role":"admin","email":"maria.ceballos@davinci.edu.ar","username":"mceballos"}
[2025-02-11T22:08:08.008Z] INFO: Información del usuario adjuntada a la solicitud: {"id":"670fcd293f9c5f4310b80da5","role":"admin","email":"maria.ceballos@davinci.edu.ar","username":"mceballos"}
[2025-02-11T22:08:08.173Z] INFO: Información del usuario adjuntada a la solicitud: {"id":"670fcd293f9c5f4310b80da5","role":"admin","email":"maria.ceballos@davinci.edu.ar","username":"mceballos"}
[2025-02-11T22:08:08.327Z] INFO: Información del usuario adjuntada a la solicitud: {"id":"670fcd293f9c5f4310b80da5","role":"admin","email":"maria.ceballos@davinci.edu.ar","username":"mceballos"}
[2025-02-11T22:08:08.329Z] INFO: Información del usuario adjuntada a la solicitud: {"id":"670fcd293f9c5f4310b80da5","role":"admin","email":"maria.ceballos@davinci.edu.ar","username":"mceballos"}
[2025-02-11T22:08:08.580Z] INFO: Información del usuario adjuntada a la solicitud: {"id":"670fcd293f9c5f4310b80da5","role":"admin","email":"maria.ceballos@davinci.edu.ar","username":"mceballos"}
[2025-02-11T22:08:08.581Z] INFO: Información del usuario adjuntada a la solicitud: {"id":"670fcd293f9c5f4310b80da5","role":"admin","email":"maria.ceballos@davinci.edu.ar","username":"mceballos"}
[2025-02-11T22:08:08.838Z] INFO: Información del usuario adjuntada a la solicitud: {"id":"670fcd293f9c5f4310b80da5","role":"admin","email":"maria.ceballos@davinci.edu.ar","username":"mceballos"}
[2025-02-11T22:08:08.859Z] INFO: Información del usuario adjuntada a la solicitud: {"id":"670fcd293f9c5f4310b80da5","role":"admin","email":"maria.ceballos@davinci.edu.ar","username":"mceballos"}
[2025-02-11T22:08:09.016Z] INFO: Información del usuario adjuntada a la solicitud: {"id":"670fcd293f9c5f4310b80da5","role":"admin","email":"maria.ceballos@davinci.edu.ar","username":"mceballos"}
[2025-02-11T22:08:09.024Z] INFO: Información del usuario adjuntada a la solicitud: {"id":"670fcd293f9c5f4310b80da5","role":"admin","email":"maria.ceballos@davinci.edu.ar","username":"mceballos"}
[2025-02-11T22:08:09.174Z] INFO: Información del usuario adjuntada a la solicitud: {"id":"670fcd293f9c5f4310b80da5","role":"admin","email":"maria.ceballos@davinci.edu.ar","username":"mceballos"}
[2025-02-11T22:08:09.339Z] INFO: Información del usuario adjuntada a la solicitud: {"id":"670fcd293f9c5f4310b80da5","role":"admin","email":"maria.ceballos@davinci.edu.ar","username":"mceballos"}
[2025-02-11T22:08:09.516Z] INFO: Información del usuario adjuntada a la solicitud: {"id":"670fcd293f9c5f4310b80da5","role":"admin","email":"maria.ceballos@davinci.edu.ar","username":"mceballos"}
[2025-02-11T22:08:09.688Z] INFO: Información del usuario adjuntada a la solicitud: {"id":"670fcd293f9c5f4310b80da5","role":"admin","email":"maria.ceballos@davinci.edu.ar","username":"mceballos"}
[2025-02-12T15:26:30.312Z] INFO: Información del usuario adjuntada a la solicitud: {"id":"670fcd293f9c5f4310b80da5","role":"admin","email":"maria.ceballos@davinci.edu.ar","username":"mceballos"}
[2025-02-12T23:25:10.214Z] INFO: Usuario encontrado: mceballos
[2025-02-12T23:25:10.268Z] INFO: Token generado para usuario: mceballos
[2025-02-12T23:25:10.334Z] INFO: Información del usuario adjuntada a la solicitud: {"id":"670fcd293f9c5f4310b80da5","role":"admin","email":"maria.ceballos@davinci.edu.ar","username":"mceballos"}
[2025-02-12T23:25:10.451Z] INFO: Información del usuario adjuntada a la solicitud: {"id":"670fcd293f9c5f4310b80da5","role":"admin","email":"maria.ceballos@davinci.edu.ar","username":"mceballos"}
[2025-02-12T23:25:12.371Z] INFO: Información del usuario adjuntada a la solicitud: {"id":"670fcd293f9c5f4310b80da5","role":"admin","email":"maria.ceballos@davinci.edu.ar","username":"mceballos"}
[2025-02-12T23:25:12.553Z] INFO: Información del usuario adjuntada a la solicitud: {"id":"670fcd293f9c5f4310b80da5","role":"admin","email":"maria.ceballos@davinci.edu.ar","username":"mceballos"}
[2025-02-12T23:25:12.600Z] INFO: Información del usuario adjuntada a la solicitud: {"id":"670fcd293f9c5f4310b80da5","role":"admin","email":"maria.ceballos@davinci.edu.ar","username":"mceballos"}
[2025-02-12T23:25:12.844Z] INFO: Información del usuario adjuntada a la solicitud: {"id":"670fcd293f9c5f4310b80da5","role":"admin","email":"maria.ceballos@davinci.edu.ar","username":"mceballos"}
[2025-02-12T23:25:13.021Z] INFO: Información del usuario adjuntada a la solicitud: {"id":"670fcd293f9c5f4310b80da5","role":"admin","email":"maria.ceballos@davinci.edu.ar","username":"mceballos"}
[2025-02-12T23:25:13.186Z] INFO: Información del usuario adjuntada a la solicitud: {"id":"670fcd293f9c5f4310b80da5","role":"admin","email":"maria.ceballos@davinci.edu.ar","username":"mceballos"}
[2025-02-12T23:25:13.371Z] INFO: Información del usuario adjuntada a la solicitud: {"id":"670fcd293f9c5f4310b80da5","role":"admin","email":"maria.ceballos@davinci.edu.ar","username":"mceballos"}
[2025-02-12T23:25:13.558Z] INFO: Información del usuario adjuntada a la solicitud: {"id":"670fcd293f9c5f4310b80da5","role":"admin","email":"maria.ceballos@davinci.edu.ar","username":"mceballos"}
[2025-02-12T23:25:13.759Z] INFO: Información del usuario adjuntada a la solicitud: {"id":"670fcd293f9c5f4310b80da5","role":"admin","email":"maria.ceballos@davinci.edu.ar","username":"mceballos"}
[2025-02-12T23:25:13.928Z] INFO: Información del usuario adjuntada a la solicitud: {"id":"670fcd293f9c5f4310b80da5","role":"admin","email":"maria.ceballos@davinci.edu.ar","username":"mceballos"}
[2025-02-12T23:25:14.102Z] INFO: Información del usuario adjuntada a la solicitud: {"id":"670fcd293f9c5f4310b80da5","role":"admin","email":"maria.ceballos@davinci.edu.ar","username":"mceballos"}
[2025-02-12T23:25:14.280Z] INFO: Información del usuario adjuntada a la solicitud: {"id":"670fcd293f9c5f4310b80da5","role":"admin","email":"maria.ceballos@davinci.edu.ar","username":"mceballos"}
[2025-02-12T23:25:14.488Z] INFO: Información del usuario adjuntada a la solicitud: {"id":"670fcd293f9c5f4310b80da5","role":"admin","email":"maria.ceballos@davinci.edu.ar","username":"mceballos"}
[2025-02-12T23:25:14.668Z] INFO: Información del usuario adjuntada a la solicitud: {"id":"670fcd293f9c5f4310b80da5","role":"admin","email":"maria.ceballos@davinci.edu.ar","username":"mceballos"}
[2025-02-12T23:25:14.842Z] INFO: Información del usuario adjuntada a la solicitud: {"id":"670fcd293f9c5f4310b80da5","role":"admin","email":"maria.ceballos@davinci.edu.ar","username":"mceballos"}
[2025-02-12T23:25:15.013Z] INFO: Información del usuario adjuntada a la solicitud: {"id":"670fcd293f9c5f4310b80da5","role":"admin","email":"maria.ceballos@davinci.edu.ar","username":"mceballos"}
[2025-02-12T23:25:15.192Z] INFO: Información del usuario adjuntada a la solicitud: {"id":"670fcd293f9c5f4310b80da5","role":"admin","email":"maria.ceballos@davinci.edu.ar","username":"mceballos"}
[2025-02-12T23:25:15.359Z] INFO: Información del usuario adjuntada a la solicitud: {"id":"670fcd293f9c5f4310b80da5","role":"admin","email":"maria.ceballos@davinci.edu.ar","username":"mceballos"}
[2025-02-12T23:25:19.287Z] INFO: Información del usuario adjuntada a la solicitud: {"id":"670fcd293f9c5f4310b80da5","role":"admin","email":"maria.ceballos@davinci.edu.ar","username":"mceballos"}
[2025-02-12T23:25:19.457Z] INFO: Información del usuario adjuntada a la solicitud: {"id":"670fcd293f9c5f4310b80da5","role":"admin","email":"maria.ceballos@davinci.edu.ar","username":"mceballos"}
[2025-02-12T23:25:19.501Z] INFO: Información del usuario adjuntada a la solicitud: {"id":"670fcd293f9c5f4310b80da5","role":"admin","email":"maria.ceballos@davinci.edu.ar","username":"mceballos"}
[2025-02-12T23:25:19.698Z] INFO: Información del usuario adjuntada a la solicitud: {"id":"670fcd293f9c5f4310b80da5","role":"admin","email":"maria.ceballos@davinci.edu.ar","username":"mceballos"}
[2025-02-12T23:25:19.881Z] INFO: Información del usuario adjuntada a la solicitud: {"id":"670fcd293f9c5f4310b80da5","role":"admin","email":"maria.ceballos@davinci.edu.ar","username":"mceballos"}
[2025-02-12T23:25:20.052Z] INFO: Información del usuario adjuntada a la solicitud: {"id":"670fcd293f9c5f4310b80da5","role":"admin","email":"maria.ceballos@davinci.edu.ar","username":"mceballos"}
[2025-02-12T23:25:20.224Z] INFO: Información del usuario adjuntada a la solicitud: {"id":"670fcd293f9c5f4310b80da5","role":"admin","email":"maria.ceballos@davinci.edu.ar","username":"mceballos"}
[2025-02-12T23:25:20.396Z] INFO: Información del usuario adjuntada a la solicitud: {"id":"670fcd293f9c5f4310b80da5","role":"admin","email":"maria.ceballos@davinci.edu.ar","username":"mceballos"}
[2025-02-12T23:25:20.575Z] INFO: Información del usuario adjuntada a la solicitud: {"id":"670fcd293f9c5f4310b80da5","role":"admin","email":"maria.ceballos@davinci.edu.ar","username":"mceballos"}
[2025-02-12T23:25:20.740Z] INFO: Información del usuario adjuntada a la solicitud: {"id":"670fcd293f9c5f4310b80da5","role":"admin","email":"maria.ceballos@davinci.edu.ar","username":"mceballos"}
[2025-02-12T23:25:20.904Z] INFO: Información del usuario adjuntada a la solicitud: {"id":"670fcd293f9c5f4310b80da5","role":"admin","email":"maria.ceballos@davinci.edu.ar","username":"mceballos"}
[2025-02-12T23:25:21.065Z] INFO: Información del usuario adjuntada a la solicitud: {"id":"670fcd293f9c5f4310b80da5","role":"admin","email":"maria.ceballos@davinci.edu.ar","username":"mceballos"}
[2025-02-12T23:25:21.231Z] INFO: Información del usuario adjuntada a la solicitud: {"id":"670fcd293f9c5f4310b80da5","role":"admin","email":"maria.ceballos@davinci.edu.ar","username":"mceballos"}
[2025-02-12T23:25:21.439Z] INFO: Información del usuario adjuntada a la solicitud: {"id":"670fcd293f9c5f4310b80da5","role":"admin","email":"maria.ceballos@davinci.edu.ar","username":"mceballos"}
[2025-02-12T23:25:21.610Z] INFO: Información del usuario adjuntada a la solicitud: {"id":"670fcd293f9c5f4310b80da5","role":"admin","email":"maria.ceballos@davinci.edu.ar","username":"mceballos"}
[2025-02-12T23:25:21.773Z] INFO: Información del usuario adjuntada a la solicitud: {"id":"670fcd293f9c5f4310b80da5","role":"admin","email":"maria.ceballos@davinci.edu.ar","username":"mceballos"}
[2025-02-12T23:25:21.947Z] INFO: Información del usuario adjuntada a la solicitud: {"id":"670fcd293f9c5f4310b80da5","role":"admin","email":"maria.ceballos@davinci.edu.ar","username":"mceballos"}
[2025-02-12T23:25:22.148Z] INFO: Información del usuario adjuntada a la solicitud: {"id":"670fcd293f9c5f4310b80da5","role":"admin","email":"maria.ceballos@davinci.edu.ar","username":"mceballos"}
[2025-02-12T23:25:22.901Z] INFO: Información del usuario adjuntada a la solicitud: {"id":"670fcd293f9c5f4310b80da5","role":"admin","email":"maria.ceballos@davinci.edu.ar","username":"mceballos"}
[2025-02-12T23:25:23.084Z] INFO: Información del usuario adjuntada a la solicitud: {"id":"670fcd293f9c5f4310b80da5","role":"admin","email":"maria.ceballos@davinci.edu.ar","username":"mceballos"}
[2025-02-12T23:25:23.086Z] INFO: Información del usuario adjuntada a la solicitud: {"id":"670fcd293f9c5f4310b80da5","role":"admin","email":"maria.ceballos@davinci.edu.ar","username":"mceballos"}
[2025-02-12T23:25:23.247Z] INFO: Información del usuario adjuntada a la solicitud: {"id":"670fcd293f9c5f4310b80da5","role":"admin","email":"maria.ceballos@davinci.edu.ar","username":"mceballos"}
[2025-02-12T23:25:23.413Z] INFO: Información del usuario adjuntada a la solicitud: {"id":"670fcd293f9c5f4310b80da5","role":"admin","email":"maria.ceballos@davinci.edu.ar","username":"mceballos"}
[2025-02-12T23:25:23.584Z] INFO: Información del usuario adjuntada a la solicitud: {"id":"670fcd293f9c5f4310b80da5","role":"admin","email":"maria.ceballos@davinci.edu.ar","username":"mceballos"}
[2025-02-12T23:25:23.759Z] INFO: Información del usuario adjuntada a la solicitud: {"id":"670fcd293f9c5f4310b80da5","role":"admin","email":"maria.ceballos@davinci.edu.ar","username":"mceballos"}
[2025-02-12T23:25:23.919Z] INFO: Información del usuario adjuntada a la solicitud: {"id":"670fcd293f9c5f4310b80da5","role":"admin","email":"maria.ceballos@davinci.edu.ar","username":"mceballos"}
[2025-02-12T23:25:24.079Z] INFO: Información del usuario adjuntada a la solicitud: {"id":"670fcd293f9c5f4310b80da5","role":"admin","email":"maria.ceballos@davinci.edu.ar","username":"mceballos"}
[2025-02-12T23:25:24.266Z] INFO: Información del usuario adjuntada a la solicitud: {"id":"670fcd293f9c5f4310b80da5","role":"admin","email":"maria.ceballos@davinci.edu.ar","username":"mceballos"}
[2025-02-12T23:25:24.902Z] INFO: Información del usuario adjuntada a la solicitud: {"id":"670fcd293f9c5f4310b80da5","role":"admin","email":"maria.ceballos@davinci.edu.ar","username":"mceballos"}
[2025-02-12T23:25:25.073Z] INFO: Información del usuario adjuntada a la solicitud: {"id":"670fcd293f9c5f4310b80da5","role":"admin","email":"maria.ceballos@davinci.edu.ar","username":"mceballos"}
[2025-02-12T23:25:25.108Z] INFO: Información del usuario adjuntada a la solicitud: {"id":"670fcd293f9c5f4310b80da5","role":"admin","email":"maria.ceballos@davinci.edu.ar","username":"mceballos"}
[2025-02-12T23:25:25.280Z] INFO: Información del usuario adjuntada a la solicitud: {"id":"670fcd293f9c5f4310b80da5","role":"admin","email":"maria.ceballos@davinci.edu.ar","username":"mceballos"}
[2025-02-12T23:25:25.452Z] INFO: Información del usuario adjuntada a la solicitud: {"id":"670fcd293f9c5f4310b80da5","role":"admin","email":"maria.ceballos@davinci.edu.ar","username":"mceballos"}
[2025-02-12T23:25:25.649Z] INFO: Información del usuario adjuntada a la solicitud: {"id":"670fcd293f9c5f4310b80da5","role":"admin","email":"maria.ceballos@davinci.edu.ar","username":"mceballos"}
[2025-02-12T23:25:25.813Z] INFO: Información del usuario adjuntada a la solicitud: {"id":"670fcd293f9c5f4310b80da5","role":"admin","email":"maria.ceballos@davinci.edu.ar","username":"mceballos"}
[2025-02-12T23:25:25.978Z] INFO: Información del usuario adjuntada a la solicitud: {"id":"670fcd293f9c5f4310b80da5","role":"admin","email":"maria.ceballos@davinci.edu.ar","username":"mceballos"}
[2025-02-12T23:25:26.156Z] INFO: Información del usuario adjuntada a la solicitud: {"id":"670fcd293f9c5f4310b80da5","role":"admin","email":"maria.ceballos@davinci.edu.ar","username":"mceballos"}
[2025-02-12T23:25:26.317Z] INFO: Información del usuario adjuntada a la solicitud: {"id":"670fcd293f9c5f4310b80da5","role":"admin","email":"maria.ceballos@davinci.edu.ar","username":"mceballos"}
[2025-02-12T23:25:26.511Z] INFO: Información del usuario adjuntada a la solicitud: {"id":"670fcd293f9c5f4310b80da5","role":"admin","email":"maria.ceballos@davinci.edu.ar","username":"mceballos"}
[2025-02-12T23:25:26.683Z] INFO: Información del usuario adjuntada a la solicitud: {"id":"670fcd293f9c5f4310b80da5","role":"admin","email":"maria.ceballos@davinci.edu.ar","username":"mceballos"}
[2025-02-12T23:25:26.871Z] INFO: Información del usuario adjuntada a la solicitud: {"id":"670fcd293f9c5f4310b80da5","role":"admin","email":"maria.ceballos@davinci.edu.ar","username":"mceballos"}
[2025-02-12T23:25:27.075Z] INFO: Información del usuario adjuntada a la solicitud: {"id":"670fcd293f9c5f4310b80da5","role":"admin","email":"maria.ceballos@davinci.edu.ar","username":"mceballos"}
[2025-02-12T23:25:27.238Z] INFO: Información del usuario adjuntada a la solicitud: {"id":"670fcd293f9c5f4310b80da5","role":"admin","email":"maria.ceballos@davinci.edu.ar","username":"mceballos"}
[2025-02-12T23:25:27.411Z] INFO: Información del usuario adjuntada a la solicitud: {"id":"670fcd293f9c5f4310b80da5","role":"admin","email":"maria.ceballos@davinci.edu.ar","username":"mceballos"}
[2025-02-12T23:25:27.582Z] INFO: Información del usuario adjuntada a la solicitud: {"id":"670fcd293f9c5f4310b80da5","role":"admin","email":"maria.ceballos@davinci.edu.ar","username":"mceballos"}
[2025-02-12T23:25:27.753Z] INFO: Información del usuario adjuntada a la solicitud: {"id":"670fcd293f9c5f4310b80da5","role":"admin","email":"maria.ceballos@davinci.edu.ar","username":"mceballos"}
[2025-02-12T23:25:29.882Z] INFO: Información del usuario adjuntada a la solicitud: {"id":"670fcd293f9c5f4310b80da5","role":"admin","email":"maria.ceballos@davinci.edu.ar","username":"mceballos"}
[2025-02-12T23:25:30.253Z] INFO: Información del usuario adjuntada a la solicitud: {"id":"670fcd293f9c5f4310b80da5","role":"admin","email":"maria.ceballos@davinci.edu.ar","username":"mceballos"}
[2025-02-12T23:25:32.905Z] INFO: Información del usuario adjuntada a la solicitud: {"id":"670fcd293f9c5f4310b80da5","role":"admin","email":"maria.ceballos@davinci.edu.ar","username":"mceballos"}
[2025-02-12T23:25:34.289Z] INFO: Información del usuario adjuntada a la solicitud: {"id":"670fcd293f9c5f4310b80da5","role":"admin","email":"maria.ceballos@davinci.edu.ar","username":"mceballos"}
[2025-02-12T23:25:34.289Z] INFO: Intento de acceso con rol: admin
[2025-02-12T23:25:35.300Z] INFO: Información del usuario adjuntada a la solicitud: {"id":"670fcd293f9c5f4310b80da5","role":"admin","email":"maria.ceballos@davinci.edu.ar","username":"mceballos"}
[2025-02-12T23:25:35.300Z] INFO: Intento de acceso con rol: admin
[2025-02-12T23:25:36.950Z] INFO: Información del usuario adjuntada a la solicitud: {"id":"670fcd293f9c5f4310b80da5","role":"admin","email":"maria.ceballos@davinci.edu.ar","username":"mceballos"}
[2025-02-12T23:25:38.158Z] INFO: Información del usuario adjuntada a la solicitud: {"id":"670fcd293f9c5f4310b80da5","role":"admin","email":"maria.ceballos@davinci.edu.ar","username":"mceballos"}
[2025-02-12T23:25:38.159Z] INFO: Intento de acceso con rol: admin
[2025-02-12T23:25:38.537Z] INFO: Información del usuario adjuntada a la solicitud: {"id":"670fcd293f9c5f4310b80da5","role":"admin","email":"maria.ceballos@davinci.edu.ar","username":"mceballos"}
[2025-02-12T23:25:38.537Z] INFO: Intento de acceso con rol: admin
[2025-02-12T23:25:38.663Z] INFO: Información del usuario adjuntada a la solicitud: {"id":"670fcd293f9c5f4310b80da5","role":"admin","email":"maria.ceballos@davinci.edu.ar","username":"mceballos"}
[2025-02-12T23:25:38.663Z] INFO: Intento de acceso con rol: admin
[2025-02-12T23:25:38.850Z] INFO: Información del usuario adjuntada a la solicitud: {"id":"670fcd293f9c5f4310b80da5","role":"admin","email":"maria.ceballos@davinci.edu.ar","username":"mceballos"}
[2025-02-12T23:25:38.850Z] INFO: Intento de acceso con rol: admin
[2025-02-12T23:25:38.856Z] INFO: Información del usuario adjuntada a la solicitud: {"id":"670fcd293f9c5f4310b80da5","role":"admin","email":"maria.ceballos@davinci.edu.ar","username":"mceballos"}
[2025-02-12T23:25:38.856Z] INFO: Intento de acceso con rol: admin
[2025-02-12T23:25:38.974Z] INFO: Información del usuario adjuntada a la solicitud: {"id":"670fcd293f9c5f4310b80da5","role":"admin","email":"maria.ceballos@davinci.edu.ar","username":"mceballos"}
[2025-02-12T23:25:38.974Z] INFO: Intento de acceso con rol: admin
[2025-02-12T23:25:45.139Z] INFO: Información del usuario adjuntada a la solicitud: {"id":"670fcd293f9c5f4310b80da5","role":"admin","email":"maria.ceballos@davinci.edu.ar","username":"mceballos"}
[2025-02-12T23:25:45.140Z] INFO: Intento de acceso con rol: admin
[2025-02-12T23:25:55.948Z] INFO: Información del usuario adjuntada a la solicitud: {"id":"670fcd293f9c5f4310b80da5","role":"admin","email":"maria.ceballos@davinci.edu.ar","username":"mceballos"}
[2025-02-12T23:25:56.178Z] ERROR: Error al obtener recetas: read ECONNRESET
[2025-02-12T23:26:14.553Z] INFO: Información del usuario adjuntada a la solicitud: {"id":"670fcd293f9c5f4310b80da5","role":"admin","email":"maria.ceballos@davinci.edu.ar","username":"mceballos"}
[2025-02-12T23:26:15.439Z] INFO: Información del usuario adjuntada a la solicitud: {"id":"670fcd293f9c5f4310b80da5","role":"admin","email":"maria.ceballos@davinci.edu.ar","username":"mceballos"}
[2025-02-12T23:26:20.142Z] INFO: Información del usuario adjuntada a la solicitud: {"id":"670fcd293f9c5f4310b80da5","role":"admin","email":"maria.ceballos@davinci.edu.ar","username":"mceballos"}
[2025-02-12T23:26:20.972Z] INFO: Información del usuario adjuntada a la solicitud: {"id":"670fcd293f9c5f4310b80da5","role":"admin","email":"maria.ceballos@davinci.edu.ar","username":"mceballos"}
[2025-02-12T23:26:20.975Z] INFO: Información del usuario adjuntada a la solicitud: {"id":"670fcd293f9c5f4310b80da5","role":"admin","email":"maria.ceballos@davinci.edu.ar","username":"mceballos"}
[2025-02-12T23:26:21.350Z] INFO: Información del usuario adjuntada a la solicitud: {"id":"670fcd293f9c5f4310b80da5","role":"admin","email":"maria.ceballos@davinci.edu.ar","username":"mceballos"}
[2025-02-12T23:26:22.036Z] INFO: Información del usuario adjuntada a la solicitud: {"id":"670fcd293f9c5f4310b80da5","role":"admin","email":"maria.ceballos@davinci.edu.ar","username":"mceballos"}
[2025-02-12T23:26:22.047Z] INFO: Información del usuario adjuntada a la solicitud: {"id":"670fcd293f9c5f4310b80da5","role":"admin","email":"maria.ceballos@davinci.edu.ar","username":"mceballos"}
[2025-02-12T23:26:25.464Z] INFO: Información del usuario adjuntada a la solicitud: {"id":"670fcd293f9c5f4310b80da5","role":"admin","email":"maria.ceballos@davinci.edu.ar","username":"mceballos"}
[2025-02-12T23:26:25.591Z] INFO: Información del usuario adjuntada a la solicitud: {"id":"670fcd293f9c5f4310b80da5","role":"admin","email":"maria.ceballos@davinci.edu.ar","username":"mceballos"}
[2025-02-12T23:26:25.592Z] INFO: Información del usuario adjuntada a la solicitud: {"id":"670fcd293f9c5f4310b80da5","role":"admin","email":"maria.ceballos@davinci.edu.ar","username":"mceballos"}
[2025-02-12T23:26:25.921Z] INFO: Información del usuario adjuntada a la solicitud: {"id":"670fcd293f9c5f4310b80da5","role":"admin","email":"maria.ceballos@davinci.edu.ar","username":"mceballos"}
[2025-02-12T23:26:25.957Z] INFO: Información del usuario adjuntada a la solicitud: {"id":"670fcd293f9c5f4310b80da5","role":"admin","email":"maria.ceballos@davinci.edu.ar","username":"mceballos"}
[2025-02-12T23:26:26.000Z] INFO: Información del usuario adjuntada a la solicitud: {"id":"670fcd293f9c5f4310b80da5","role":"admin","email":"maria.ceballos@davinci.edu.ar","username":"mceballos"}
[2025-02-12T23:26:26.094Z] INFO: Información del usuario adjuntada a la solicitud: {"id":"670fcd293f9c5f4310b80da5","role":"admin","email":"maria.ceballos@davinci.edu.ar","username":"mceballos"}
[2025-02-12T23:26:26.125Z] INFO: Información del usuario adjuntada a la solicitud: {"id":"670fcd293f9c5f4310b80da5","role":"admin","email":"maria.ceballos@davinci.edu.ar","username":"mceballos"}
[2025-02-12T23:26:26.129Z] INFO: Información del usuario adjuntada a la solicitud: {"id":"670fcd293f9c5f4310b80da5","role":"admin","email":"maria.ceballos@davinci.edu.ar","username":"mceballos"}
[2025-02-12T23:26:26.178Z] INFO: Información del usuario adjuntada a la solicitud: {"id":"670fcd293f9c5f4310b80da5","role":"admin","email":"maria.ceballos@davinci.edu.ar","username":"mceballos"}
[2025-02-12T23:26:26.190Z] INFO: Información del usuario adjuntada a la solicitud: {"id":"670fcd293f9c5f4310b80da5","role":"admin","email":"maria.ceballos@davinci.edu.ar","username":"mceballos"}
[2025-02-12T23:26:26.276Z] INFO: Información del usuario adjuntada a la solicitud: {"id":"670fcd293f9c5f4310b80da5","role":"admin","email":"maria.ceballos@davinci.edu.ar","username":"mceballos"}
[2025-02-12T23:26:26.395Z] INFO: Información del usuario adjuntada a la solicitud: {"id":"670fcd293f9c5f4310b80da5","role":"admin","email":"maria.ceballos@davinci.edu.ar","username":"mceballos"}
[2025-02-12T23:26:26.590Z] INFO: Información del usuario adjuntada a la solicitud: {"id":"670fcd293f9c5f4310b80da5","role":"admin","email":"maria.ceballos@davinci.edu.ar","username":"mceballos"}
[2025-02-12T23:26:26.768Z] INFO: Información del usuario adjuntada a la solicitud: {"id":"670fcd293f9c5f4310b80da5","role":"admin","email":"maria.ceballos@davinci.edu.ar","username":"mceballos"}
[2025-02-12T23:26:26.950Z] INFO: Información del usuario adjuntada a la solicitud: {"id":"670fcd293f9c5f4310b80da5","role":"admin","email":"maria.ceballos@davinci.edu.ar","username":"mceballos"}
[2025-02-12T23:26:27.141Z] INFO: Información del usuario adjuntada a la solicitud: {"id":"670fcd293f9c5f4310b80da5","role":"admin","email":"maria.ceballos@davinci.edu.ar","username":"mceballos"}
[2025-02-12T23:26:27.179Z] INFO: Información del usuario adjuntada a la solicitud: {"id":"670fcd293f9c5f4310b80da5","role":"admin","email":"maria.ceballos@davinci.edu.ar","username":"mceballos"}
[2025-02-12T23:26:27.352Z] INFO: Información del usuario adjuntada a la solicitud: {"id":"670fcd293f9c5f4310b80da5","role":"admin","email":"maria.ceballos@davinci.edu.ar","username":"mceballos"}
[2025-02-12T23:26:27.519Z] INFO: Información del usuario adjuntada a la solicitud: {"id":"670fcd293f9c5f4310b80da5","role":"admin","email":"maria.ceballos@davinci.edu.ar","username":"mceballos"}
[2025-02-12T23:26:27.696Z] INFO: Información del usuario adjuntada a la solicitud: {"id":"670fcd293f9c5f4310b80da5","role":"admin","email":"maria.ceballos@davinci.edu.ar","username":"mceballos"}
[2025-02-12T23:26:27.869Z] INFO: Información del usuario adjuntada a la solicitud: {"id":"670fcd293f9c5f4310b80da5","role":"admin","email":"maria.ceballos@davinci.edu.ar","username":"mceballos"}
[2025-02-12T23:26:28.032Z] INFO: Información del usuario adjuntada a la solicitud: {"id":"670fcd293f9c5f4310b80da5","role":"admin","email":"maria.ceballos@davinci.edu.ar","username":"mceballos"}
[2025-02-12T23:26:28.204Z] INFO: Información del usuario adjuntada a la solicitud: {"id":"670fcd293f9c5f4310b80da5","role":"admin","email":"maria.ceballos@davinci.edu.ar","username":"mceballos"}
[2025-02-12T23:26:28.390Z] INFO: Información del usuario adjuntada a la solicitud: {"id":"670fcd293f9c5f4310b80da5","role":"admin","email":"maria.ceballos@davinci.edu.ar","username":"mceballos"}
[2025-02-12T23:26:28.551Z] INFO: Información del usuario adjuntada a la solicitud: {"id":"670fcd293f9c5f4310b80da5","role":"admin","email":"maria.ceballos@davinci.edu.ar","username":"mceballos"}
[2025-02-12T23:26:28.727Z] INFO: Información del usuario adjuntada a la solicitud: {"id":"670fcd293f9c5f4310b80da5","role":"admin","email":"maria.ceballos@davinci.edu.ar","username":"mceballos"}
[2025-02-12T23:26:28.897Z] INFO: Información del usuario adjuntada a la solicitud: {"id":"670fcd293f9c5f4310b80da5","role":"admin","email":"maria.ceballos@davinci.edu.ar","username":"mceballos"}
[2025-02-12T23:26:29.057Z] INFO: Información del usuario adjuntada a la solicitud: {"id":"670fcd293f9c5f4310b80da5","role":"admin","email":"maria.ceballos@davinci.edu.ar","username":"mceballos"}
[2025-02-12T23:26:29.250Z] INFO: Información del usuario adjuntada a la solicitud: {"id":"670fcd293f9c5f4310b80da5","role":"admin","email":"maria.ceballos@davinci.edu.ar","username":"mceballos"}
[2025-02-12T23:26:29.402Z] INFO: Información del usuario adjuntada a la solicitud: {"id":"670fcd293f9c5f4310b80da5","role":"admin","email":"maria.ceballos@davinci.edu.ar","username":"mceballos"}
[2025-02-12T23:26:29.681Z] INFO: Información del usuario adjuntada a la solicitud: {"id":"670fcd293f9c5f4310b80da5","role":"admin","email":"maria.ceballos@davinci.edu.ar","username":"mceballos"}
[2025-02-12T23:26:29.894Z] INFO: Información del usuario adjuntada a la solicitud: {"id":"670fcd293f9c5f4310b80da5","role":"admin","email":"maria.ceballos@davinci.edu.ar","username":"mceballos"}
[2025-02-12T23:26:37.052Z] INFO: Información del usuario adjuntada a la solicitud: {"id":"670fcd293f9c5f4310b80da5","role":"admin","email":"maria.ceballos@davinci.edu.ar","username":"mceballos"}
[2025-02-12T23:26:37.053Z] INFO: Información del usuario adjuntada a la solicitud: {"id":"670fcd293f9c5f4310b80da5","role":"admin","email":"maria.ceballos@davinci.edu.ar","username":"mceballos"}
[2025-02-12T23:27:35.962Z] INFO: Usuario encontrado: mceballos
[2025-02-12T23:27:36.016Z] INFO: Token generado para usuario: mceballos
[2025-02-12T23:27:36.094Z] INFO: Información del usuario adjuntada a la solicitud: {"id":"670fcd293f9c5f4310b80da5","role":"admin","email":"maria.ceballos@davinci.edu.ar","username":"mceballos"}
[2025-02-12T23:27:36.212Z] INFO: Información del usuario adjuntada a la solicitud: {"id":"670fcd293f9c5f4310b80da5","role":"admin","email":"maria.ceballos@davinci.edu.ar","username":"mceballos"}
[2025-02-12T23:27:38.100Z] INFO: Información del usuario adjuntada a la solicitud: {"id":"670fcd293f9c5f4310b80da5","role":"admin","email":"maria.ceballos@davinci.edu.ar","username":"mceballos"}
[2025-02-12T23:27:38.268Z] INFO: Información del usuario adjuntada a la solicitud: {"id":"670fcd293f9c5f4310b80da5","role":"admin","email":"maria.ceballos@davinci.edu.ar","username":"mceballos"}
[2025-02-12T23:27:38.303Z] INFO: Información del usuario adjuntada a la solicitud: {"id":"670fcd293f9c5f4310b80da5","role":"admin","email":"maria.ceballos@davinci.edu.ar","username":"mceballos"}
[2025-02-12T23:27:38.552Z] INFO: Información del usuario adjuntada a la solicitud: {"id":"670fcd293f9c5f4310b80da5","role":"admin","email":"maria.ceballos@davinci.edu.ar","username":"mceballos"}
[2025-02-12T23:27:38.719Z] INFO: Información del usuario adjuntada a la solicitud: {"id":"670fcd293f9c5f4310b80da5","role":"admin","email":"maria.ceballos@davinci.edu.ar","username":"mceballos"}
[2025-02-12T23:27:38.908Z] INFO: Información del usuario adjuntada a la solicitud: {"id":"670fcd293f9c5f4310b80da5","role":"admin","email":"maria.ceballos@davinci.edu.ar","username":"mceballos"}
[2025-02-12T23:27:39.091Z] INFO: Información del usuario adjuntada a la solicitud: {"id":"670fcd293f9c5f4310b80da5","role":"admin","email":"maria.ceballos@davinci.edu.ar","username":"mceballos"}
[2025-02-12T23:27:39.288Z] INFO: Información del usuario adjuntada a la solicitud: {"id":"670fcd293f9c5f4310b80da5","role":"admin","email":"maria.ceballos@davinci.edu.ar","username":"mceballos"}
[2025-02-12T23:27:39.462Z] INFO: Información del usuario adjuntada a la solicitud: {"id":"670fcd293f9c5f4310b80da5","role":"admin","email":"maria.ceballos@davinci.edu.ar","username":"mceballos"}
[2025-02-12T23:27:39.641Z] INFO: Información del usuario adjuntada a la solicitud: {"id":"670fcd293f9c5f4310b80da5","role":"admin","email":"maria.ceballos@davinci.edu.ar","username":"mceballos"}
[2025-02-12T23:27:40.352Z] INFO: Información del usuario adjuntada a la solicitud: {"id":"670fcd293f9c5f4310b80da5","role":"admin","email":"maria.ceballos@davinci.edu.ar","username":"mceballos"}
[2025-02-12T23:27:40.525Z] INFO: Información del usuario adjuntada a la solicitud: {"id":"670fcd293f9c5f4310b80da5","role":"admin","email":"maria.ceballos@davinci.edu.ar","username":"mceballos"}
[2025-02-12T23:27:40.680Z] INFO: Información del usuario adjuntada a la solicitud: {"id":"670fcd293f9c5f4310b80da5","role":"admin","email":"maria.ceballos@davinci.edu.ar","username":"mceballos"}
[2025-02-12T23:27:40.891Z] INFO: Información del usuario adjuntada a la solicitud: {"id":"670fcd293f9c5f4310b80da5","role":"admin","email":"maria.ceballos@davinci.edu.ar","username":"mceballos"}
[2025-02-12T23:27:40.929Z] INFO: Información del usuario adjuntada a la solicitud: {"id":"670fcd293f9c5f4310b80da5","role":"admin","email":"maria.ceballos@davinci.edu.ar","username":"mceballos"}
[2025-02-12T23:27:41.049Z] INFO: Información del usuario adjuntada a la solicitud: {"id":"670fcd293f9c5f4310b80da5","role":"admin","email":"maria.ceballos@davinci.edu.ar","username":"mceballos"}
[2025-02-12T23:27:41.112Z] INFO: Información del usuario adjuntada a la solicitud: {"id":"670fcd293f9c5f4310b80da5","role":"admin","email":"maria.ceballos@davinci.edu.ar","username":"mceballos"}
[2025-02-12T23:27:41.392Z] INFO: Información del usuario adjuntada a la solicitud: {"id":"670fcd293f9c5f4310b80da5","role":"admin","email":"maria.ceballos@davinci.edu.ar","username":"mceballos"}
[2025-02-12T23:27:41.593Z] INFO: Información del usuario adjuntada a la solicitud: {"id":"670fcd293f9c5f4310b80da5","role":"admin","email":"maria.ceballos@davinci.edu.ar","username":"mceballos"}
[2025-02-12T23:27:41.753Z] INFO: Información del usuario adjuntada a la solicitud: {"id":"670fcd293f9c5f4310b80da5","role":"admin","email":"maria.ceballos@davinci.edu.ar","username":"mceballos"}
[2025-02-12T23:27:41.951Z] INFO: Información del usuario adjuntada a la solicitud: {"id":"670fcd293f9c5f4310b80da5","role":"admin","email":"maria.ceballos@davinci.edu.ar","username":"mceballos"}
[2025-02-12T23:27:42.113Z] INFO: Información del usuario adjuntada a la solicitud: {"id":"670fcd293f9c5f4310b80da5","role":"admin","email":"maria.ceballos@davinci.edu.ar","username":"mceballos"}
[2025-02-12T23:27:42.273Z] INFO: Información del usuario adjuntada a la solicitud: {"id":"670fcd293f9c5f4310b80da5","role":"admin","email":"maria.ceballos@davinci.edu.ar","username":"mceballos"}
[2025-02-12T23:27:42.450Z] INFO: Información del usuario adjuntada a la solicitud: {"id":"670fcd293f9c5f4310b80da5","role":"admin","email":"maria.ceballos@davinci.edu.ar","username":"mceballos"}
[2025-02-12T23:27:42.558Z] INFO: Información del usuario adjuntada a la solicitud: {"id":"670fcd293f9c5f4310b80da5","role":"admin","email":"maria.ceballos@davinci.edu.ar","username":"mceballos"}
[2025-02-12T23:27:42.563Z] INFO: Información del usuario adjuntada a la solicitud: {"id":"670fcd293f9c5f4310b80da5","role":"admin","email":"maria.ceballos@davinci.edu.ar","username":"mceballos"}
[2025-02-12T23:27:42.619Z] INFO: Información del usuario adjuntada a la solicitud: {"id":"670fcd293f9c5f4310b80da5","role":"admin","email":"maria.ceballos@davinci.edu.ar","username":"mceballos"}
[2025-02-12T23:27:42.815Z] INFO: Información del usuario adjuntada a la solicitud: {"id":"670fcd293f9c5f4310b80da5","role":"admin","email":"maria.ceballos@davinci.edu.ar","username":"mceballos"}
[2025-02-12T23:27:42.980Z] INFO: Información del usuario adjuntada a la solicitud: {"id":"670fcd293f9c5f4310b80da5","role":"admin","email":"maria.ceballos@davinci.edu.ar","username":"mceballos"}
[2025-02-12T23:27:43.171Z] INFO: Información del usuario adjuntada a la solicitud: {"id":"670fcd293f9c5f4310b80da5","role":"admin","email":"maria.ceballos@davinci.edu.ar","username":"mceballos"}
[2025-02-12T23:27:43.753Z] INFO: Información del usuario adjuntada a la solicitud: {"id":"670fcd293f9c5f4310b80da5","role":"admin","email":"maria.ceballos@davinci.edu.ar","username":"mceballos"}
[2025-02-12T23:27:45.132Z] INFO: Información del usuario adjuntada a la solicitud: {"id":"670fcd293f9c5f4310b80da5","role":"admin","email":"maria.ceballos@davinci.edu.ar","username":"mceballos"}
[2025-02-12T23:27:45.320Z] INFO: Información del usuario adjuntada a la solicitud: {"id":"670fcd293f9c5f4310b80da5","role":"admin","email":"maria.ceballos@davinci.edu.ar","username":"mceballos"}
[2025-02-12T23:27:45.344Z] INFO: Información del usuario adjuntada a la solicitud: {"id":"670fcd293f9c5f4310b80da5","role":"admin","email":"maria.ceballos@davinci.edu.ar","username":"mceballos"}
[2025-02-12T23:27:45.583Z] INFO: Información del usuario adjuntada a la solicitud: {"id":"670fcd293f9c5f4310b80da5","role":"admin","email":"maria.ceballos@davinci.edu.ar","username":"mceballos"}
[2025-02-12T23:27:45.763Z] INFO: Información del usuario adjuntada a la solicitud: {"id":"670fcd293f9c5f4310b80da5","role":"admin","email":"maria.ceballos@davinci.edu.ar","username":"mceballos"}
[2025-02-12T23:27:45.926Z] INFO: Información del usuario adjuntada a la solicitud: {"id":"670fcd293f9c5f4310b80da5","role":"admin","email":"maria.ceballos@davinci.edu.ar","username":"mceballos"}
[2025-02-12T23:27:46.090Z] INFO: Información del usuario adjuntada a la solicitud: {"id":"670fcd293f9c5f4310b80da5","role":"admin","email":"maria.ceballos@davinci.edu.ar","username":"mceballos"}
[2025-02-12T23:27:46.256Z] INFO: Información del usuario adjuntada a la solicitud: {"id":"670fcd293f9c5f4310b80da5","role":"admin","email":"maria.ceballos@davinci.edu.ar","username":"mceballos"}
[2025-02-12T23:27:46.442Z] INFO: Información del usuario adjuntada a la solicitud: {"id":"670fcd293f9c5f4310b80da5","role":"admin","email":"maria.ceballos@davinci.edu.ar","username":"mceballos"}
[2025-02-12T23:27:46.621Z] INFO: Información del usuario adjuntada a la solicitud: {"id":"670fcd293f9c5f4310b80da5","role":"admin","email":"maria.ceballos@davinci.edu.ar","username":"mceballos"}
[2025-02-12T23:27:46.790Z] INFO: Información del usuario adjuntada a la solicitud: {"id":"670fcd293f9c5f4310b80da5","role":"admin","email":"maria.ceballos@davinci.edu.ar","username":"mceballos"}
[2025-02-12T23:27:46.970Z] INFO: Información del usuario adjuntada a la solicitud: {"id":"670fcd293f9c5f4310b80da5","role":"admin","email":"maria.ceballos@davinci.edu.ar","username":"mceballos"}
[2025-02-12T23:27:47.159Z] INFO: Información del usuario adjuntada a la solicitud: {"id":"670fcd293f9c5f4310b80da5","role":"admin","email":"maria.ceballos@davinci.edu.ar","username":"mceballos"}
[2025-02-12T23:27:47.322Z] INFO: Información del usuario adjuntada a la solicitud: {"id":"670fcd293f9c5f4310b80da5","role":"admin","email":"maria.ceballos@davinci.edu.ar","username":"mceballos"}
[2025-02-12T23:27:47.490Z] INFO: Información del usuario adjuntada a la solicitud: {"id":"670fcd293f9c5f4310b80da5","role":"admin","email":"maria.ceballos@davinci.edu.ar","username":"mceballos"}
[2025-02-12T23:27:47.672Z] INFO: Información del usuario adjuntada a la solicitud: {"id":"670fcd293f9c5f4310b80da5","role":"admin","email":"maria.ceballos@davinci.edu.ar","username":"mceballos"}
[2025-02-12T23:27:47.834Z] INFO: Información del usuario adjuntada a la solicitud: {"id":"670fcd293f9c5f4310b80da5","role":"admin","email":"maria.ceballos@davinci.edu.ar","username":"mceballos"}
[2025-02-12T23:27:48.001Z] INFO: Información del usuario adjuntada a la solicitud: {"id":"670fcd293f9c5f4310b80da5","role":"admin","email":"maria.ceballos@davinci.edu.ar","username":"mceballos"}
[2025-02-12T23:30:13.671Z] INFO: Información del usuario adjuntada a la solicitud: {"id":"670fcd293f9c5f4310b80da5","role":"admin","email":"maria.ceballos@davinci.edu.ar","username":"mceballos"}
[2025-02-12T23:30:13.858Z] INFO: Información del usuario adjuntada a la solicitud: {"id":"670fcd293f9c5f4310b80da5","role":"admin","email":"maria.ceballos@davinci.edu.ar","username":"mceballos"}
[2025-02-12T23:30:13.902Z] INFO: Información del usuario adjuntada a la solicitud: {"id":"670fcd293f9c5f4310b80da5","role":"admin","email":"maria.ceballos@davinci.edu.ar","username":"mceballos"}
[2025-02-12T23:30:14.076Z] INFO: Información del usuario adjuntada a la solicitud: {"id":"670fcd293f9c5f4310b80da5","role":"admin","email":"maria.ceballos@davinci.edu.ar","username":"mceballos"}
[2025-02-12T23:30:14.260Z] INFO: Información del usuario adjuntada a la solicitud: {"id":"670fcd293f9c5f4310b80da5","role":"admin","email":"maria.ceballos@davinci.edu.ar","username":"mceballos"}
[2025-02-12T23:30:14.420Z] INFO: Información del usuario adjuntada a la solicitud: {"id":"670fcd293f9c5f4310b80da5","role":"admin","email":"maria.ceballos@davinci.edu.ar","username":"mceballos"}
[2025-02-12T23:30:14.587Z] INFO: Información del usuario adjuntada a la solicitud: {"id":"670fcd293f9c5f4310b80da5","role":"admin","email":"maria.ceballos@davinci.edu.ar","username":"mceballos"}
[2025-02-12T23:30:14.795Z] INFO: Información del usuario adjuntada a la solicitud: {"id":"670fcd293f9c5f4310b80da5","role":"admin","email":"maria.ceballos@davinci.edu.ar","username":"mceballos"}
[2025-02-12T23:30:15.002Z] INFO: Información del usuario adjuntada a la solicitud: {"id":"670fcd293f9c5f4310b80da5","role":"admin","email":"maria.ceballos@davinci.edu.ar","username":"mceballos"}
[2025-02-12T23:30:15.191Z] INFO: Información del usuario adjuntada a la solicitud: {"id":"670fcd293f9c5f4310b80da5","role":"admin","email":"maria.ceballos@davinci.edu.ar","username":"mceballos"}
[2025-02-12T23:30:15.354Z] INFO: Información del usuario adjuntada a la solicitud: {"id":"670fcd293f9c5f4310b80da5","role":"admin","email":"maria.ceballos@davinci.edu.ar","username":"mceballos"}
[2025-02-12T23:30:15.570Z] INFO: Información del usuario adjuntada a la solicitud: {"id":"670fcd293f9c5f4310b80da5","role":"admin","email":"maria.ceballos@davinci.edu.ar","username":"mceballos"}
[2025-02-12T23:30:15.753Z] INFO: Información del usuario adjuntada a la solicitud: {"id":"670fcd293f9c5f4310b80da5","role":"admin","email":"maria.ceballos@davinci.edu.ar","username":"mceballos"}
[2025-02-12T23:30:15.934Z] INFO: Información del usuario adjuntada a la solicitud: {"id":"670fcd293f9c5f4310b80da5","role":"admin","email":"maria.ceballos@davinci.edu.ar","username":"mceballos"}
[2025-02-12T23:30:16.127Z] INFO: Información del usuario adjuntada a la solicitud: {"id":"670fcd293f9c5f4310b80da5","role":"admin","email":"maria.ceballos@davinci.edu.ar","username":"mceballos"}
[2025-02-12T23:30:16.287Z] INFO: Información del usuario adjuntada a la solicitud: {"id":"670fcd293f9c5f4310b80da5","role":"admin","email":"maria.ceballos@davinci.edu.ar","username":"mceballos"}
[2025-02-12T23:30:16.455Z] INFO: Información del usuario adjuntada a la solicitud: {"id":"670fcd293f9c5f4310b80da5","role":"admin","email":"maria.ceballos@davinci.edu.ar","username":"mceballos"}
[2025-02-12T23:30:16.659Z] INFO: Información del usuario adjuntada a la solicitud: {"id":"670fcd293f9c5f4310b80da5","role":"admin","email":"maria.ceballos@davinci.edu.ar","username":"mceballos"}
[2025-02-12T23:31:10.684Z] INFO: Información del usuario adjuntada a la solicitud: {"id":"670fcd293f9c5f4310b80da5","role":"admin","email":"maria.ceballos@davinci.edu.ar","username":"mceballos"}
[2025-02-12T23:31:10.684Z] INFO: Intento de acceso con rol: admin
[2025-02-12T23:31:52.133Z] ERROR: Error al verificar el token: jwt expired
[2025-02-12T23:32:24.307Z] INFO: Usuario encontrado: mceballos
[2025-02-12T23:32:24.362Z] INFO: Token generado para usuario: mceballos
[2025-02-12T23:32:24.436Z] INFO: Información del usuario adjuntada a la solicitud: {"id":"670fcd293f9c5f4310b80da5","role":"admin","email":"maria.ceballos@davinci.edu.ar","username":"mceballos"}
[2025-02-12T23:32:24.551Z] INFO: Información del usuario adjuntada a la solicitud: {"id":"670fcd293f9c5f4310b80da5","role":"admin","email":"maria.ceballos@davinci.edu.ar","username":"mceballos"}
[2025-02-12T23:32:26.458Z] INFO: Información del usuario adjuntada a la solicitud: {"id":"670fcd293f9c5f4310b80da5","role":"admin","email":"maria.ceballos@davinci.edu.ar","username":"mceballos"}
[2025-02-12T23:32:26.622Z] INFO: Información del usuario adjuntada a la solicitud: {"id":"670fcd293f9c5f4310b80da5","role":"admin","email":"maria.ceballos@davinci.edu.ar","username":"mceballos"}
[2025-02-12T23:32:26.712Z] INFO: Información del usuario adjuntada a la solicitud: {"id":"670fcd293f9c5f4310b80da5","role":"admin","email":"maria.ceballos@davinci.edu.ar","username":"mceballos"}
[2025-02-12T23:32:26.894Z] INFO: Información del usuario adjuntada a la solicitud: {"id":"670fcd293f9c5f4310b80da5","role":"admin","email":"maria.ceballos@davinci.edu.ar","username":"mceballos"}
[2025-02-12T23:32:27.031Z] INFO: Información del usuario adjuntada a la solicitud: {"id":"670fcd293f9c5f4310b80da5","role":"admin","email":"maria.ceballos@davinci.edu.ar","username":"mceballos"}
[2025-02-12T23:32:27.083Z] INFO: Información del usuario adjuntada a la solicitud: {"id":"670fcd293f9c5f4310b80da5","role":"admin","email":"maria.ceballos@davinci.edu.ar","username":"mceballos"}
[2025-02-12T23:32:27.200Z] INFO: Información del usuario adjuntada a la solicitud: {"id":"670fcd293f9c5f4310b80da5","role":"admin","email":"maria.ceballos@davinci.edu.ar","username":"mceballos"}
[2025-02-12T23:32:27.368Z] INFO: Información del usuario adjuntada a la solicitud: {"id":"670fcd293f9c5f4310b80da5","role":"admin","email":"maria.ceballos@davinci.edu.ar","username":"mceballos"}
[2025-02-12T23:32:27.541Z] INFO: Información del usuario adjuntada a la solicitud: {"id":"670fcd293f9c5f4310b80da5","role":"admin","email":"maria.ceballos@davinci.edu.ar","username":"mceballos"}
[2025-02-12T23:32:27.720Z] INFO: Información del usuario adjuntada a la solicitud: {"id":"670fcd293f9c5f4310b80da5","role":"admin","email":"maria.ceballos@davinci.edu.ar","username":"mceballos"}
[2025-02-12T23:32:27.936Z] INFO: Información del usuario adjuntada a la solicitud: {"id":"670fcd293f9c5f4310b80da5","role":"admin","email":"maria.ceballos@davinci.edu.ar","username":"mceballos"}
[2025-02-12T23:32:28.141Z] INFO: Información del usuario adjuntada a la solicitud: {"id":"670fcd293f9c5f4310b80da5","role":"admin","email":"maria.ceballos@davinci.edu.ar","username":"mceballos"}
[2025-02-12T23:32:28.312Z] INFO: Información del usuario adjuntada a la solicitud: {"id":"670fcd293f9c5f4310b80da5","role":"admin","email":"maria.ceballos@davinci.edu.ar","username":"mceballos"}
[2025-02-12T23:32:28.471Z] INFO: Información del usuario adjuntada a la solicitud: {"id":"670fcd293f9c5f4310b80da5","role":"admin","email":"maria.ceballos@davinci.edu.ar","username":"mceballos"}
[2025-02-12T23:32:28.636Z] INFO: Información del usuario adjuntada a la solicitud: {"id":"670fcd293f9c5f4310b80da5","role":"admin","email":"maria.ceballos@davinci.edu.ar","username":"mceballos"}
[2025-02-12T23:32:28.812Z] INFO: Información del usuario adjuntada a la solicitud: {"id":"670fcd293f9c5f4310b80da5","role":"admin","email":"maria.ceballos@davinci.edu.ar","username":"mceballos"}
[2025-02-12T23:32:28.975Z] INFO: Información del usuario adjuntada a la solicitud: {"id":"670fcd293f9c5f4310b80da5","role":"admin","email":"maria.ceballos@davinci.edu.ar","username":"mceballos"}
[2025-02-12T23:32:29.157Z] INFO: Información del usuario adjuntada a la solicitud: {"id":"670fcd293f9c5f4310b80da5","role":"admin","email":"maria.ceballos@davinci.edu.ar","username":"mceballos"}
[2025-02-12T23:32:29.319Z] INFO: Información del usuario adjuntada a la solicitud: {"id":"670fcd293f9c5f4310b80da5","role":"admin","email":"maria.ceballos@davinci.edu.ar","username":"mceballos"}
[2025-02-12T23:32:29.535Z] INFO: Información del usuario adjuntada a la solicitud: {"id":"670fcd293f9c5f4310b80da5","role":"admin","email":"maria.ceballos@davinci.edu.ar","username":"mceballos"}
[2025-02-12T23:32:29.769Z] INFO: Información del usuario adjuntada a la solicitud: {"id":"670fcd293f9c5f4310b80da5","role":"admin","email":"maria.ceballos@davinci.edu.ar","username":"mceballos"}
[2025-02-12T23:32:29.959Z] INFO: Información del usuario adjuntada a la solicitud: {"id":"670fcd293f9c5f4310b80da5","role":"admin","email":"maria.ceballos@davinci.edu.ar","username":"mceballos"}
[2025-02-12T23:32:30.146Z] INFO: Información del usuario adjuntada a la solicitud: {"id":"670fcd293f9c5f4310b80da5","role":"admin","email":"maria.ceballos@davinci.edu.ar","username":"mceballos"}
[2025-02-12T23:32:30.392Z] INFO: Información del usuario adjuntada a la solicitud: {"id":"670fcd293f9c5f4310b80da5","role":"admin","email":"maria.ceballos@davinci.edu.ar","username":"mceballos"}
[2025-02-12T23:32:30.562Z] INFO: Información del usuario adjuntada a la solicitud: {"id":"670fcd293f9c5f4310b80da5","role":"admin","email":"maria.ceballos@davinci.edu.ar","username":"mceballos"}
[2025-02-12T23:32:30.730Z] INFO: Información del usuario adjuntada a la solicitud: {"id":"670fcd293f9c5f4310b80da5","role":"admin","email":"maria.ceballos@davinci.edu.ar","username":"mceballos"}
[2025-02-12T23:32:30.911Z] INFO: Información del usuario adjuntada a la solicitud: {"id":"670fcd293f9c5f4310b80da5","role":"admin","email":"maria.ceballos@davinci.edu.ar","username":"mceballos"}
[2025-02-12T23:32:31.073Z] INFO: Información del usuario adjuntada a la solicitud: {"id":"670fcd293f9c5f4310b80da5","role":"admin","email":"maria.ceballos@davinci.edu.ar","username":"mceballos"}
[2025-02-12T23:32:31.244Z] INFO: Información del usuario adjuntada a la solicitud: {"id":"670fcd293f9c5f4310b80da5","role":"admin","email":"maria.ceballos@davinci.edu.ar","username":"mceballos"}
[2025-02-12T23:32:31.424Z] INFO: Información del usuario adjuntada a la solicitud: {"id":"670fcd293f9c5f4310b80da5","role":"admin","email":"maria.ceballos@davinci.edu.ar","username":"mceballos"}
[2025-02-12T23:32:31.595Z] INFO: Información del usuario adjuntada a la solicitud: {"id":"670fcd293f9c5f4310b80da5","role":"admin","email":"maria.ceballos@davinci.edu.ar","username":"mceballos"}
[2025-02-12T23:32:31.788Z] INFO: Información del usuario adjuntada a la solicitud: {"id":"670fcd293f9c5f4310b80da5","role":"admin","email":"maria.ceballos@davinci.edu.ar","username":"mceballos"}
[2025-02-12T23:32:31.947Z] INFO: Información del usuario adjuntada a la solicitud: {"id":"670fcd293f9c5f4310b80da5","role":"admin","email":"maria.ceballos@davinci.edu.ar","username":"mceballos"}
[2025-02-12T23:32:32.120Z] INFO: Información del usuario adjuntada a la solicitud: {"id":"670fcd293f9c5f4310b80da5","role":"admin","email":"maria.ceballos@davinci.edu.ar","username":"mceballos"}
[2025-02-12T23:32:32.286Z] INFO: Información del usuario adjuntada a la solicitud: {"id":"670fcd293f9c5f4310b80da5","role":"admin","email":"maria.ceballos@davinci.edu.ar","username":"mceballos"}
[2025-02-12T23:32:32.442Z] INFO: Información del usuario adjuntada a la solicitud: {"id":"670fcd293f9c5f4310b80da5","role":"admin","email":"maria.ceballos@davinci.edu.ar","username":"mceballos"}
[2025-02-12T23:32:37.844Z] INFO: Información del usuario adjuntada a la solicitud: {"id":"670fcd293f9c5f4310b80da5","role":"admin","email":"maria.ceballos@davinci.edu.ar","username":"mceballos"}
[2025-02-12T23:32:38.008Z] INFO: Información del usuario adjuntada a la solicitud: {"id":"670fcd293f9c5f4310b80da5","role":"admin","email":"maria.ceballos@davinci.edu.ar","username":"mceballos"}
[2025-02-12T23:32:38.055Z] INFO: Información del usuario adjuntada a la solicitud: {"id":"670fcd293f9c5f4310b80da5","role":"admin","email":"maria.ceballos@davinci.edu.ar","username":"mceballos"}
[2025-02-12T23:32:38.311Z] INFO: Información del usuario adjuntada a la solicitud: {"id":"670fcd293f9c5f4310b80da5","role":"admin","email":"maria.ceballos@davinci.edu.ar","username":"mceballos"}
[2025-02-12T23:32:38.317Z] INFO: Información del usuario adjuntada a la solicitud: {"id":"670fcd293f9c5f4310b80da5","role":"admin","email":"maria.ceballos@davinci.edu.ar","username":"mceballos"}
[2025-02-12T23:32:38.478Z] INFO: Información del usuario adjuntada a la solicitud: {"id":"670fcd293f9c5f4310b80da5","role":"admin","email":"maria.ceballos@davinci.edu.ar","username":"mceballos"}
[2025-02-12T23:32:38.479Z] INFO: Información del usuario adjuntada a la solicitud: {"id":"670fcd293f9c5f4310b80da5","role":"admin","email":"maria.ceballos@davinci.edu.ar","username":"mceballos"}
[2025-02-12T23:32:38.655Z] INFO: Información del usuario adjuntada a la solicitud: {"id":"670fcd293f9c5f4310b80da5","role":"admin","email":"maria.ceballos@davinci.edu.ar","username":"mceballos"}
[2025-02-12T23:32:38.828Z] INFO: Información del usuario adjuntada a la solicitud: {"id":"670fcd293f9c5f4310b80da5","role":"admin","email":"maria.ceballos@davinci.edu.ar","username":"mceballos"}
[2025-02-12T23:32:38.990Z] INFO: Información del usuario adjuntada a la solicitud: {"id":"670fcd293f9c5f4310b80da5","role":"admin","email":"maria.ceballos@davinci.edu.ar","username":"mceballos"}
[2025-02-12T23:32:39.195Z] INFO: Información del usuario adjuntada a la solicitud: {"id":"670fcd293f9c5f4310b80da5","role":"admin","email":"maria.ceballos@davinci.edu.ar","username":"mceballos"}
[2025-02-12T23:32:39.423Z] INFO: Información del usuario adjuntada a la solicitud: {"id":"670fcd293f9c5f4310b80da5","role":"admin","email":"maria.ceballos@davinci.edu.ar","username":"mceballos"}
[2025-02-12T23:32:39.626Z] INFO: Información del usuario adjuntada a la solicitud: {"id":"670fcd293f9c5f4310b80da5","role":"admin","email":"maria.ceballos@davinci.edu.ar","username":"mceballos"}
[2025-02-12T23:32:39.795Z] INFO: Información del usuario adjuntada a la solicitud: {"id":"670fcd293f9c5f4310b80da5","role":"admin","email":"maria.ceballos@davinci.edu.ar","username":"mceballos"}
[2025-02-12T23:32:39.969Z] INFO: Información del usuario adjuntada a la solicitud: {"id":"670fcd293f9c5f4310b80da5","role":"admin","email":"maria.ceballos@davinci.edu.ar","username":"mceballos"}
[2025-02-12T23:32:40.148Z] INFO: Información del usuario adjuntada a la solicitud: {"id":"670fcd293f9c5f4310b80da5","role":"admin","email":"maria.ceballos@davinci.edu.ar","username":"mceballos"}
[2025-02-12T23:32:40.342Z] INFO: Información del usuario adjuntada a la solicitud: {"id":"670fcd293f9c5f4310b80da5","role":"admin","email":"maria.ceballos@davinci.edu.ar","username":"mceballos"}
[2025-02-12T23:32:40.533Z] INFO: Información del usuario adjuntada a la solicitud: {"id":"670fcd293f9c5f4310b80da5","role":"admin","email":"maria.ceballos@davinci.edu.ar","username":"mceballos"}
[2025-02-12T23:32:40.713Z] INFO: Información del usuario adjuntada a la solicitud: {"id":"670fcd293f9c5f4310b80da5","role":"admin","email":"maria.ceballos@davinci.edu.ar","username":"mceballos"}
[2025-02-12T23:32:40.900Z] INFO: Información del usuario adjuntada a la solicitud: {"id":"670fcd293f9c5f4310b80da5","role":"admin","email":"maria.ceballos@davinci.edu.ar","username":"mceballos"}
[2025-02-12T23:32:41.073Z] INFO: Información del usuario adjuntada a la solicitud: {"id":"670fcd293f9c5f4310b80da5","role":"admin","email":"maria.ceballos@davinci.edu.ar","username":"mceballos"}
[2025-02-12T23:32:41.248Z] INFO: Información del usuario adjuntada a la solicitud: {"id":"670fcd293f9c5f4310b80da5","role":"admin","email":"maria.ceballos@davinci.edu.ar","username":"mceballos"}
[2025-02-12T23:32:41.443Z] INFO: Información del usuario adjuntada a la solicitud: {"id":"670fcd293f9c5f4310b80da5","role":"admin","email":"maria.ceballos@davinci.edu.ar","username":"mceballos"}
[2025-02-12T23:32:41.632Z] INFO: Información del usuario adjuntada a la solicitud: {"id":"670fcd293f9c5f4310b80da5","role":"admin","email":"maria.ceballos@davinci.edu.ar","username":"mceballos"}
[2025-02-12T23:32:41.791Z] INFO: Información del usuario adjuntada a la solicitud: {"id":"670fcd293f9c5f4310b80da5","role":"admin","email":"maria.ceballos@davinci.edu.ar","username":"mceballos"}
[2025-02-12T23:32:41.961Z] INFO: Información del usuario adjuntada a la solicitud: {"id":"670fcd293f9c5f4310b80da5","role":"admin","email":"maria.ceballos@davinci.edu.ar","username":"mceballos"}
[2025-02-12T23:32:42.149Z] INFO: Información del usuario adjuntada a la solicitud: {"id":"670fcd293f9c5f4310b80da5","role":"admin","email":"maria.ceballos@davinci.edu.ar","username":"mceballos"}
[2025-02-12T23:32:42.395Z] INFO: Información del usuario adjuntada a la solicitud: {"id":"670fcd293f9c5f4310b80da5","role":"admin","email":"maria.ceballos@davinci.edu.ar","username":"mceballos"}
[2025-02-12T23:32:42.588Z] INFO: Información del usuario adjuntada a la solicitud: {"id":"670fcd293f9c5f4310b80da5","role":"admin","email":"maria.ceballos@davinci.edu.ar","username":"mceballos"}
[2025-02-12T23:32:42.761Z] INFO: Información del usuario adjuntada a la solicitud: {"id":"670fcd293f9c5f4310b80da5","role":"admin","email":"maria.ceballos@davinci.edu.ar","username":"mceballos"}
[2025-02-12T23:32:42.923Z] INFO: Información del usuario adjuntada a la solicitud: {"id":"670fcd293f9c5f4310b80da5","role":"admin","email":"maria.ceballos@davinci.edu.ar","username":"mceballos"}
[2025-02-12T23:32:43.080Z] INFO: Información del usuario adjuntada a la solicitud: {"id":"670fcd293f9c5f4310b80da5","role":"admin","email":"maria.ceballos@davinci.edu.ar","username":"mceballos"}
[2025-02-12T23:32:43.240Z] INFO: Información del usuario adjuntada a la solicitud: {"id":"670fcd293f9c5f4310b80da5","role":"admin","email":"maria.ceballos@davinci.edu.ar","username":"mceballos"}
[2025-02-12T23:32:43.407Z] INFO: Información del usuario adjuntada a la solicitud: {"id":"670fcd293f9c5f4310b80da5","role":"admin","email":"maria.ceballos@davinci.edu.ar","username":"mceballos"}
[2025-02-12T23:32:43.563Z] INFO: Información del usuario adjuntada a la solicitud: {"id":"670fcd293f9c5f4310b80da5","role":"admin","email":"maria.ceballos@davinci.edu.ar","username":"mceballos"}
[2025-02-12T23:32:43.729Z] INFO: Información del usuario adjuntada a la solicitud: {"id":"670fcd293f9c5f4310b80da5","role":"admin","email":"maria.ceballos@davinci.edu.ar","username":"mceballos"}
[2025-02-12T23:33:10.356Z] INFO: Información del usuario adjuntada a la solicitud: {"id":"670fcd293f9c5f4310b80da5","role":"admin","email":"maria.ceballos@davinci.edu.ar","username":"mceballos"}
[2025-02-12T23:33:10.358Z] INFO: Información del usuario adjuntada a la solicitud: {"id":"670fcd293f9c5f4310b80da5","role":"admin","email":"maria.ceballos@davinci.edu.ar","username":"mceballos"}
[2025-02-12T23:33:10.467Z] INFO: Información del usuario adjuntada a la solicitud: {"id":"670fcd293f9c5f4310b80da5","role":"admin","email":"maria.ceballos@davinci.edu.ar","username":"mceballos"}
[2025-02-12T23:33:10.522Z] INFO: Información del usuario adjuntada a la solicitud: {"id":"670fcd293f9c5f4310b80da5","role":"admin","email":"maria.ceballos@davinci.edu.ar","username":"mceballos"}
[2025-02-12T23:33:10.577Z] INFO: Información del usuario adjuntada a la solicitud: {"id":"670fcd293f9c5f4310b80da5","role":"admin","email":"maria.ceballos@davinci.edu.ar","username":"mceballos"}
[2025-02-12T23:33:10.649Z] INFO: Información del usuario adjuntada a la solicitud: {"id":"670fcd293f9c5f4310b80da5","role":"admin","email":"maria.ceballos@davinci.edu.ar","username":"mceballos"}
[2025-02-12T23:33:10.767Z] INFO: Información del usuario adjuntada a la solicitud: {"id":"670fcd293f9c5f4310b80da5","role":"admin","email":"maria.ceballos@davinci.edu.ar","username":"mceballos"}
[2025-02-12T23:33:10.768Z] INFO: Información del usuario adjuntada a la solicitud: {"id":"670fcd293f9c5f4310b80da5","role":"admin","email":"maria.ceballos@davinci.edu.ar","username":"mceballos"}
[2025-02-12T23:33:10.936Z] INFO: Información del usuario adjuntada a la solicitud: {"id":"670fcd293f9c5f4310b80da5","role":"admin","email":"maria.ceballos@davinci.edu.ar","username":"mceballos"}
[2025-02-12T23:33:11.006Z] INFO: Información del usuario adjuntada a la solicitud: {"id":"670fcd293f9c5f4310b80da5","role":"admin","email":"maria.ceballos@davinci.edu.ar","username":"mceballos"}
[2025-02-12T23:33:11.176Z] INFO: Información del usuario adjuntada a la solicitud: {"id":"670fcd293f9c5f4310b80da5","role":"admin","email":"maria.ceballos@davinci.edu.ar","username":"mceballos"}
[2025-02-12T23:33:11.242Z] INFO: Información del usuario adjuntada a la solicitud: {"id":"670fcd293f9c5f4310b80da5","role":"admin","email":"maria.ceballos@davinci.edu.ar","username":"mceballos"}
[2025-02-12T23:33:11.413Z] INFO: Información del usuario adjuntada a la solicitud: {"id":"670fcd293f9c5f4310b80da5","role":"admin","email":"maria.ceballos@davinci.edu.ar","username":"mceballos"}
[2025-02-12T23:33:11.526Z] INFO: Información del usuario adjuntada a la solicitud: {"id":"670fcd293f9c5f4310b80da5","role":"admin","email":"maria.ceballos@davinci.edu.ar","username":"mceballos"}
[2025-02-12T23:33:11.601Z] INFO: Información del usuario adjuntada a la solicitud: {"id":"670fcd293f9c5f4310b80da5","role":"admin","email":"maria.ceballos@davinci.edu.ar","username":"mceballos"}
[2025-02-12T23:33:11.721Z] INFO: Información del usuario adjuntada a la solicitud: {"id":"670fcd293f9c5f4310b80da5","role":"admin","email":"maria.ceballos@davinci.edu.ar","username":"mceballos"}
[2025-02-12T23:33:11.781Z] INFO: Información del usuario adjuntada a la solicitud: {"id":"670fcd293f9c5f4310b80da5","role":"admin","email":"maria.ceballos@davinci.edu.ar","username":"mceballos"}
[2025-02-12T23:33:11.907Z] INFO: Información del usuario adjuntada a la solicitud: {"id":"670fcd293f9c5f4310b80da5","role":"admin","email":"maria.ceballos@davinci.edu.ar","username":"mceballos"}
[2025-02-12T23:33:11.965Z] INFO: Información del usuario adjuntada a la solicitud: {"id":"670fcd293f9c5f4310b80da5","role":"admin","email":"maria.ceballos@davinci.edu.ar","username":"mceballos"}
[2025-02-12T23:33:12.135Z] INFO: Información del usuario adjuntada a la solicitud: {"id":"670fcd293f9c5f4310b80da5","role":"admin","email":"maria.ceballos@davinci.edu.ar","username":"mceballos"}
[2025-02-12T23:33:12.291Z] INFO: Información del usuario adjuntada a la solicitud: {"id":"670fcd293f9c5f4310b80da5","role":"admin","email":"maria.ceballos@davinci.edu.ar","username":"mceballos"}
[2025-02-12T23:33:12.443Z] INFO: Información del usuario adjuntada a la solicitud: {"id":"670fcd293f9c5f4310b80da5","role":"admin","email":"maria.ceballos@davinci.edu.ar","username":"mceballos"}
[2025-02-12T23:33:12.639Z] INFO: Información del usuario adjuntada a la solicitud: {"id":"670fcd293f9c5f4310b80da5","role":"admin","email":"maria.ceballos@davinci.edu.ar","username":"mceballos"}
[2025-02-12T23:33:12.802Z] INFO: Información del usuario adjuntada a la solicitud: {"id":"670fcd293f9c5f4310b80da5","role":"admin","email":"maria.ceballos@davinci.edu.ar","username":"mceballos"}
[2025-02-12T23:33:12.958Z] INFO: Información del usuario adjuntada a la solicitud: {"id":"670fcd293f9c5f4310b80da5","role":"admin","email":"maria.ceballos@davinci.edu.ar","username":"mceballos"}
[2025-02-12T23:33:13.134Z] INFO: Información del usuario adjuntada a la solicitud: {"id":"670fcd293f9c5f4310b80da5","role":"admin","email":"maria.ceballos@davinci.edu.ar","username":"mceballos"}
[2025-02-12T23:33:13.289Z] INFO: Información del usuario adjuntada a la solicitud: {"id":"670fcd293f9c5f4310b80da5","role":"admin","email":"maria.ceballos@davinci.edu.ar","username":"mceballos"}
[2025-02-12T23:33:13.443Z] INFO: Información del usuario adjuntada a la solicitud: {"id":"670fcd293f9c5f4310b80da5","role":"admin","email":"maria.ceballos@davinci.edu.ar","username":"mceballos"}
[2025-02-12T23:33:13.614Z] INFO: Información del usuario adjuntada a la solicitud: {"id":"670fcd293f9c5f4310b80da5","role":"admin","email":"maria.ceballos@davinci.edu.ar","username":"mceballos"}
[2025-02-12T23:33:13.789Z] INFO: Información del usuario adjuntada a la solicitud: {"id":"670fcd293f9c5f4310b80da5","role":"admin","email":"maria.ceballos@davinci.edu.ar","username":"mceballos"}
[2025-02-12T23:33:13.995Z] INFO: Información del usuario adjuntada a la solicitud: {"id":"670fcd293f9c5f4310b80da5","role":"admin","email":"maria.ceballos@davinci.edu.ar","username":"mceballos"}
[2025-02-12T23:33:14.185Z] INFO: Información del usuario adjuntada a la solicitud: {"id":"670fcd293f9c5f4310b80da5","role":"admin","email":"maria.ceballos@davinci.edu.ar","username":"mceballos"}
[2025-02-12T23:33:14.341Z] INFO: Información del usuario adjuntada a la solicitud: {"id":"670fcd293f9c5f4310b80da5","role":"admin","email":"maria.ceballos@davinci.edu.ar","username":"mceballos"}
[2025-02-12T23:33:14.510Z] INFO: Información del usuario adjuntada a la solicitud: {"id":"670fcd293f9c5f4310b80da5","role":"admin","email":"maria.ceballos@davinci.edu.ar","username":"mceballos"}
[2025-02-12T23:33:14.677Z] INFO: Información del usuario adjuntada a la solicitud: {"id":"670fcd293f9c5f4310b80da5","role":"admin","email":"maria.ceballos@davinci.edu.ar","username":"mceballos"}
[2025-02-12T23:33:14.852Z] INFO: Información del usuario adjuntada a la solicitud: {"id":"670fcd293f9c5f4310b80da5","role":"admin","email":"maria.ceballos@davinci.edu.ar","username":"mceballos"}
[2025-02-12T23:33:15.008Z] INFO: Información del usuario adjuntada a la solicitud: {"id":"670fcd293f9c5f4310b80da5","role":"admin","email":"maria.ceballos@davinci.edu.ar","username":"mceballos"}
[2025-02-12T23:33:15.186Z] INFO: Información del usuario adjuntada a la solicitud: {"id":"670fcd293f9c5f4310b80da5","role":"admin","email":"maria.ceballos@davinci.edu.ar","username":"mceballos"}
[2025-02-12T23:33:15.358Z] INFO: Información del usuario adjuntada a la solicitud: {"id":"670fcd293f9c5f4310b80da5","role":"admin","email":"maria.ceballos@davinci.edu.ar","username":"mceballos"}
[2025-02-12T23:33:15.517Z] INFO: Información del usuario adjuntada a la solicitud: {"id":"670fcd293f9c5f4310b80da5","role":"admin","email":"maria.ceballos@davinci.edu.ar","username":"mceballos"}
[2025-02-12T23:33:15.680Z] INFO: Información del usuario adjuntada a la solicitud: {"id":"670fcd293f9c5f4310b80da5","role":"admin","email":"maria.ceballos@davinci.edu.ar","username":"mceballos"}
[2025-02-12T23:33:15.846Z] INFO: Información del usuario adjuntada a la solicitud: {"id":"670fcd293f9c5f4310b80da5","role":"admin","email":"maria.ceballos@davinci.edu.ar","username":"mceballos"}
[2025-02-12T23:33:16.005Z] INFO: Información del usuario adjuntada a la solicitud: {"id":"670fcd293f9c5f4310b80da5","role":"admin","email":"maria.ceballos@davinci.edu.ar","username":"mceballos"}
[2025-02-12T23:33:16.241Z] INFO: Información del usuario adjuntada a la solicitud: {"id":"670fcd293f9c5f4310b80da5","role":"admin","email":"maria.ceballos@davinci.edu.ar","username":"mceballos"}
[2025-02-12T23:33:16.425Z] INFO: Información del usuario adjuntada a la solicitud: {"id":"670fcd293f9c5f4310b80da5","role":"admin","email":"maria.ceballos@davinci.edu.ar","username":"mceballos"}
[2025-02-12T23:33:16.590Z] INFO: Información del usuario adjuntada a la solicitud: {"id":"670fcd293f9c5f4310b80da5","role":"admin","email":"maria.ceballos@davinci.edu.ar","username":"mceballos"}
[2025-02-12T23:33:16.746Z] INFO: Información del usuario adjuntada a la solicitud: {"id":"670fcd293f9c5f4310b80da5","role":"admin","email":"maria.ceballos@davinci.edu.ar","username":"mceballos"}
[2025-02-12T23:33:16.908Z] INFO: Información del usuario adjuntada a la solicitud: {"id":"670fcd293f9c5f4310b80da5","role":"admin","email":"maria.ceballos@davinci.edu.ar","username":"mceballos"}
[2025-02-12T23:33:17.079Z] INFO: Información del usuario adjuntada a la solicitud: {"id":"670fcd293f9c5f4310b80da5","role":"admin","email":"maria.ceballos@davinci.edu.ar","username":"mceballos"}
[2025-02-12T23:33:17.262Z] INFO: Información del usuario adjuntada a la solicitud: {"id":"670fcd293f9c5f4310b80da5","role":"admin","email":"maria.ceballos@davinci.edu.ar","username":"mceballos"}
[2025-02-12T23:33:17.417Z] INFO: Información del usuario adjuntada a la solicitud: {"id":"670fcd293f9c5f4310b80da5","role":"admin","email":"maria.ceballos@davinci.edu.ar","username":"mceballos"}
[2025-02-12T23:33:17.617Z] INFO: Información del usuario adjuntada a la solicitud: {"id":"670fcd293f9c5f4310b80da5","role":"admin","email":"maria.ceballos@davinci.edu.ar","username":"mceballos"}
[2025-02-12T23:33:17.773Z] INFO: Información del usuario adjuntada a la solicitud: {"id":"670fcd293f9c5f4310b80da5","role":"admin","email":"maria.ceballos@davinci.edu.ar","username":"mceballos"}
[2025-02-12T23:33:17.937Z] INFO: Información del usuario adjuntada a la solicitud: {"id":"670fcd293f9c5f4310b80da5","role":"admin","email":"maria.ceballos@davinci.edu.ar","username":"mceballos"}
[2025-02-12T23:33:18.116Z] INFO: Información del usuario adjuntada a la solicitud: {"id":"670fcd293f9c5f4310b80da5","role":"admin","email":"maria.ceballos@davinci.edu.ar","username":"mceballos"}
[2025-02-12T23:33:18.289Z] INFO: Información del usuario adjuntada a la solicitud: {"id":"670fcd293f9c5f4310b80da5","role":"admin","email":"maria.ceballos@davinci.edu.ar","username":"mceballos"}
[2025-02-12T23:33:18.459Z] INFO: Información del usuario adjuntada a la solicitud: {"id":"670fcd293f9c5f4310b80da5","role":"admin","email":"maria.ceballos@davinci.edu.ar","username":"mceballos"}
[2025-02-12T23:33:18.639Z] INFO: Información del usuario adjuntada a la solicitud: {"id":"670fcd293f9c5f4310b80da5","role":"admin","email":"maria.ceballos@davinci.edu.ar","username":"mceballos"}
[2025-02-12T23:33:18.808Z] INFO: Información del usuario adjuntada a la solicitud: {"id":"670fcd293f9c5f4310b80da5","role":"admin","email":"maria.ceballos@davinci.edu.ar","username":"mceballos"}
[2025-02-12T23:33:18.985Z] INFO: Información del usuario adjuntada a la solicitud: {"id":"670fcd293f9c5f4310b80da5","role":"admin","email":"maria.ceballos@davinci.edu.ar","username":"mceballos"}
[2025-02-12T23:33:19.152Z] INFO: Información del usuario adjuntada a la solicitud: {"id":"670fcd293f9c5f4310b80da5","role":"admin","email":"maria.ceballos@davinci.edu.ar","username":"mceballos"}
[2025-02-12T23:33:19.317Z] INFO: Información del usuario adjuntada a la solicitud: {"id":"670fcd293f9c5f4310b80da5","role":"admin","email":"maria.ceballos@davinci.edu.ar","username":"mceballos"}
[2025-02-12T23:33:19.510Z] INFO: Información del usuario adjuntada a la solicitud: {"id":"670fcd293f9c5f4310b80da5","role":"admin","email":"maria.ceballos@davinci.edu.ar","username":"mceballos"}
[2025-02-12T23:33:19.666Z] INFO: Información del usuario adjuntada a la solicitud: {"id":"670fcd293f9c5f4310b80da5","role":"admin","email":"maria.ceballos@davinci.edu.ar","username":"mceballos"}
[2025-02-12T23:33:19.831Z] INFO: Información del usuario adjuntada a la solicitud: {"id":"670fcd293f9c5f4310b80da5","role":"admin","email":"maria.ceballos@davinci.edu.ar","username":"mceballos"}
[2025-02-12T23:33:20.000Z] INFO: Información del usuario adjuntada a la solicitud: {"id":"670fcd293f9c5f4310b80da5","role":"admin","email":"maria.ceballos@davinci.edu.ar","username":"mceballos"}
[2025-02-12T23:33:20.214Z] INFO: Información del usuario adjuntada a la solicitud: {"id":"670fcd293f9c5f4310b80da5","role":"admin","email":"maria.ceballos@davinci.edu.ar","username":"mceballos"}
[2025-02-12T23:33:20.382Z] INFO: Información del usuario adjuntada a la solicitud: {"id":"670fcd293f9c5f4310b80da5","role":"admin","email":"maria.ceballos@davinci.edu.ar","username":"mceballos"}
[2025-02-12T23:33:20.553Z] INFO: Información del usuario adjuntada a la solicitud: {"id":"670fcd293f9c5f4310b80da5","role":"admin","email":"maria.ceballos@davinci.edu.ar","username":"mceballos"}
[2025-02-12T23:33:20.730Z] INFO: Información del usuario adjuntada a la solicitud: {"id":"670fcd293f9c5f4310b80da5","role":"admin","email":"maria.ceballos@davinci.edu.ar","username":"mceballos"}
[2025-02-12T23:33:20.915Z] INFO: Información del usuario adjuntada a la solicitud: {"id":"670fcd293f9c5f4310b80da5","role":"admin","email":"maria.ceballos@davinci.edu.ar","username":"mceballos"}
[2025-02-12T23:33:21.086Z] INFO: Información del usuario adjuntada a la solicitud: {"id":"670fcd293f9c5f4310b80da5","role":"admin","email":"maria.ceballos@davinci.edu.ar","username":"mceballos"}
[2025-02-12T23:33:21.264Z] INFO: Información del usuario adjuntada a la solicitud: {"id":"670fcd293f9c5f4310b80da5","role":"admin","email":"maria.ceballos@davinci.edu.ar","username":"mceballos"}
[2025-02-12T23:33:21.430Z] INFO: Información del usuario adjuntada a la solicitud: {"id":"670fcd293f9c5f4310b80da5","role":"admin","email":"maria.ceballos@davinci.edu.ar","username":"mceballos"}
[2025-02-12T23:33:21.609Z] INFO: Información del usuario adjuntada a la solicitud: {"id":"670fcd293f9c5f4310b80da5","role":"admin","email":"maria.ceballos@davinci.edu.ar","username":"mceballos"}
[2025-02-12T23:33:21.771Z] INFO: Información del usuario adjuntada a la solicitud: {"id":"670fcd293f9c5f4310b80da5","role":"admin","email":"maria.ceballos@davinci.edu.ar","username":"mceballos"}
[2025-02-12T23:33:21.942Z] INFO: Información del usuario adjuntada a la solicitud: {"id":"670fcd293f9c5f4310b80da5","role":"admin","email":"maria.ceballos@davinci.edu.ar","username":"mceballos"}
[2025-02-12T23:33:22.132Z] INFO: Información del usuario adjuntada a la solicitud: {"id":"670fcd293f9c5f4310b80da5","role":"admin","email":"maria.ceballos@davinci.edu.ar","username":"mceballos"}
[2025-02-12T23:33:22.287Z] INFO: Información del usuario adjuntada a la solicitud: {"id":"670fcd293f9c5f4310b80da5","role":"admin","email":"maria.ceballos@davinci.edu.ar","username":"mceballos"}
[2025-02-12T23:33:22.451Z] INFO: Información del usuario adjuntada a la solicitud: {"id":"670fcd293f9c5f4310b80da5","role":"admin","email":"maria.ceballos@davinci.edu.ar","username":"mceballos"}
[2025-02-12T23:33:22.624Z] INFO: Información del usuario adjuntada a la solicitud: {"id":"670fcd293f9c5f4310b80da5","role":"admin","email":"maria.ceballos@davinci.edu.ar","username":"mceballos"}
[2025-02-12T23:33:22.823Z] INFO: Información del usuario adjuntada a la solicitud: {"id":"670fcd293f9c5f4310b80da5","role":"admin","email":"maria.ceballos@davinci.edu.ar","username":"mceballos"}
[2025-02-12T23:33:22.987Z] INFO: Información del usuario adjuntada a la solicitud: {"id":"670fcd293f9c5f4310b80da5","role":"admin","email":"maria.ceballos@davinci.edu.ar","username":"mceballos"}
[2025-02-12T23:33:23.148Z] INFO: Información del usuario adjuntada a la solicitud: {"id":"670fcd293f9c5f4310b80da5","role":"admin","email":"maria.ceballos@davinci.edu.ar","username":"mceballos"}
[2025-02-12T23:33:23.306Z] INFO: Información del usuario adjuntada a la solicitud: {"id":"670fcd293f9c5f4310b80da5","role":"admin","email":"maria.ceballos@davinci.edu.ar","username":"mceballos"}
[2025-02-12T23:33:23.471Z] INFO: Información del usuario adjuntada a la solicitud: {"id":"670fcd293f9c5f4310b80da5","role":"admin","email":"maria.ceballos@davinci.edu.ar","username":"mceballos"}
[2025-02-12T23:33:23.632Z] INFO: Información del usuario adjuntada a la solicitud: {"id":"670fcd293f9c5f4310b80da5","role":"admin","email":"maria.ceballos@davinci.edu.ar","username":"mceballos"}
[2025-02-12T23:33:23.792Z] INFO: Información del usuario adjuntada a la solicitud: {"id":"670fcd293f9c5f4310b80da5","role":"admin","email":"maria.ceballos@davinci.edu.ar","username":"mceballos"}
[2025-02-12T23:33:23.974Z] INFO: Información del usuario adjuntada a la solicitud: {"id":"670fcd293f9c5f4310b80da5","role":"admin","email":"maria.ceballos@davinci.edu.ar","username":"mceballos"}
[2025-02-12T23:33:24.163Z] INFO: Información del usuario adjuntada a la solicitud: {"id":"670fcd293f9c5f4310b80da5","role":"admin","email":"maria.ceballos@davinci.edu.ar","username":"mceballos"}
[2025-02-12T23:33:24.334Z] INFO: Información del usuario adjuntada a la solicitud: {"id":"670fcd293f9c5f4310b80da5","role":"admin","email":"maria.ceballos@davinci.edu.ar","username":"mceballos"}
[2025-02-12T23:33:24.499Z] INFO: Información del usuario adjuntada a la solicitud: {"id":"670fcd293f9c5f4310b80da5","role":"admin","email":"maria.ceballos@davinci.edu.ar","username":"mceballos"}
[2025-02-12T23:33:24.661Z] INFO: Información del usuario adjuntada a la solicitud: {"id":"670fcd293f9c5f4310b80da5","role":"admin","email":"maria.ceballos@davinci.edu.ar","username":"mceballos"}
[2025-02-12T23:33:24.839Z] INFO: Información del usuario adjuntada a la solicitud: {"id":"670fcd293f9c5f4310b80da5","role":"admin","email":"maria.ceballos@davinci.edu.ar","username":"mceballos"}
[2025-02-12T23:33:24.998Z] INFO: Información del usuario adjuntada a la solicitud: {"id":"670fcd293f9c5f4310b80da5","role":"admin","email":"maria.ceballos@davinci.edu.ar","username":"mceballos"}
[2025-02-12T23:33:25.154Z] INFO: Información del usuario adjuntada a la solicitud: {"id":"670fcd293f9c5f4310b80da5","role":"admin","email":"maria.ceballos@davinci.edu.ar","username":"mceballos"}
[2025-02-12T23:33:25.311Z] INFO: Información del usuario adjuntada a la solicitud: {"id":"670fcd293f9c5f4310b80da5","role":"admin","email":"maria.ceballos@davinci.edu.ar","username":"mceballos"}
[2025-02-12T23:33:25.479Z] INFO: Información del usuario adjuntada a la solicitud: {"id":"670fcd293f9c5f4310b80da5","role":"admin","email":"maria.ceballos@davinci.edu.ar","username":"mceballos"}
[2025-02-12T23:33:25.654Z] INFO: Información del usuario adjuntada a la solicitud: {"id":"670fcd293f9c5f4310b80da5","role":"admin","email":"maria.ceballos@davinci.edu.ar","username":"mceballos"}
[2025-02-12T23:33:25.823Z] INFO: Información del usuario adjuntada a la solicitud: {"id":"670fcd293f9c5f4310b80da5","role":"admin","email":"maria.ceballos@davinci.edu.ar","username":"mceballos"}
[2025-02-12T23:33:25.980Z] INFO: Información del usuario adjuntada a la solicitud: {"id":"670fcd293f9c5f4310b80da5","role":"admin","email":"maria.ceballos@davinci.edu.ar","username":"mceballos"}
[2025-02-12T23:33:26.154Z] INFO: Información del usuario adjuntada a la solicitud: {"id":"670fcd293f9c5f4310b80da5","role":"admin","email":"maria.ceballos@davinci.edu.ar","username":"mceballos"}
[2025-02-12T23:33:26.316Z] INFO: Información del usuario adjuntada a la solicitud: {"id":"670fcd293f9c5f4310b80da5","role":"admin","email":"maria.ceballos@davinci.edu.ar","username":"mceballos"}
[2025-02-12T23:33:26.478Z] INFO: Información del usuario adjuntada a la solicitud: {"id":"670fcd293f9c5f4310b80da5","role":"admin","email":"maria.ceballos@davinci.edu.ar","username":"mceballos"}
[2025-02-12T23:33:26.654Z] INFO: Información del usuario adjuntada a la solicitud: {"id":"670fcd293f9c5f4310b80da5","role":"admin","email":"maria.ceballos@davinci.edu.ar","username":"mceballos"}
[2025-02-12T23:33:26.830Z] INFO: Información del usuario adjuntada a la solicitud: {"id":"670fcd293f9c5f4310b80da5","role":"admin","email":"maria.ceballos@davinci.edu.ar","username":"mceballos"}
[2025-02-12T23:33:26.992Z] INFO: Información del usuario adjuntada a la solicitud: {"id":"670fcd293f9c5f4310b80da5","role":"admin","email":"maria.ceballos@davinci.edu.ar","username":"mceballos"}
[2025-02-12T23:33:27.167Z] INFO: Información del usuario adjuntada a la solicitud: {"id":"670fcd293f9c5f4310b80da5","role":"admin","email":"maria.ceballos@davinci.edu.ar","username":"mceballos"}
[2025-02-12T23:33:27.335Z] INFO: Información del usuario adjuntada a la solicitud: {"id":"670fcd293f9c5f4310b80da5","role":"admin","email":"maria.ceballos@davinci.edu.ar","username":"mceballos"}
[2025-02-12T23:33:27.508Z] INFO: Información del usuario adjuntada a la solicitud: {"id":"670fcd293f9c5f4310b80da5","role":"admin","email":"maria.ceballos@davinci.edu.ar","username":"mceballos"}
[2025-02-12T23:33:27.676Z] INFO: Información del usuario adjuntada a la solicitud: {"id":"670fcd293f9c5f4310b80da5","role":"admin","email":"maria.ceballos@davinci.edu.ar","username":"mceballos"}
[2025-02-12T23:33:27.846Z] INFO: Información del usuario adjuntada a la solicitud: {"id":"670fcd293f9c5f4310b80da5","role":"admin","email":"maria.ceballos@davinci.edu.ar","username":"mceballos"}
[2025-02-12T23:33:28.014Z] INFO: Información del usuario adjuntada a la solicitud: {"id":"670fcd293f9c5f4310b80da5","role":"admin","email":"maria.ceballos@davinci.edu.ar","username":"mceballos"}
[2025-02-12T23:33:28.188Z] INFO: Información del usuario adjuntada a la solicitud: {"id":"670fcd293f9c5f4310b80da5","role":"admin","email":"maria.ceballos@davinci.edu.ar","username":"mceballos"}
[2025-02-12T23:33:28.364Z] INFO: Información del usuario adjuntada a la solicitud: {"id":"670fcd293f9c5f4310b80da5","role":"admin","email":"maria.ceballos@davinci.edu.ar","username":"mceballos"}
[2025-02-12T23:33:28.520Z] INFO: Información del usuario adjuntada a la solicitud: {"id":"670fcd293f9c5f4310b80da5","role":"admin","email":"maria.ceballos@davinci.edu.ar","username":"mceballos"}
[2025-02-12T23:33:52.440Z] INFO: Información del usuario adjuntada a la solicitud: {"id":"670fcd293f9c5f4310b80da5","role":"admin","email":"maria.ceballos@davinci.edu.ar","username":"mceballos"}
[2025-02-12T23:33:52.612Z] INFO: Información del usuario adjuntada a la solicitud: {"id":"670fcd293f9c5f4310b80da5","role":"admin","email":"maria.ceballos@davinci.edu.ar","username":"mceballos"}
[2025-02-12T23:33:52.648Z] INFO: Información del usuario adjuntada a la solicitud: {"id":"670fcd293f9c5f4310b80da5","role":"admin","email":"maria.ceballos@davinci.edu.ar","username":"mceballos"}
[2025-02-12T23:33:52.832Z] INFO: Información del usuario adjuntada a la solicitud: {"id":"670fcd293f9c5f4310b80da5","role":"admin","email":"maria.ceballos@davinci.edu.ar","username":"mceballos"}
[2025-02-12T23:33:52.993Z] INFO: Información del usuario adjuntada a la solicitud: {"id":"670fcd293f9c5f4310b80da5","role":"admin","email":"maria.ceballos@davinci.edu.ar","username":"mceballos"}
[2025-02-12T23:33:53.152Z] INFO: Información del usuario adjuntada a la solicitud: {"id":"670fcd293f9c5f4310b80da5","role":"admin","email":"maria.ceballos@davinci.edu.ar","username":"mceballos"}
[2025-02-12T23:33:53.329Z] INFO: Información del usuario adjuntada a la solicitud: {"id":"670fcd293f9c5f4310b80da5","role":"admin","email":"maria.ceballos@davinci.edu.ar","username":"mceballos"}
[2025-02-12T23:33:53.509Z] INFO: Información del usuario adjuntada a la solicitud: {"id":"670fcd293f9c5f4310b80da5","role":"admin","email":"maria.ceballos@davinci.edu.ar","username":"mceballos"}
[2025-02-12T23:33:53.672Z] INFO: Información del usuario adjuntada a la solicitud: {"id":"670fcd293f9c5f4310b80da5","role":"admin","email":"maria.ceballos@davinci.edu.ar","username":"mceballos"}
[2025-02-12T23:33:53.870Z] INFO: Información del usuario adjuntada a la solicitud: {"id":"670fcd293f9c5f4310b80da5","role":"admin","email":"maria.ceballos@davinci.edu.ar","username":"mceballos"}
[2025-02-12T23:33:54.036Z] INFO: Información del usuario adjuntada a la solicitud: {"id":"670fcd293f9c5f4310b80da5","role":"admin","email":"maria.ceballos@davinci.edu.ar","username":"mceballos"}
[2025-02-12T23:33:54.211Z] INFO: Información del usuario adjuntada a la solicitud: {"id":"670fcd293f9c5f4310b80da5","role":"admin","email":"maria.ceballos@davinci.edu.ar","username":"mceballos"}
[2025-02-12T23:33:54.387Z] INFO: Información del usuario adjuntada a la solicitud: {"id":"670fcd293f9c5f4310b80da5","role":"admin","email":"maria.ceballos@davinci.edu.ar","username":"mceballos"}
[2025-02-12T23:33:54.561Z] INFO: Información del usuario adjuntada a la solicitud: {"id":"670fcd293f9c5f4310b80da5","role":"admin","email":"maria.ceballos@davinci.edu.ar","username":"mceballos"}
[2025-02-12T23:33:54.723Z] INFO: Información del usuario adjuntada a la solicitud: {"id":"670fcd293f9c5f4310b80da5","role":"admin","email":"maria.ceballos@davinci.edu.ar","username":"mceballos"}
[2025-02-12T23:33:54.892Z] INFO: Información del usuario adjuntada a la solicitud: {"id":"670fcd293f9c5f4310b80da5","role":"admin","email":"maria.ceballos@davinci.edu.ar","username":"mceballos"}
[2025-02-12T23:33:55.048Z] INFO: Información del usuario adjuntada a la solicitud: {"id":"670fcd293f9c5f4310b80da5","role":"admin","email":"maria.ceballos@davinci.edu.ar","username":"mceballos"}
[2025-02-12T23:33:55.200Z] INFO: Información del usuario adjuntada a la solicitud: {"id":"670fcd293f9c5f4310b80da5","role":"admin","email":"maria.ceballos@davinci.edu.ar","username":"mceballos"}
[2025-02-12T23:34:12.522Z] INFO: Información del usuario adjuntada a la solicitud: {"id":"670fcd293f9c5f4310b80da5","role":"admin","email":"maria.ceballos@davinci.edu.ar","username":"mceballos"}
[2025-02-12T23:34:12.693Z] INFO: Información del usuario adjuntada a la solicitud: {"id":"670fcd293f9c5f4310b80da5","role":"admin","email":"maria.ceballos@davinci.edu.ar","username":"mceballos"}
[2025-02-12T23:34:12.755Z] INFO: Información del usuario adjuntada a la solicitud: {"id":"670fcd293f9c5f4310b80da5","role":"admin","email":"maria.ceballos@davinci.edu.ar","username":"mceballos"}
[2025-02-12T23:34:12.972Z] INFO: Información del usuario adjuntada a la solicitud: {"id":"670fcd293f9c5f4310b80da5","role":"admin","email":"maria.ceballos@davinci.edu.ar","username":"mceballos"}
[2025-02-12T23:34:13.133Z] INFO: Información del usuario adjuntada a la solicitud: {"id":"670fcd293f9c5f4310b80da5","role":"admin","email":"maria.ceballos@davinci.edu.ar","username":"mceballos"}
[2025-02-12T23:34:13.297Z] INFO: Información del usuario adjuntada a la solicitud: {"id":"670fcd293f9c5f4310b80da5","role":"admin","email":"maria.ceballos@davinci.edu.ar","username":"mceballos"}
[2025-02-12T23:34:13.462Z] INFO: Información del usuario adjuntada a la solicitud: {"id":"670fcd293f9c5f4310b80da5","role":"admin","email":"maria.ceballos@davinci.edu.ar","username":"mceballos"}
[2025-02-12T23:34:13.626Z] INFO: Información del usuario adjuntada a la solicitud: {"id":"670fcd293f9c5f4310b80da5","role":"admin","email":"maria.ceballos@davinci.edu.ar","username":"mceballos"}
[2025-02-12T23:34:13.796Z] INFO: Información del usuario adjuntada a la solicitud: {"id":"670fcd293f9c5f4310b80da5","role":"admin","email":"maria.ceballos@davinci.edu.ar","username":"mceballos"}
[2025-02-12T23:34:13.951Z] INFO: Información del usuario adjuntada a la solicitud: {"id":"670fcd293f9c5f4310b80da5","role":"admin","email":"maria.ceballos@davinci.edu.ar","username":"mceballos"}
[2025-02-12T23:34:14.109Z] INFO: Información del usuario adjuntada a la solicitud: {"id":"670fcd293f9c5f4310b80da5","role":"admin","email":"maria.ceballos@davinci.edu.ar","username":"mceballos"}
[2025-02-12T23:34:14.274Z] INFO: Información del usuario adjuntada a la solicitud: {"id":"670fcd293f9c5f4310b80da5","role":"admin","email":"maria.ceballos@davinci.edu.ar","username":"mceballos"}
[2025-02-12T23:34:14.427Z] INFO: Información del usuario adjuntada a la solicitud: {"id":"670fcd293f9c5f4310b80da5","role":"admin","email":"maria.ceballos@davinci.edu.ar","username":"mceballos"}
[2025-02-12T23:34:14.591Z] INFO: Información del usuario adjuntada a la solicitud: {"id":"670fcd293f9c5f4310b80da5","role":"admin","email":"maria.ceballos@davinci.edu.ar","username":"mceballos"}
[2025-02-12T23:34:14.754Z] INFO: Información del usuario adjuntada a la solicitud: {"id":"670fcd293f9c5f4310b80da5","role":"admin","email":"maria.ceballos@davinci.edu.ar","username":"mceballos"}
[2025-02-12T23:34:14.910Z] INFO: Información del usuario adjuntada a la solicitud: {"id":"670fcd293f9c5f4310b80da5","role":"admin","email":"maria.ceballos@davinci.edu.ar","username":"mceballos"}
[2025-02-12T23:34:15.078Z] INFO: Información del usuario adjuntada a la solicitud: {"id":"670fcd293f9c5f4310b80da5","role":"admin","email":"maria.ceballos@davinci.edu.ar","username":"mceballos"}
[2025-02-12T23:34:15.242Z] INFO: Información del usuario adjuntada a la solicitud: {"id":"670fcd293f9c5f4310b80da5","role":"admin","email":"maria.ceballos@davinci.edu.ar","username":"mceballos"}
[2025-02-12T23:34:15.400Z] INFO: Información del usuario adjuntada a la solicitud: {"id":"670fcd293f9c5f4310b80da5","role":"admin","email":"maria.ceballos@davinci.edu.ar","username":"mceballos"}
[2025-02-12T23:34:15.554Z] INFO: Información del usuario adjuntada a la solicitud: {"id":"670fcd293f9c5f4310b80da5","role":"admin","email":"maria.ceballos@davinci.edu.ar","username":"mceballos"}
[2025-02-12T23:34:15.713Z] INFO: Información del usuario adjuntada a la solicitud: {"id":"670fcd293f9c5f4310b80da5","role":"admin","email":"maria.ceballos@davinci.edu.ar","username":"mceballos"}
[2025-02-12T23:34:15.788Z] INFO: Información del usuario adjuntada a la solicitud: {"id":"670fcd293f9c5f4310b80da5","role":"admin","email":"maria.ceballos@davinci.edu.ar","username":"mceballos"}
[2025-02-12T23:34:15.873Z] INFO: Información del usuario adjuntada a la solicitud: {"id":"670fcd293f9c5f4310b80da5","role":"admin","email":"maria.ceballos@davinci.edu.ar","username":"mceballos"}
[2025-02-12T23:34:15.959Z] INFO: Información del usuario adjuntada a la solicitud: {"id":"670fcd293f9c5f4310b80da5","role":"admin","email":"maria.ceballos@davinci.edu.ar","username":"mceballos"}
[2025-02-12T23:34:16.056Z] INFO: Información del usuario adjuntada a la solicitud: {"id":"670fcd293f9c5f4310b80da5","role":"admin","email":"maria.ceballos@davinci.edu.ar","username":"mceballos"}
[2025-02-12T23:34:16.219Z] INFO: Información del usuario adjuntada a la solicitud: {"id":"670fcd293f9c5f4310b80da5","role":"admin","email":"maria.ceballos@davinci.edu.ar","username":"mceballos"}
[2025-02-12T23:34:16.383Z] INFO: Información del usuario adjuntada a la solicitud: {"id":"670fcd293f9c5f4310b80da5","role":"admin","email":"maria.ceballos@davinci.edu.ar","username":"mceballos"}
[2025-02-12T23:34:16.552Z] INFO: Información del usuario adjuntada a la solicitud: {"id":"670fcd293f9c5f4310b80da5","role":"admin","email":"maria.ceballos@davinci.edu.ar","username":"mceballos"}
[2025-02-12T23:34:16.712Z] INFO: Información del usuario adjuntada a la solicitud: {"id":"670fcd293f9c5f4310b80da5","role":"admin","email":"maria.ceballos@davinci.edu.ar","username":"mceballos"}
[2025-02-12T23:34:16.905Z] INFO: Información del usuario adjuntada a la solicitud: {"id":"670fcd293f9c5f4310b80da5","role":"admin","email":"maria.ceballos@davinci.edu.ar","username":"mceballos"}
[2025-02-12T23:34:17.062Z] INFO: Información del usuario adjuntada a la solicitud: {"id":"670fcd293f9c5f4310b80da5","role":"admin","email":"maria.ceballos@davinci.edu.ar","username":"mceballos"}
[2025-02-12T23:34:17.222Z] INFO: Información del usuario adjuntada a la solicitud: {"id":"670fcd293f9c5f4310b80da5","role":"admin","email":"maria.ceballos@davinci.edu.ar","username":"mceballos"}
[2025-02-12T23:34:17.394Z] INFO: Información del usuario adjuntada a la solicitud: {"id":"670fcd293f9c5f4310b80da5","role":"admin","email":"maria.ceballos@davinci.edu.ar","username":"mceballos"}
[2025-02-12T23:34:17.553Z] INFO: Información del usuario adjuntada a la solicitud: {"id":"670fcd293f9c5f4310b80da5","role":"admin","email":"maria.ceballos@davinci.edu.ar","username":"mceballos"}
[2025-02-12T23:34:17.716Z] INFO: Información del usuario adjuntada a la solicitud: {"id":"670fcd293f9c5f4310b80da5","role":"admin","email":"maria.ceballos@davinci.edu.ar","username":"mceballos"}
[2025-02-12T23:34:17.733Z] INFO: Información del usuario adjuntada a la solicitud: {"id":"670fcd293f9c5f4310b80da5","role":"admin","email":"maria.ceballos@davinci.edu.ar","username":"mceballos"}
[2025-02-12T23:34:17.879Z] INFO: Información del usuario adjuntada a la solicitud: {"id":"670fcd293f9c5f4310b80da5","role":"admin","email":"maria.ceballos@davinci.edu.ar","username":"mceballos"}
[2025-02-12T23:34:17.905Z] INFO: Información del usuario adjuntada a la solicitud: {"id":"670fcd293f9c5f4310b80da5","role":"admin","email":"maria.ceballos@davinci.edu.ar","username":"mceballos"}
[2025-02-12T23:34:18.112Z] INFO: Información del usuario adjuntada a la solicitud: {"id":"670fcd293f9c5f4310b80da5","role":"admin","email":"maria.ceballos@davinci.edu.ar","username":"mceballos"}
[2025-02-12T23:34:18.266Z] INFO: Información del usuario adjuntada a la solicitud: {"id":"670fcd293f9c5f4310b80da5","role":"admin","email":"maria.ceballos@davinci.edu.ar","username":"mceballos"}
[2025-02-12T23:34:18.443Z] INFO: Información del usuario adjuntada a la solicitud: {"id":"670fcd293f9c5f4310b80da5","role":"admin","email":"maria.ceballos@davinci.edu.ar","username":"mceballos"}
[2025-02-12T23:34:18.608Z] INFO: Información del usuario adjuntada a la solicitud: {"id":"670fcd293f9c5f4310b80da5","role":"admin","email":"maria.ceballos@davinci.edu.ar","username":"mceballos"}
[2025-02-12T23:34:18.772Z] INFO: Información del usuario adjuntada a la solicitud: {"id":"670fcd293f9c5f4310b80da5","role":"admin","email":"maria.ceballos@davinci.edu.ar","username":"mceballos"}
[2025-02-12T23:34:18.937Z] INFO: Información del usuario adjuntada a la solicitud: {"id":"670fcd293f9c5f4310b80da5","role":"admin","email":"maria.ceballos@davinci.edu.ar","username":"mceballos"}
[2025-02-12T23:34:19.110Z] INFO: Información del usuario adjuntada a la solicitud: {"id":"670fcd293f9c5f4310b80da5","role":"admin","email":"maria.ceballos@davinci.edu.ar","username":"mceballos"}
[2025-02-12T23:34:19.284Z] INFO: Información del usuario adjuntada a la solicitud: {"id":"670fcd293f9c5f4310b80da5","role":"admin","email":"maria.ceballos@davinci.edu.ar","username":"mceballos"}
[2025-02-12T23:34:19.456Z] INFO: Información del usuario adjuntada a la solicitud: {"id":"670fcd293f9c5f4310b80da5","role":"admin","email":"maria.ceballos@davinci.edu.ar","username":"mceballos"}
[2025-02-13T15:30:31.635Z] INFO: Usuario encontrado: mceballos
[2025-02-13T15:30:31.688Z] INFO: Token generado para usuario: mceballos
[2025-02-13T15:30:31.787Z] INFO: Información del usuario adjuntada a la solicitud: {"id":"670fcd293f9c5f4310b80da5","role":"admin","email":"maria.ceballos@davinci.edu.ar","username":"mceballos"}
[2025-02-13T15:30:31.909Z] INFO: Información del usuario adjuntada a la solicitud: {"id":"670fcd293f9c5f4310b80da5","role":"admin","email":"maria.ceballos@davinci.edu.ar","username":"mceballos"}
[2025-02-13T15:30:33.775Z] INFO: Información del usuario adjuntada a la solicitud: {"id":"670fcd293f9c5f4310b80da5","role":"admin","email":"maria.ceballos@davinci.edu.ar","username":"mceballos"}
[2025-02-13T15:30:33.957Z] INFO: Información del usuario adjuntada a la solicitud: {"id":"670fcd293f9c5f4310b80da5","role":"admin","email":"maria.ceballos@davinci.edu.ar","username":"mceballos"}
[2025-02-13T15:30:34.350Z] INFO: Información del usuario adjuntada a la solicitud: {"id":"670fcd293f9c5f4310b80da5","role":"admin","email":"maria.ceballos@davinci.edu.ar","username":"mceballos"}
[2025-02-13T15:30:34.751Z] INFO: Información del usuario adjuntada a la solicitud: {"id":"670fcd293f9c5f4310b80da5","role":"admin","email":"maria.ceballos@davinci.edu.ar","username":"mceballos"}
[2025-02-13T15:30:34.868Z] INFO: Información del usuario adjuntada a la solicitud: {"id":"670fcd293f9c5f4310b80da5","role":"admin","email":"maria.ceballos@davinci.edu.ar","username":"mceballos"}
[2025-02-13T15:30:34.973Z] INFO: Información del usuario adjuntada a la solicitud: {"id":"670fcd293f9c5f4310b80da5","role":"admin","email":"maria.ceballos@davinci.edu.ar","username":"mceballos"}
[2025-02-13T15:30:35.031Z] INFO: Información del usuario adjuntada a la solicitud: {"id":"670fcd293f9c5f4310b80da5","role":"admin","email":"maria.ceballos@davinci.edu.ar","username":"mceballos"}
[2025-02-13T15:30:35.264Z] INFO: Información del usuario adjuntada a la solicitud: {"id":"670fcd293f9c5f4310b80da5","role":"admin","email":"maria.ceballos@davinci.edu.ar","username":"mceballos"}
[2025-02-13T15:30:35.429Z] INFO: Información del usuario adjuntada a la solicitud: {"id":"670fcd293f9c5f4310b80da5","role":"admin","email":"maria.ceballos@davinci.edu.ar","username":"mceballos"}
[2025-02-13T15:30:35.596Z] INFO: Información del usuario adjuntada a la solicitud: {"id":"670fcd293f9c5f4310b80da5","role":"admin","email":"maria.ceballos@davinci.edu.ar","username":"mceballos"}
[2025-02-13T15:30:35.758Z] INFO: Información del usuario adjuntada a la solicitud: {"id":"670fcd293f9c5f4310b80da5","role":"admin","email":"maria.ceballos@davinci.edu.ar","username":"mceballos"}
[2025-02-13T15:30:35.930Z] INFO: Información del usuario adjuntada a la solicitud: {"id":"670fcd293f9c5f4310b80da5","role":"admin","email":"maria.ceballos@davinci.edu.ar","username":"mceballos"}
[2025-02-13T15:30:36.088Z] INFO: Información del usuario adjuntada a la solicitud: {"id":"670fcd293f9c5f4310b80da5","role":"admin","email":"maria.ceballos@davinci.edu.ar","username":"mceballos"}
[2025-02-13T15:30:36.246Z] INFO: Información del usuario adjuntada a la solicitud: {"id":"670fcd293f9c5f4310b80da5","role":"admin","email":"maria.ceballos@davinci.edu.ar","username":"mceballos"}
[2025-02-13T15:30:36.422Z] INFO: Información del usuario adjuntada a la solicitud: {"id":"670fcd293f9c5f4310b80da5","role":"admin","email":"maria.ceballos@davinci.edu.ar","username":"mceballos"}
[2025-02-13T15:30:36.610Z] INFO: Información del usuario adjuntada a la solicitud: {"id":"670fcd293f9c5f4310b80da5","role":"admin","email":"maria.ceballos@davinci.edu.ar","username":"mceballos"}
[2025-02-13T15:30:36.774Z] INFO: Información del usuario adjuntada a la solicitud: {"id":"670fcd293f9c5f4310b80da5","role":"admin","email":"maria.ceballos@davinci.edu.ar","username":"mceballos"}
[2025-02-13T15:30:36.939Z] INFO: Información del usuario adjuntada a la solicitud: {"id":"670fcd293f9c5f4310b80da5","role":"admin","email":"maria.ceballos@davinci.edu.ar","username":"mceballos"}
[2025-02-13T15:30:37.141Z] INFO: Información del usuario adjuntada a la solicitud: {"id":"670fcd293f9c5f4310b80da5","role":"admin","email":"maria.ceballos@davinci.edu.ar","username":"mceballos"}
[2025-02-13T15:30:37.309Z] INFO: Información del usuario adjuntada a la solicitud: {"id":"670fcd293f9c5f4310b80da5","role":"admin","email":"maria.ceballos@davinci.edu.ar","username":"mceballos"}
[2025-02-13T15:30:37.470Z] INFO: Información del usuario adjuntada a la solicitud: {"id":"670fcd293f9c5f4310b80da5","role":"admin","email":"maria.ceballos@davinci.edu.ar","username":"mceballos"}
[2025-02-13T15:30:37.627Z] INFO: Información del usuario adjuntada a la solicitud: {"id":"670fcd293f9c5f4310b80da5","role":"admin","email":"maria.ceballos@davinci.edu.ar","username":"mceballos"}
[2025-02-13T15:30:37.783Z] INFO: Información del usuario adjuntada a la solicitud: {"id":"670fcd293f9c5f4310b80da5","role":"admin","email":"maria.ceballos@davinci.edu.ar","username":"mceballos"}
[2025-02-13T15:30:37.939Z] INFO: Información del usuario adjuntada a la solicitud: {"id":"670fcd293f9c5f4310b80da5","role":"admin","email":"maria.ceballos@davinci.edu.ar","username":"mceballos"}
[2025-02-13T15:30:38.127Z] INFO: Información del usuario adjuntada a la solicitud: {"id":"670fcd293f9c5f4310b80da5","role":"admin","email":"maria.ceballos@davinci.edu.ar","username":"mceballos"}
[2025-02-13T15:30:38.187Z] INFO: Información del usuario adjuntada a la solicitud: {"id":"670fcd293f9c5f4310b80da5","role":"admin","email":"maria.ceballos@davinci.edu.ar","username":"mceballos"}
[2025-02-13T15:30:38.307Z] INFO: Información del usuario adjuntada a la solicitud: {"id":"670fcd293f9c5f4310b80da5","role":"admin","email":"maria.ceballos@davinci.edu.ar","username":"mceballos"}
[2025-02-13T15:30:38.378Z] INFO: Información del usuario adjuntada a la solicitud: {"id":"670fcd293f9c5f4310b80da5","role":"admin","email":"maria.ceballos@davinci.edu.ar","username":"mceballos"}
[2025-02-13T15:30:38.541Z] INFO: Información del usuario adjuntada a la solicitud: {"id":"670fcd293f9c5f4310b80da5","role":"admin","email":"maria.ceballos@davinci.edu.ar","username":"mceballos"}
[2025-02-13T15:30:38.714Z] INFO: Información del usuario adjuntada a la solicitud: {"id":"670fcd293f9c5f4310b80da5","role":"admin","email":"maria.ceballos@davinci.edu.ar","username":"mceballos"}
[2025-02-13T15:30:38.872Z] INFO: Información del usuario adjuntada a la solicitud: {"id":"670fcd293f9c5f4310b80da5","role":"admin","email":"maria.ceballos@davinci.edu.ar","username":"mceballos"}
[2025-02-13T15:30:39.029Z] INFO: Información del usuario adjuntada a la solicitud: {"id":"670fcd293f9c5f4310b80da5","role":"admin","email":"maria.ceballos@davinci.edu.ar","username":"mceballos"}
[2025-02-13T15:30:39.190Z] INFO: Información del usuario adjuntada a la solicitud: {"id":"670fcd293f9c5f4310b80da5","role":"admin","email":"maria.ceballos@davinci.edu.ar","username":"mceballos"}
[2025-02-13T15:30:39.345Z] INFO: Información del usuario adjuntada a la solicitud: {"id":"670fcd293f9c5f4310b80da5","role":"admin","email":"maria.ceballos@davinci.edu.ar","username":"mceballos"}
[2025-02-13T15:30:39.506Z] INFO: Información del usuario adjuntada a la solicitud: {"id":"670fcd293f9c5f4310b80da5","role":"admin","email":"maria.ceballos@davinci.edu.ar","username":"mceballos"}
[2025-02-13T15:30:39.677Z] INFO: Información del usuario adjuntada a la solicitud: {"id":"670fcd293f9c5f4310b80da5","role":"admin","email":"maria.ceballos@davinci.edu.ar","username":"mceballos"}
[2025-02-13T15:30:39.838Z] INFO: Información del usuario adjuntada a la solicitud: {"id":"670fcd293f9c5f4310b80da5","role":"admin","email":"maria.ceballos@davinci.edu.ar","username":"mceballos"}
[2025-02-13T15:30:40.008Z] INFO: Información del usuario adjuntada a la solicitud: {"id":"670fcd293f9c5f4310b80da5","role":"admin","email":"maria.ceballos@davinci.edu.ar","username":"mceballos"}
[2025-02-13T15:30:40.164Z] INFO: Información del usuario adjuntada a la solicitud: {"id":"670fcd293f9c5f4310b80da5","role":"admin","email":"maria.ceballos@davinci.edu.ar","username":"mceballos"}
[2025-02-13T15:30:40.334Z] INFO: Información del usuario adjuntada a la solicitud: {"id":"670fcd293f9c5f4310b80da5","role":"admin","email":"maria.ceballos@davinci.edu.ar","username":"mceballos"}
[2025-02-13T15:30:40.492Z] INFO: Información del usuario adjuntada a la solicitud: {"id":"670fcd293f9c5f4310b80da5","role":"admin","email":"maria.ceballos@davinci.edu.ar","username":"mceballos"}
[2025-02-13T15:30:40.651Z] INFO: Información del usuario adjuntada a la solicitud: {"id":"670fcd293f9c5f4310b80da5","role":"admin","email":"maria.ceballos@davinci.edu.ar","username":"mceballos"}
[2025-02-13T15:30:40.834Z] INFO: Información del usuario adjuntada a la solicitud: {"id":"670fcd293f9c5f4310b80da5","role":"admin","email":"maria.ceballos@davinci.edu.ar","username":"mceballos"}
[2025-02-13T15:30:41.004Z] INFO: Información del usuario adjuntada a la solicitud: {"id":"670fcd293f9c5f4310b80da5","role":"admin","email":"maria.ceballos@davinci.edu.ar","username":"mceballos"}
[2025-02-13T15:30:41.269Z] INFO: Información del usuario adjuntada a la solicitud: {"id":"670fcd293f9c5f4310b80da5","role":"admin","email":"maria.ceballos@davinci.edu.ar","username":"mceballos"}
[2025-02-13T15:30:41.847Z] INFO: Información del usuario adjuntada a la solicitud: {"id":"670fcd293f9c5f4310b80da5","role":"admin","email":"maria.ceballos@davinci.edu.ar","username":"mceballos"}
[2025-02-13T15:30:42.010Z] INFO: Información del usuario adjuntada a la solicitud: {"id":"670fcd293f9c5f4310b80da5","role":"admin","email":"maria.ceballos@davinci.edu.ar","username":"mceballos"}
[2025-02-13T15:30:42.172Z] INFO: Información del usuario adjuntada a la solicitud: {"id":"670fcd293f9c5f4310b80da5","role":"admin","email":"maria.ceballos@davinci.edu.ar","username":"mceballos"}
[2025-02-13T15:30:42.327Z] INFO: Información del usuario adjuntada a la solicitud: {"id":"670fcd293f9c5f4310b80da5","role":"admin","email":"maria.ceballos@davinci.edu.ar","username":"mceballos"}
[2025-02-13T15:30:42.503Z] INFO: Información del usuario adjuntada a la solicitud: {"id":"670fcd293f9c5f4310b80da5","role":"admin","email":"maria.ceballos@davinci.edu.ar","username":"mceballos"}
[2025-02-13T15:30:42.708Z] INFO: Información del usuario adjuntada a la solicitud: {"id":"670fcd293f9c5f4310b80da5","role":"admin","email":"maria.ceballos@davinci.edu.ar","username":"mceballos"}
[2025-02-13T15:30:43.117Z] INFO: Información del usuario adjuntada a la solicitud: {"id":"670fcd293f9c5f4310b80da5","role":"admin","email":"maria.ceballos@davinci.edu.ar","username":"mceballos"}
[2025-02-13T15:30:43.314Z] INFO: Información del usuario adjuntada a la solicitud: {"id":"670fcd293f9c5f4310b80da5","role":"admin","email":"maria.ceballos@davinci.edu.ar","username":"mceballos"}
[2025-02-13T15:30:43.328Z] INFO: Información del usuario adjuntada a la solicitud: {"id":"670fcd293f9c5f4310b80da5","role":"admin","email":"maria.ceballos@davinci.edu.ar","username":"mceballos"}
[2025-02-13T15:30:43.329Z] INFO: Información del usuario adjuntada a la solicitud: {"id":"670fcd293f9c5f4310b80da5","role":"admin","email":"maria.ceballos@davinci.edu.ar","username":"mceballos"}
[2025-02-13T15:30:43.465Z] INFO: Información del usuario adjuntada a la solicitud: {"id":"670fcd293f9c5f4310b80da5","role":"admin","email":"maria.ceballos@davinci.edu.ar","username":"mceballos"}
[2025-02-13T15:30:43.528Z] INFO: Información del usuario adjuntada a la solicitud: {"id":"670fcd293f9c5f4310b80da5","role":"admin","email":"maria.ceballos@davinci.edu.ar","username":"mceballos"}
[2025-02-13T15:30:43.529Z] INFO: Información del usuario adjuntada a la solicitud: {"id":"670fcd293f9c5f4310b80da5","role":"admin","email":"maria.ceballos@davinci.edu.ar","username":"mceballos"}
[2025-02-13T15:30:45.738Z] INFO: Información del usuario adjuntada a la solicitud: {"id":"670fcd293f9c5f4310b80da5","role":"admin","email":"maria.ceballos@davinci.edu.ar","username":"mceballos"}
[2025-02-13T15:30:45.842Z] INFO: Información del usuario adjuntada a la solicitud: {"id":"670fcd293f9c5f4310b80da5","role":"admin","email":"maria.ceballos@davinci.edu.ar","username":"mceballos"}
[2025-02-13T15:30:47.033Z] INFO: Información del usuario adjuntada a la solicitud: {"id":"670fcd293f9c5f4310b80da5","role":"admin","email":"maria.ceballos@davinci.edu.ar","username":"mceballos"}
[2025-02-13T15:30:47.199Z] INFO: Información del usuario adjuntada a la solicitud: {"id":"670fcd293f9c5f4310b80da5","role":"admin","email":"maria.ceballos@davinci.edu.ar","username":"mceballos"}
[2025-02-13T15:30:47.236Z] INFO: Información del usuario adjuntada a la solicitud: {"id":"670fcd293f9c5f4310b80da5","role":"admin","email":"maria.ceballos@davinci.edu.ar","username":"mceballos"}
[2025-02-13T15:30:47.443Z] INFO: Información del usuario adjuntada a la solicitud: {"id":"670fcd293f9c5f4310b80da5","role":"admin","email":"maria.ceballos@davinci.edu.ar","username":"mceballos"}
[2025-02-13T15:30:47.471Z] INFO: Información del usuario adjuntada a la solicitud: {"id":"670fcd293f9c5f4310b80da5","role":"admin","email":"maria.ceballos@davinci.edu.ar","username":"mceballos"}
[2025-02-13T15:30:47.599Z] INFO: Información del usuario adjuntada a la solicitud: {"id":"670fcd293f9c5f4310b80da5","role":"admin","email":"maria.ceballos@davinci.edu.ar","username":"mceballos"}
[2025-02-13T15:30:47.638Z] INFO: Información del usuario adjuntada a la solicitud: {"id":"670fcd293f9c5f4310b80da5","role":"admin","email":"maria.ceballos@davinci.edu.ar","username":"mceballos"}
[2025-02-13T15:30:47.800Z] INFO: Información del usuario adjuntada a la solicitud: {"id":"670fcd293f9c5f4310b80da5","role":"admin","email":"maria.ceballos@davinci.edu.ar","username":"mceballos"}
[2025-02-13T15:30:47.956Z] INFO: Información del usuario adjuntada a la solicitud: {"id":"670fcd293f9c5f4310b80da5","role":"admin","email":"maria.ceballos@davinci.edu.ar","username":"mceballos"}
[2025-02-13T15:30:48.121Z] INFO: Información del usuario adjuntada a la solicitud: {"id":"670fcd293f9c5f4310b80da5","role":"admin","email":"maria.ceballos@davinci.edu.ar","username":"mceballos"}
[2025-02-13T15:30:48.293Z] INFO: Información del usuario adjuntada a la solicitud: {"id":"670fcd293f9c5f4310b80da5","role":"admin","email":"maria.ceballos@davinci.edu.ar","username":"mceballos"}
[2025-02-13T15:30:48.466Z] INFO: Información del usuario adjuntada a la solicitud: {"id":"670fcd293f9c5f4310b80da5","role":"admin","email":"maria.ceballos@davinci.edu.ar","username":"mceballos"}
[2025-02-13T15:30:48.622Z] INFO: Información del usuario adjuntada a la solicitud: {"id":"670fcd293f9c5f4310b80da5","role":"admin","email":"maria.ceballos@davinci.edu.ar","username":"mceballos"}
[2025-02-13T15:30:48.778Z] INFO: Información del usuario adjuntada a la solicitud: {"id":"670fcd293f9c5f4310b80da5","role":"admin","email":"maria.ceballos@davinci.edu.ar","username":"mceballos"}
[2025-02-13T15:30:48.936Z] INFO: Información del usuario adjuntada a la solicitud: {"id":"670fcd293f9c5f4310b80da5","role":"admin","email":"maria.ceballos@davinci.edu.ar","username":"mceballos"}
[2025-02-13T15:30:49.095Z] INFO: Información del usuario adjuntada a la solicitud: {"id":"670fcd293f9c5f4310b80da5","role":"admin","email":"maria.ceballos@davinci.edu.ar","username":"mceballos"}
[2025-02-13T15:30:49.260Z] INFO: Información del usuario adjuntada a la solicitud: {"id":"670fcd293f9c5f4310b80da5","role":"admin","email":"maria.ceballos@davinci.edu.ar","username":"mceballos"}
[2025-02-13T15:30:49.426Z] INFO: Información del usuario adjuntada a la solicitud: {"id":"670fcd293f9c5f4310b80da5","role":"admin","email":"maria.ceballos@davinci.edu.ar","username":"mceballos"}
[2025-02-13T15:30:49.584Z] INFO: Información del usuario adjuntada a la solicitud: {"id":"670fcd293f9c5f4310b80da5","role":"admin","email":"maria.ceballos@davinci.edu.ar","username":"mceballos"}
[2025-02-13T15:30:49.744Z] INFO: Información del usuario adjuntada a la solicitud: {"id":"670fcd293f9c5f4310b80da5","role":"admin","email":"maria.ceballos@davinci.edu.ar","username":"mceballos"}
[2025-02-13T15:30:49.907Z] INFO: Información del usuario adjuntada a la solicitud: {"id":"670fcd293f9c5f4310b80da5","role":"admin","email":"maria.ceballos@davinci.edu.ar","username":"mceballos"}
[2025-02-13T15:30:50.070Z] INFO: Información del usuario adjuntada a la solicitud: {"id":"670fcd293f9c5f4310b80da5","role":"admin","email":"maria.ceballos@davinci.edu.ar","username":"mceballos"}
[2025-02-13T15:30:50.291Z] INFO: Información del usuario adjuntada a la solicitud: {"id":"670fcd293f9c5f4310b80da5","role":"admin","email":"maria.ceballos@davinci.edu.ar","username":"mceballos"}
[2025-02-13T15:30:50.445Z] INFO: Información del usuario adjuntada a la solicitud: {"id":"670fcd293f9c5f4310b80da5","role":"admin","email":"maria.ceballos@davinci.edu.ar","username":"mceballos"}
[2025-02-13T15:30:50.607Z] INFO: Información del usuario adjuntada a la solicitud: {"id":"670fcd293f9c5f4310b80da5","role":"admin","email":"maria.ceballos@davinci.edu.ar","username":"mceballos"}
[2025-02-13T15:30:50.765Z] INFO: Información del usuario adjuntada a la solicitud: {"id":"670fcd293f9c5f4310b80da5","role":"admin","email":"maria.ceballos@davinci.edu.ar","username":"mceballos"}
[2025-02-13T15:30:50.812Z] INFO: Información del usuario adjuntada a la solicitud: {"id":"670fcd293f9c5f4310b80da5","role":"admin","email":"maria.ceballos@davinci.edu.ar","username":"mceballos"}
[2025-02-13T15:30:50.813Z] INFO: Intento de acceso con rol: admin
[2025-02-13T15:30:50.927Z] INFO: Información del usuario adjuntada a la solicitud: {"id":"670fcd293f9c5f4310b80da5","role":"admin","email":"maria.ceballos@davinci.edu.ar","username":"mceballos"}
[2025-02-13T15:30:50.977Z] INFO: Información del usuario adjuntada a la solicitud: {"id":"670fcd293f9c5f4310b80da5","role":"admin","email":"maria.ceballos@davinci.edu.ar","username":"mceballos"}
[2025-02-13T15:30:50.978Z] INFO: Intento de acceso con rol: admin
[2025-02-13T15:30:51.088Z] INFO: Información del usuario adjuntada a la solicitud: {"id":"670fcd293f9c5f4310b80da5","role":"admin","email":"maria.ceballos@davinci.edu.ar","username":"mceballos"}
[2025-02-13T15:30:51.248Z] INFO: Información del usuario adjuntada a la solicitud: {"id":"670fcd293f9c5f4310b80da5","role":"admin","email":"maria.ceballos@davinci.edu.ar","username":"mceballos"}
[2025-02-13T15:30:51.412Z] INFO: Información del usuario adjuntada a la solicitud: {"id":"670fcd293f9c5f4310b80da5","role":"admin","email":"maria.ceballos@davinci.edu.ar","username":"mceballos"}
[2025-02-13T15:30:51.575Z] INFO: Información del usuario adjuntada a la solicitud: {"id":"670fcd293f9c5f4310b80da5","role":"admin","email":"maria.ceballos@davinci.edu.ar","username":"mceballos"}
[2025-02-13T15:30:51.680Z] INFO: Información del usuario adjuntada a la solicitud: {"id":"670fcd293f9c5f4310b80da5","role":"admin","email":"maria.ceballos@davinci.edu.ar","username":"mceballos"}
[2025-02-13T15:30:51.680Z] INFO: Intento de acceso con rol: admin
[2025-02-13T15:30:51.743Z] INFO: Información del usuario adjuntada a la solicitud: {"id":"670fcd293f9c5f4310b80da5","role":"admin","email":"maria.ceballos@davinci.edu.ar","username":"mceballos"}
[2025-02-13T15:30:51.959Z] INFO: Información del usuario adjuntada a la solicitud: {"id":"670fcd293f9c5f4310b80da5","role":"admin","email":"maria.ceballos@davinci.edu.ar","username":"mceballos"}
[2025-02-13T15:30:52.120Z] INFO: Información del usuario adjuntada a la solicitud: {"id":"670fcd293f9c5f4310b80da5","role":"admin","email":"maria.ceballos@davinci.edu.ar","username":"mceballos"}
[2025-02-13T15:30:52.245Z] INFO: Información del usuario adjuntada a la solicitud: {"id":"670fcd293f9c5f4310b80da5","role":"admin","email":"maria.ceballos@davinci.edu.ar","username":"mceballos"}
[2025-02-13T15:30:52.245Z] INFO: Intento de acceso con rol: admin
[2025-02-13T15:30:52.289Z] INFO: Información del usuario adjuntada a la solicitud: {"id":"670fcd293f9c5f4310b80da5","role":"admin","email":"maria.ceballos@davinci.edu.ar","username":"mceballos"}
[2025-02-13T15:30:52.464Z] INFO: Información del usuario adjuntada a la solicitud: {"id":"670fcd293f9c5f4310b80da5","role":"admin","email":"maria.ceballos@davinci.edu.ar","username":"mceballos"}
[2025-02-13T15:30:52.642Z] INFO: Información del usuario adjuntada a la solicitud: {"id":"670fcd293f9c5f4310b80da5","role":"admin","email":"maria.ceballos@davinci.edu.ar","username":"mceballos"}
[2025-02-13T15:30:52.751Z] INFO: Información del usuario adjuntada a la solicitud: {"id":"670fcd293f9c5f4310b80da5","role":"admin","email":"maria.ceballos@davinci.edu.ar","username":"mceballos"}
[2025-02-13T15:30:53.390Z] INFO: Información del usuario adjuntada a la solicitud: {"id":"670fcd293f9c5f4310b80da5","role":"admin","email":"maria.ceballos@davinci.edu.ar","username":"mceballos"}
[2025-02-13T15:30:53.390Z] INFO: Intento de acceso con rol: admin
[2025-02-13T15:30:53.649Z] INFO: Información del usuario adjuntada a la solicitud: {"id":"670fcd293f9c5f4310b80da5","role":"admin","email":"maria.ceballos@davinci.edu.ar","username":"mceballos"}
[2025-02-13T15:30:53.650Z] INFO: Intento de acceso con rol: admin
[2025-02-13T15:30:53.651Z] INFO: Información del usuario adjuntada a la solicitud: {"id":"670fcd293f9c5f4310b80da5","role":"admin","email":"maria.ceballos@davinci.edu.ar","username":"mceballos"}
[2025-02-13T15:30:53.651Z] INFO: Intento de acceso con rol: admin
[2025-02-13T15:30:53.756Z] INFO: Información del usuario adjuntada a la solicitud: {"id":"670fcd293f9c5f4310b80da5","role":"admin","email":"maria.ceballos@davinci.edu.ar","username":"mceballos"}
[2025-02-13T15:30:53.757Z] INFO: Intento de acceso con rol: admin
[2025-02-13T15:30:53.905Z] INFO: Información del usuario adjuntada a la solicitud: {"id":"670fcd293f9c5f4310b80da5","role":"admin","email":"maria.ceballos@davinci.edu.ar","username":"mceballos"}
[2025-02-13T15:30:53.906Z] INFO: Intento de acceso con rol: admin
[2025-02-13T15:30:53.946Z] INFO: Información del usuario adjuntada a la solicitud: {"id":"670fcd293f9c5f4310b80da5","role":"admin","email":"maria.ceballos@davinci.edu.ar","username":"mceballos"}
[2025-02-13T15:30:53.946Z] INFO: Intento de acceso con rol: admin
[2025-02-13T15:30:53.955Z] INFO: Información del usuario adjuntada a la solicitud: {"id":"670fcd293f9c5f4310b80da5","role":"admin","email":"maria.ceballos@davinci.edu.ar","username":"mceballos"}
[2025-02-13T15:30:53.955Z] INFO: Intento de acceso con rol: admin
[2025-02-13T15:30:54.005Z] INFO: Información del usuario adjuntada a la solicitud: {"id":"670fcd293f9c5f4310b80da5","role":"admin","email":"maria.ceballos@davinci.edu.ar","username":"mceballos"}
[2025-02-13T15:30:54.005Z] INFO: Intento de acceso con rol: admin
[2025-02-13T15:30:54.059Z] INFO: Información del usuario adjuntada a la solicitud: {"id":"670fcd293f9c5f4310b80da5","role":"admin","email":"maria.ceballos@davinci.edu.ar","username":"mceballos"}
[2025-02-13T15:30:54.060Z] INFO: Intento de acceso con rol: admin
[2025-02-13T15:30:54.063Z] INFO: Información del usuario adjuntada a la solicitud: {"id":"670fcd293f9c5f4310b80da5","role":"admin","email":"maria.ceballos@davinci.edu.ar","username":"mceballos"}
[2025-02-13T15:30:54.063Z] INFO: Intento de acceso con rol: admin
[2025-02-13T15:30:54.098Z] INFO: Información del usuario adjuntada a la solicitud: {"id":"670fcd293f9c5f4310b80da5","role":"admin","email":"maria.ceballos@davinci.edu.ar","username":"mceballos"}
[2025-02-13T15:30:54.098Z] INFO: Intento de acceso con rol: admin
[2025-02-13T15:30:54.178Z] INFO: Información del usuario adjuntada a la solicitud: {"id":"670fcd293f9c5f4310b80da5","role":"admin","email":"maria.ceballos@davinci.edu.ar","username":"mceballos"}
[2025-02-13T15:30:54.179Z] INFO: Intento de acceso con rol: admin
[2025-02-13T15:30:58.189Z] INFO: Información del usuario adjuntada a la solicitud: {"id":"670fcd293f9c5f4310b80da5","role":"admin","email":"maria.ceballos@davinci.edu.ar","username":"mceballos"}
[2025-02-13T15:30:58.189Z] INFO: Intento de acceso con rol: admin
[2025-02-13T15:30:58.352Z] INFO: Información del usuario adjuntada a la solicitud: {"id":"670fcd293f9c5f4310b80da5","role":"admin","email":"maria.ceballos@davinci.edu.ar","username":"mceballos"}
[2025-02-13T15:30:58.352Z] INFO: Intento de acceso con rol: admin
[2025-02-13T15:30:59.799Z] INFO: Información del usuario adjuntada a la solicitud: {"id":"670fcd293f9c5f4310b80da5","role":"admin","email":"maria.ceballos@davinci.edu.ar","username":"mceballos"}
[2025-02-13T15:30:59.972Z] INFO: Información del usuario adjuntada a la solicitud: {"id":"670fcd293f9c5f4310b80da5","role":"admin","email":"maria.ceballos@davinci.edu.ar","username":"mceballos"}
[2025-02-13T15:31:00.005Z] INFO: Información del usuario adjuntada a la solicitud: {"id":"670fcd293f9c5f4310b80da5","role":"admin","email":"maria.ceballos@davinci.edu.ar","username":"mceballos"}
[2025-02-13T15:31:00.202Z] INFO: Información del usuario adjuntada a la solicitud: {"id":"670fcd293f9c5f4310b80da5","role":"admin","email":"maria.ceballos@davinci.edu.ar","username":"mceballos"}
[2025-02-13T15:31:00.233Z] INFO: Información del usuario adjuntada a la solicitud: {"id":"670fcd293f9c5f4310b80da5","role":"admin","email":"maria.ceballos@davinci.edu.ar","username":"mceballos"}
[2025-02-13T15:31:00.384Z] INFO: Información del usuario adjuntada a la solicitud: {"id":"670fcd293f9c5f4310b80da5","role":"admin","email":"maria.ceballos@davinci.edu.ar","username":"mceballos"}
[2025-02-13T15:31:00.408Z] INFO: Información del usuario adjuntada a la solicitud: {"id":"670fcd293f9c5f4310b80da5","role":"admin","email":"maria.ceballos@davinci.edu.ar","username":"mceballos"}
[2025-02-13T15:31:00.571Z] INFO: Información del usuario adjuntada a la solicitud: {"id":"670fcd293f9c5f4310b80da5","role":"admin","email":"maria.ceballos@davinci.edu.ar","username":"mceballos"}
[2025-02-13T15:31:00.735Z] INFO: Información del usuario adjuntada a la solicitud: {"id":"670fcd293f9c5f4310b80da5","role":"admin","email":"maria.ceballos@davinci.edu.ar","username":"mceballos"}
[2025-02-13T15:31:00.907Z] INFO: Información del usuario adjuntada a la solicitud: {"id":"670fcd293f9c5f4310b80da5","role":"admin","email":"maria.ceballos@davinci.edu.ar","username":"mceballos"}
[2025-02-13T15:31:01.091Z] INFO: Información del usuario adjuntada a la solicitud: {"id":"670fcd293f9c5f4310b80da5","role":"admin","email":"maria.ceballos@davinci.edu.ar","username":"mceballos"}
[2025-02-13T15:31:01.255Z] INFO: Información del usuario adjuntada a la solicitud: {"id":"670fcd293f9c5f4310b80da5","role":"admin","email":"maria.ceballos@davinci.edu.ar","username":"mceballos"}
[2025-02-13T15:31:01.410Z] INFO: Información del usuario adjuntada a la solicitud: {"id":"670fcd293f9c5f4310b80da5","role":"admin","email":"maria.ceballos@davinci.edu.ar","username":"mceballos"}
[2025-02-13T15:31:01.568Z] INFO: Información del usuario adjuntada a la solicitud: {"id":"670fcd293f9c5f4310b80da5","role":"admin","email":"maria.ceballos@davinci.edu.ar","username":"mceballos"}
[2025-02-13T15:31:01.719Z] INFO: Información del usuario adjuntada a la solicitud: {"id":"670fcd293f9c5f4310b80da5","role":"admin","email":"maria.ceballos@davinci.edu.ar","username":"mceballos"}
[2025-02-13T15:31:01.873Z] INFO: Información del usuario adjuntada a la solicitud: {"id":"670fcd293f9c5f4310b80da5","role":"admin","email":"maria.ceballos@davinci.edu.ar","username":"mceballos"}
[2025-02-13T15:31:02.033Z] INFO: Información del usuario adjuntada a la solicitud: {"id":"670fcd293f9c5f4310b80da5","role":"admin","email":"maria.ceballos@davinci.edu.ar","username":"mceballos"}
[2025-02-13T15:31:02.201Z] INFO: Información del usuario adjuntada a la solicitud: {"id":"670fcd293f9c5f4310b80da5","role":"admin","email":"maria.ceballos@davinci.edu.ar","username":"mceballos"}
[2025-02-13T15:31:02.353Z] INFO: Información del usuario adjuntada a la solicitud: {"id":"670fcd293f9c5f4310b80da5","role":"admin","email":"maria.ceballos@davinci.edu.ar","username":"mceballos"}
[2025-02-13T15:31:02.514Z] INFO: Información del usuario adjuntada a la solicitud: {"id":"670fcd293f9c5f4310b80da5","role":"admin","email":"maria.ceballos@davinci.edu.ar","username":"mceballos"}
[2025-02-13T15:31:02.676Z] INFO: Información del usuario adjuntada a la solicitud: {"id":"670fcd293f9c5f4310b80da5","role":"admin","email":"maria.ceballos@davinci.edu.ar","username":"mceballos"}
[2025-02-13T15:31:24.473Z] INFO: Información del usuario adjuntada a la solicitud: {"id":"670fcd293f9c5f4310b80da5","role":"admin","email":"maria.ceballos@davinci.edu.ar","username":"mceballos"}
[2025-02-13T15:31:24.475Z] INFO: Información del usuario adjuntada a la solicitud: {"id":"670fcd293f9c5f4310b80da5","role":"admin","email":"maria.ceballos@davinci.edu.ar","username":"mceballos"}
[2025-02-13T15:31:38.107Z] INFO: Información del usuario adjuntada a la solicitud: {"id":"670fcd293f9c5f4310b80da5","role":"admin","email":"maria.ceballos@davinci.edu.ar","username":"mceballos"}
[2025-02-13T15:31:38.224Z] INFO: Información del usuario adjuntada a la solicitud: {"id":"670fcd293f9c5f4310b80da5","role":"admin","email":"maria.ceballos@davinci.edu.ar","username":"mceballos"}
[2025-02-13T15:31:38.326Z] INFO: Información del usuario adjuntada a la solicitud: {"id":"670fcd293f9c5f4310b80da5","role":"admin","email":"maria.ceballos@davinci.edu.ar","username":"mceballos"}
[2025-02-13T15:31:38.429Z] INFO: Información del usuario adjuntada a la solicitud: {"id":"670fcd293f9c5f4310b80da5","role":"admin","email":"maria.ceballos@davinci.edu.ar","username":"mceballos"}
